CREATE DATABASE  IF NOT EXISTS `KATE` /*!40100 DEFAULT CHARACTER SET utf8 */;
USE `KATE`;
-- MySQL dump 10.13  Distrib 5.6.23, for Win64 (x86_64)
--
-- Host: 151.98.52.73    Database: KATE
-- ------------------------------------------------------
-- Server version	5.6.25

/*!40101 SET @OLD_CHARACTER_SET_CLIENT=@@CHARACTER_SET_CLIENT */;
/*!40101 SET @OLD_CHARACTER_SET_RESULTS=@@CHARACTER_SET_RESULTS */;
/*!40101 SET @OLD_COLLATION_CONNECTION=@@COLLATION_CONNECTION */;
/*!40101 SET NAMES utf8 */;
/*!40103 SET @OLD_TIME_ZONE=@@TIME_ZONE */;
/*!40103 SET TIME_ZONE='+00:00' */;
/*!40014 SET @OLD_UNIQUE_CHECKS=@@UNIQUE_CHECKS, UNIQUE_CHECKS=0 */;
/*!40014 SET @OLD_FOREIGN_KEY_CHECKS=@@FOREIGN_KEY_CHECKS, FOREIGN_KEY_CHECKS=0 */;
/*!40101 SET @OLD_SQL_MODE=@@SQL_MODE, SQL_MODE='NO_AUTO_VALUE_ON_ZERO' */;
/*!40111 SET @OLD_SQL_NOTES=@@SQL_NOTES, SQL_NOTES=0 */;

--
-- Table structure for table `T_AREA`
--

DROP TABLE IF EXISTS `T_AREA`;
/*!40101 SET @saved_cs_client     = @@character_set_client */;
/*!40101 SET character_set_client = utf8 */;
CREATE TABLE `T_AREA` (
  `id_area` int(11) NOT NULL AUTO_INCREMENT,
  `area_name` varchar(45) DEFAULT NULL,
  PRIMARY KEY (`id_area`),
  UNIQUE KEY `id_area_UNIQUE` (`id_area`),
  UNIQUE KEY `area_name_UNIQUE` (`area_name`)
) ENGINE=InnoDB AUTO_INCREMENT=11 DEFAULT CHARSET=utf8;
/*!40101 SET character_set_client = @saved_cs_client */;

--
-- Dumping data for table `T_AREA`
--

LOCK TABLES `T_AREA` WRITE;
/*!40000 ALTER TABLE `T_AREA` DISABLE KEYS */;
INSERT INTO `T_AREA` VALUES (8,'DATAQOS'),(10,'EM'),(9,'PROVIDER'),(6,'TMPLS');
/*!40000 ALTER TABLE `T_AREA` ENABLE KEYS */;
UNLOCK TABLES;

--
-- Table structure for table `T_BOARDS`
--

DROP TABLE IF EXISTS `T_BOARDS`;
/*!40101 SET @saved_cs_client     = @@character_set_client */;
/*!40101 SET character_set_client = utf8 */;
CREATE TABLE `T_BOARDS` (
  `id_board` int(11) NOT NULL AUTO_INCREMENT,
  `T_BOARD_TYPE_id_board_type` int(11) NOT NULL,
  `T_EQUIPMENT_id_equipment` int(11) DEFAULT NULL,
  `slot` int(11) DEFAULT NULL,
  `note` varchar(255) DEFAULT NULL,
  `remote_inventory` varchar(512) DEFAULT NULL,
  `last_update` timestamp NOT NULL DEFAULT CURRENT_TIMESTAMP,
  PRIMARY KEY (`id_board`),
  UNIQUE KEY `id_board_UNIQUE` (`id_board`),
  KEY `fk_T_BOARDS_T_EQUIPMENT1_idx` (`T_EQUIPMENT_id_equipment`),
  KEY `fk_T_BOARDS_T_BOARD_TYPE1_idx` (`T_BOARD_TYPE_id_board_type`),
  CONSTRAINT `fk_T_BOARDS_T_BOARD_TYPE1` FOREIGN KEY (`T_BOARD_TYPE_id_board_type`) REFERENCES `T_BOARD_TYPE` (`id_board_type`) ON DELETE NO ACTION ON UPDATE NO ACTION,
  CONSTRAINT `fk_T_BOARDS_T_EQUIPMENT1` FOREIGN KEY (`T_EQUIPMENT_id_equipment`) REFERENCES `T_EQUIPMENT` (`id_equipment`) ON DELETE NO ACTION ON UPDATE NO ACTION
) ENGINE=InnoDB AUTO_INCREMENT=406 DEFAULT CHARSET=utf8;
/*!40101 SET character_set_client = @saved_cs_client */;

--
-- Dumping data for table `T_BOARDS`
--

LOCK TABLES `T_BOARDS` WRITE;
/*!40000 ALTER TABLE `T_BOARDS` DISABLE KEYS */;
INSERT INTO `T_BOARDS` VALUES (202,9,112,33,NULL,'3232414954413450324735534F204E4749374144414D414133414C39323131324141414130312020202020202020202020202020434C2020434C3036313639303239372020202020303030363035313920202020202020202020202020202020202020202020202020202020202020202020202020202020202020202020E9D0','2015-12-03 10:34:33'),(203,10,112,12,NULL,'3232414954413850534F202020204E4749374144424D414133414C39323131334141414130312020202020202020202020202020434C2020434C3036313239343135372020202020303030363033323420202020202020202020202020202020202020202020202020202020202020202020202020202020202020202020EA23','2015-12-03 10:34:33'),(204,16,112,10,NULL,'3232414954414D54313630482020202020202020202020203844473837353737414141412020202020202020202020202020202056494D2042553132303333303034382020202020202032333031313250726F746F20233136205732204D6574616C46697820202020202020202020202020202020202020202020202020E772','2015-12-03 10:34:33'),(205,16,112,11,NULL,'3232414954414D543136304820204E47433541584B46414138444738373634344141414130312D2D2D2D2D2D2D2D2D2D2D2D2D2D434C2020434C313330383930373035202020202030303133303330312D2D2D2D2D2D2D2D2D2D2D2D2D2D2D2D2D2D2D2D2D2D2D2D2D2D2D2D2D2D2D2D2D2D2D2D2D2D2D2D2D2D2D2D2D2DE6EC','2015-12-03 10:34:33'),(206,23,112,20,NULL,'3232414954414D584543313630484E47433541584B46414138444738373537384141414330312D2D2D2D2D2D2D2D2D2D2D2D2D2D434C2020434C313330383930373035202020202030303133303330312D2D2D2D2D2D2D2D2D2D2D2D2D2D2D2D2D2D2D2D2D2D2D2D2D2D2D2D2D2D2D2D2D2D2D2D2D2D2D2D2D2D2D2D2D2DE698','2015-12-03 10:34:33'),(207,23,112,1,NULL,'FFFFFFFFFFFF4D58454331363048FFFFFFFFFFFFFFFFFFFFFFFFFFFFFFFFFFFFFFFFFFFFFFFFFFFFFFFFFFFFFFFFFFFFFFFFFFFFFFFFFFFFFFFFFFFFFFFFFFFFFFFFFFFFFFFFFFFFFFFFFFFFFFFFFFFFFFFFFFFFFFFFFFFFFFFFFFFFFFFFFFFFFFFFFFFFFFFFFFFFFFFFFFFFFFFFFFFFFFFFFFFFFFFFFFFFFFFFFFFFFFFF886A','2015-12-03 10:34:33'),(208,1,116,18,NULL,'32324149544131305831474550504E47433541464B46414138444730383035314141414130312D2D2D2D2D2D2D2D2D2D2D2D2D2D434C2020434C303832393930333933202020202030303038303930392D2D2D2D2D2D2D2D2D2D2D2D2D2D2D2D2D2D2D2D2D2D2D2D2D2D2D2D2D2D2D2D2D2D2D2D2D2D2D2D2D2D2D2D2D2DE69B','2015-12-03 10:37:44'),(209,6,116,7,NULL,'32324149544131504F54553220204E47493741465A4D4141384447303739353541414141303120202020202020202020202020204255202042553037323033303131342020202020303030373035313720202020202020202020202020202020202020202020202020202020202020202020202020202020202020202020E9B7','2015-12-03 10:37:44'),(210,9,116,26,NULL,'3232414954413450324735534F204E4749374144414D414133414C39323131324141414130312020202020202020202020202020434C2020434C3036313639303235312020202020303030363035323020202020202020202020202020202020202020202020202020202020202020202020202020202020202020202020E9E2','2015-12-03 10:37:44'),(211,11,116,1,NULL,'32324149544145433332302020204E47433541473246414133414C39323131304141414430362D2D2D2D2D2D2D2D2D2D2D2D2D2D434C2020434C303730383932333536202020202030303039303432382D2D2D2D2D2D2D2D2D2D2D2D2D2D2D2D2D2D2D2D2D2D2D2D2D2D2D2D2D2D2D2D2D2D2D2D2D2D2D2D2D2D2D2D2D2DE74E','2015-12-03 10:37:44'),(212,15,116,16,NULL,'3232414954414D535050202020204E47433541464846414138444730383232364141414130312D2D2D2D2D2D2D2D2D2D2D2D2D2D434C2020434C303832303930343034202020202030303039303430332D2D2D2D2D2D2D2D2D2D2D2D2D2D2D2D2D2D2D2D2D2D2D2D2D2D2D2D2D2D2D2D2D2D2D2D2D2D2D2D2D2D2D2D2D2DE70A','2015-12-03 10:37:44'),(213,18,116,11,NULL,'3232414954414D543136304E20204E47433541475A46414133414C39323130384145414130322D2D2D2D2D2D2D2D2D2D2D2D2D2D434C2020434C303934333930333230202020202030303039313131362D2D2D2D2D2D2D2D2D2D2D2D2D2D2D2D2D2D2D2D2D2D2D2D2D2D2D2D2D2D2D2D2D2D2D2D2D2D2D2D2D2D2D2D2D2DE6E8','2015-12-03 10:37:44'),(214,31,116,32,NULL,'33304153484250503147453230454E47493841444342414138444730383738324241414330342D2D2D2D2D2D2D2D2D2D2D2D2D2D5950202059503134303430424636322020202020202030303134303132382D2D2D2D2D2D2D2D2D2D2D2D2D2D2D2D2D2D2D2D2D2D2D2D2D2D2D2D2D2D2D2D2D2D2D2D2D2D2D2D2D2D2D2DE685','2015-12-03 10:37:44'),(215,31,116,15,NULL,'33304153484250503147453230454E47493841444342414138444730383738324241414330342D2D2D2D2D2D2D2D2D2D2D2D2D2D5950202059503134303430424636322020202020202030303134303132382D2D2D2D2D2D2D2D2D2D2D2D2D2D2D2D2D2D2D2D2D2D2D2D2D2D2D2D2D2D2D2D2D2D2D2D2D2D2D2D2D2D2D2DE685','2015-12-03 10:37:44'),(216,33,116,4,NULL,'33304149544150504345475720202D2D2D2D2D2D2D2D2D2D38444730383738354241414430322D2D2D2D2D2D2D2D2D2D2D2D2D2D434C2020434C3133323639303539322020202020202030303134313131302D2D2D2D2D2D2D2D2D2D2D2D2D2D2D2D2D2D2D2D2D2D2D2D2D2D2D2D2D2D2D2D2D2D2D2D2D2D2D2D2D2D2D2DE7B0','2015-12-03 10:37:44'),(217,33,116,5,NULL,'33304149544150504345475720202D2D2D2D2D2D2D2D2D2D38444730383738354241414430322D2D2D2D2D2D2D2D2D2D2D2D2D2D434C2020434C3133323639303539322020202020202030303134313131302D2D2D2D2D2D2D2D2D2D2D2D2D2D2D2D2D2D2D2D2D2D2D2D2D2D2D2D2D2D2D2D2D2D2D2D2D2D2D2D2D2D2D2DE7B0','2015-12-03 10:37:44'),(218,33,116,23,NULL,'33304149544150504345475720202D2D2D2D2D2D2D2D2D2D38444730383738354241414430322D2D2D2D2D2D2D2D2D2D2D2D2D2D434C2020434C3133323639303539322020202020202030303134313131302D2D2D2D2D2D2D2D2D2D2D2D2D2D2D2D2D2D2D2D2D2D2D2D2D2D2D2D2D2D2D2D2D2D2D2D2D2D2D2D2D2D2D2DE7B0','2015-12-03 10:37:44'),(219,33,116,24,NULL,'33304149544150504345475720202D2D2D2D2D2D2D2D2D2D38444730383738354241414430322D2D2D2D2D2D2D2D2D2D2D2D2D2D434C2020434C3133323639303539322020202020202030303134313131302D2D2D2D2D2D2D2D2D2D2D2D2D2D2D2D2D2D2D2D2D2D2D2D2D2D2D2D2D2D2D2D2D2D2D2D2D2D2D2D2D2D2D2DE7B0','2015-12-03 10:37:44'),(220,9,127,25,NULL,'3232414954413450324735534F204E4731374144414D414133414C39323131324141414130312020202020202020202020202020434C2020434C3036313239333338302020202020303030363033333020202020202020202020202020202020202020202020202020202020202020202020202020202020202020202020E9F9','2015-12-03 10:41:24'),(221,9,127,32,NULL,'3232414954413450324735534F204E4749374144414D414133414C39323131324141414230312D2D2D2D2D2D2D2D2D2D2D2D2D2D434C2020434C303634373930383434202020202030303037303130352D2D2D2D2D2D2D2D2D2D2D2D2D2D2D2D2D2D2D2D2D2D2D2D2D2D2D2D2D2D2D2D2D2D2D2D2D2D2D2D2D2D2D2D2D2DE6C9','2015-12-03 10:41:24'),(222,10,127,36,NULL,'3232414954413850534F202020204E4749374144424D414133414C39323131334141414130312020202020202020202020202020434C2020434C3036323339313934372020202020303030363037313520202020202020202020202020202020202020202020202020202020202020202020202020202020202020202020EA19','2015-12-03 10:41:24'),(223,19,127,10,NULL,'3232414954414D543332304820202D2D2D2D2D2D2D2D2D2D38444730393338394141414230312D2D2D2D2D2D2D2D2D2D2D2D2D2D425520204255313232313330303539202020202030303132303532392D2D2D2D2D2D2D2D2D2D2D2D2D2D2D2D2D2D2D2D2D2D2D2D2D2D2D2D2D2D2D2D2D2D2D2D2D2D2D2D2D2D2D2D2D2DE7D3','2015-12-03 10:41:24'),(224,24,127,1,NULL,'3232414954414D584543333230482D2D2D2D2D2D2D2D2D2D38444730393338374141414330312D2D2D2D2D2D2D2D2D2D2D2D2D2D425520204255313232313330303539202020202030303132303532392D2D2D2D2D2D2D2D2D2D2D2D2D2D2D2D2D2D2D2D2D2D2D2D2D2D2D2D2D2D2D2D2D2D2D2D2D2D2D2D2D2D2D2D2D2DE788','2015-12-03 10:41:24'),(225,25,127,3,NULL,'3330414954414D58483630474C4F202020202020202020203844473130323833414141413031202020202020202020202020202020202020425531353430303030303320202020202020202031353130303150726F746F2033202D20646F776E6C6F61642046504741204F4B202020202020202020202020202020202020E6A3','2015-12-03 10:41:24'),(226,25,127,22,NULL,'3330414954414D58483630474C4F202020202020202020203844473130323833414141413031202020202020202020202020202020202020425531353430303030303320202020202020202031353130303150726F746F2033202D20646F776E6C6F61642046504741204F4B202020202020202020202020202020202020E6A3','2015-12-03 10:41:24'),(227,26,127,2,NULL,'33304149544150503130304745314E47493841453942414138444731303033314141414130312D2D2D2D2D2D2D2D2D2D2D2D2D2D455A2020455A3134343741393932342020202020202030303134313231382D2D2D2D2D2D2D2D2D2D2D2D2D2D2D2D2D2D2D2D2D2D2D2D2D2D2D2D2D2D2D2D2D2D2D2D2D2D2D2D2D2D2D2DE6D0','2015-12-03 10:41:24'),(228,26,127,21,NULL,'33304149544150503130304745314E47493841453942414138444731303033314141414130312D2D2D2D2D2D2D2D2D2D2D2D2D2D455A2020455A3134343741393932342020202020202030303134313231382D2D2D2D2D2D2D2D2D2D2D2D2D2D2D2D2D2D2D2D2D2D2D2D2D2D2D2D2D2D2D2D2D2D2D2D2D2D2D2D2D2D2D2DE6D0','2015-12-03 10:41:24'),(229,27,127,33,NULL,'3330464E545350503130474531304E47433541354546414138444730393838384141414130312D2D2D2D2D2D2D2D2D2D2D2D2D2D5254202052543134343030303031372020202020202030303134313032342D2D2D2D2D2D2D2D2D2D2D2D2D2D2D2D2D2D2D2D2D2D2D2D2D2D2D2D2D2D2D2D2D2D2D2D2D2D2D2D2D2D2D2DE6C0','2015-12-03 10:41:24'),(230,27,127,16,NULL,'3330464E545350503130474531304E47433541354546414138444730393838384141414130312D2D2D2D2D2D2D2D2D2D2D2D2D2D5254202052543134343030303031372020202020202030303134313032342D2D2D2D2D2D2D2D2D2D2D2D2D2D2D2D2D2D2D2D2D2D2D2D2D2D2D2D2D2D2D2D2D2D2D2D2D2D2D2D2D2D2D2DE6C0','2015-12-03 10:41:24'),(231,27,127,14,NULL,'FFFFFFFFFFFF5050313047453130FFFFFFFFFFFFFFFFFFFFFFFFFFFFFFFFFFFFFFFFFFFFFFFFFFFFFFFFFFFFFFFFFFFFFFFFFFFFFFFFFFFF50524F544F5449504F203420202020202020FFFFFFFFFFFFFFFFFFFFFFFFFFFFFFFFFFFFFFFFFFFFFFFFFFFFFFFFFFFFFFFFFFFFFFFFFFFFFFFFFFFFFFFFFFFFFFFFFFFFFFFF9672','2015-12-03 10:41:24'),(232,27,127,31,NULL,'FFFFFFFFFFFF5050313047453130FFFFFFFFFFFFFFFFFFFFFFFFFFFFFFFFFFFFFFFFFFFFFFFFFFFFFFFFFFFFFFFFFFFFFFFFFFFFFFFFFFFF50524F544F5449504F203420202020202020FFFFFFFFFFFFFFFFFFFFFFFFFFFFFFFFFFFFFFFFFFFFFFFFFFFFFFFFFFFFFFFFFFFFFFFFFFFFFFFFFFFFFFFFFFFFFFFFFFFFFFFF9672','2015-12-03 10:41:24'),(233,4,128,26,NULL,'3232414954413150313047534F204E4749374143394D414133414C39323131314141414130312020202020202020202020202020434C2020434C3036333139303832342020202020303030363039303820202020202020202020202020202020202020202020202020202020202020202020202020202020202020202020E9E8','2015-12-03 10:45:06'),(234,10,128,25,NULL,'3232414954413850534F202020204E4749374144424D414133414C39323131334141414130312020202020202020202020202020434C2020434C3036323939313631342020202020303030363130303320202020202020202020202020202020202020202020202020202020202020202020202020202020202020202020EA25','2015-12-03 10:45:06'),(235,19,128,10,NULL,'3232414954414D543332304820202D2D2D2D2D2D2D2D2D2D38444730393338394141414230312D2D2D2D2D2D2D2D2D2D2D2D2D2D425520204255313231343330303934202020202030303132303430342D2D2D2D2D2D2D2D2D2D2D2D2D2D2D2D2D2D2D2D2D2D2D2D2D2D2D2D2D2D2D2D2D2D2D2D2D2D2D2D2D2D2D2D2D2DE7DA','2015-12-03 10:45:06'),(236,24,128,1,NULL,'3232414954414D584543333230482D2D2D2D2D2D2D2D2D2D38444730393338374141414230312D2D2D2D2D2D2D2D2D2D2D2D2D2D425520204255313231343330303934202020202030303132303430342D2D2D2D2D2D2D2D2D2D2D2D2D2D2D2D2D2D2D2D2D2D2D2D2D2D2D2D2D2D2D2D2D2D2D2D2D2D2D2D2D2D2D2D2D2DE790','2015-12-03 10:45:06'),(237,26,128,2,NULL,'FFFFFFFFFFFF5050313030474531FFFFFFFFFFFFFFFFFFFFFFFFFFFFFFFFFFFFFFFFFFFFFFFFFFFFFFFFFFFFFFFFFFFFFFFFFFFFFFFFFFFFFFFFFFFFFFFFFFFFFFFFFFFFFFFFFFFFFFFFFFFFFFFFFFFFFFFFFFFFFFFFFFFFFFFFFFFFFFFFFFFFFFFFFFFFFFFFFFFFFFFFFFFFFFFFFFFFFFFFFFFFFFFFFFFFFFFFFFFFFFFF8888','2015-12-03 10:45:06'),(238,26,128,21,NULL,'FFFFFFFFFFFF5050313030474531FFFFFFFFFFFFFFFFFFFFFFFFFFFFFFFFFFFFFFFFFFFFFFFFFFFFFFFFFFFFFFFFFFFFFFFFFFFFFFFFFFFFFFFFFFFFFFFFFFFFFFFFFFFFFFFFFFFFFFFFFFFFFFFFFFFFFFFFFFFFFFFFFFFFFFFFFFFFFFFFFFFFFFFFFFFFFFFFFFFFFFFFFFFFFFFFFFFFFFFFFFFFFFFFFFFFFFFFFFFFFFFF8888','2015-12-03 10:45:06'),(239,27,128,35,NULL,'3330464E545350503130474531304E47433541354546414138444730393838384141414130312D2D2D2D2D2D2D2D2D2D2D2D2D2D5254202052543134343330303234372020202020202030303134313032362D2D2D2D2D2D2D2D2D2D2D2D2D2D2D2D2D2D2D2D2D2D2D2D2D2D2D2D2D2D2D2D2D2D2D2D2D2D2D2D2D2D2D2DE6B6','2015-12-03 10:45:06'),(240,27,128,18,NULL,'3330464E545350503130474531304E47433541354546414138444730393838384141414130312D2D2D2D2D2D2D2D2D2D2D2D2D2D5254202052543134343330303234372020202020202030303134313032362D2D2D2D2D2D2D2D2D2D2D2D2D2D2D2D2D2D2D2D2D2D2D2D2D2D2D2D2D2D2D2D2D2D2D2D2D2D2D2D2D2D2D2DE6B6','2015-12-03 10:45:06'),(241,29,128,4,NULL,'32324149544150503130474558322D2D2D2D2D2D2D2D2D2D38444730383738324141414130312D2D2D2D2D2D2D2D2D2D2D2D2D2D425520204255303030303030303131202020202030303130313031392D2D2D2D2D2D2D2D2D2D2D2D2D2D2D2D2D2D2D2D2D2D2D2D2D2D2D2D2D2D2D2D2D2D2D2D2D2D2D2D2D2D2D2D2D2DE79B','2015-12-03 10:45:06'),(242,29,128,23,NULL,'32324149544150503130474558322D2D2D2D2D2D2D2D2D2D38444730383738324141414130312D2D2D2D2D2D2D2D2D2D2D2D2D2D425520204255303030303030303131202020202030303130313031392D2D2D2D2D2D2D2D2D2D2D2D2D2D2D2D2D2D2D2D2D2D2D2D2D2D2D2D2D2D2D2D2D2D2D2D2D2D2D2D2D2D2D2D2D2DE79B','2015-12-03 10:45:06'),(243,30,128,6,NULL,'32324149544150503135383820202D2D2D2D2D2D2D2D2D2D38444730393331304141414130312D2D2D2D2D2D2D2D2D2D2D2D2D2D425520204255313230383330303331202020202030303132303330322D2D2D2D2D2D2D2D2D2D2D2D2D2D2D2D2D2D2D2D2D2D2D2D2D2D2D2D2D2D2D2D2D2D2D2D2D2D2D2D2D2D2D2D2D2DE7FC','2015-12-03 10:45:06'),(244,1,134,19,NULL,'32324149544131305831474550504E47433541464B46414138444730383035314141414130312D2D2D2D2D2D2D2D2D2D2D2D2D2D434C2020434C303832303930323433202020202030303038303532382D2D2D2D2D2D2D2D2D2D2D2D2D2D2D2D2D2D2D2D2D2D2D2D2D2D2D2D2D2D2D2D2D2D2D2D2D2D2D2D2D2D2D2D2D2DE6AD','2015-12-03 10:48:10'),(245,1,134,17,NULL,'32324149544131305831474550504E47433541464B46414138444730383035314141414130312D2D2D2D2D2D2D2D2D2D2D2D2D2D434C2020434C303832303930333239202020202030303038303732312D2D2D2D2D2D2D2D2D2D2D2D2D2D2D2D2D2D2D2D2D2D2D2D2D2D2D2D2D2D2D2D2D2D2D2D2D2D2D2D2D2D2D2D2D2DE6AD','2015-12-03 10:48:10'),(246,1,134,15,NULL,'32324149544131305831474550504E47433541464B46414138444730383035314141414230312D2D2D2D2D2D2D2D2D2D2D2D2D2D425520204255303934303530353531202020202030303039313031322D2D2D2D2D2D2D2D2D2D2D2D2D2D2D2D2D2D2D2D2D2D2D2D2D2D2D2D2D2D2D2D2D2D2D2D2D2D2D2D2D2D2D2D2D2DE6A5','2015-12-03 10:48:10'),(247,3,134,23,NULL,'323241495441313058414E5920204E474937414B314D414138444730373933314141414130322D2D2D2D2D2D2D2D2D2D2D2D2D2D434C2020434C303734373930363636202020202030303038303133312D2D2D2D2D2D2D2D2D2D2D2D2D2D2D2D2D2D2D2D2D2D2D2D2D2D2D2D2D2D2D2D2D2D2D2D2D2D2D2D2D2D2D2D2D2DE6DA','2015-12-03 10:48:10'),(248,3,134,5,NULL,'323241495441313058414E5920204E4749374159444D414138444730373933314141414230342D2D2D2D2D2D2D2D2D2D2D2D2D2D434C2020434C313232313933343431202020202030303132313031332D2D2D2D2D2D2D2D2D2D2D2D2D2D2D2D2D2D2D2D2D2D2D2D2D2D2D2D2D2D2D2D2D2D2D2D2D2D2D2D2D2D2D2D2D2DE6CD','2015-12-03 10:48:10'),(249,9,134,26,NULL,'3232414954413450324735534F204E4749374144414D414133414C39323131324141414230312020202020202020202020202020434C2020434C3036333939313034362020202020303030363132303720202020202020202020202020202020202020202020202020202020202020202020202020202020202020202020E9D6','2015-12-03 10:48:10'),(250,11,134,1,NULL,'32324149544145433332302020204E47433541413246414233414C39323131304141414130332D2D2D2D2D2D2D2D2D2D2D2D2D2D434C2020434C303634383930313438202020202030303036313230342D2D2D2D2D2D2D2D2D2D2D2D2D2D2D2D2D2D2D2D2D2D2D2D2D2D2D2D2D2D2D2D2D2D2D2D2D2D2D2D2D2D2D2D2D2DE763','2015-12-03 10:48:10'),(251,12,134,22,NULL,'3232414954414C4F4131304720204E47433541464746414138444730373734374141414130312D2D2D2D2D2D2D2D2D2D2D2D2D2D434C2020434C303832353930363638202020202030303038303830312D2D2D2D2D2D2D2D2D2D2D2D2D2D2D2D2D2D2D2D2D2D2D2D2D2D2D2D2D2D2D2D2D2D2D2D2D2D2D2D2D2D2D2D2D2DE6EE','2015-12-03 10:48:10'),(252,12,134,21,NULL,'3232414954414C4F4131304720204E47433541464746414138444730373734374141414130312D2D2D2D2D2D2D2D2D2D2D2D2D2D434C2020434C303930373930393335202020202030303039303332332D2D2D2D2D2D2D2D2D2D2D2D2D2D2D2D2D2D2D2D2D2D2D2D2D2D2D2D2D2D2D2D2D2D2D2D2D2D2D2D2D2D2D2D2D2DE6F0','2015-12-03 10:48:10'),(253,12,134,24,NULL,'3232414954414C4F4131304720204E47433541464746414138444730373734374141414130312D2D2D2D2D2D2D2D2D2D2D2D2D2D434C2020434C303930373930393337202020202030303039303332332D2D2D2D2D2D2D2D2D2D2D2D2D2D2D2D2D2D2D2D2D2D2D2D2D2D2D2D2D2D2D2D2D2D2D2D2D2D2D2D2D2D2D2D2D2DE6EE','2015-12-03 10:48:10'),(254,14,134,13,NULL,'3232414954414D5341544D2020204E47433541464846414138444730383232364141414130312D2D2D2D2D2D2D2D2D2D2D2D2D2D434C2020434C303832303930333831202020202030303038303631362D2D2D2D2D2D2D2D2D2D2D2D2D2D2D2D2D2D2D2D2D2D2D2D2D2D2D2D2D2D2D2D2D2D2D2D2D2D2D2D2D2D2D2D2D2DE6DF','2015-12-03 10:48:10'),(255,15,134,12,NULL,'3232414954414D535050202020204E47433541464846414138444730383232364141414230312D2D2D2D2D2D2D2D2D2D2D2D2D2D425520204255303934303530313932202020202030303039303932392D2D2D2D2D2D2D2D2D2D2D2D2D2D2D2D2D2D2D2D2D2D2D2D2D2D2D2D2D2D2D2D2D2D2D2D2D2D2D2D2D2D2D2D2D2DE6E9','2015-12-03 10:48:10'),(256,17,134,10,NULL,'3232414954414D543136304C4F204E474335415A4246414133414C39323130384146414130362D2D2D2D2D2D2D2D2D2D2D2D2D2D434C2020434C303930343930373737202020202030303133313031372D2D2D2D2D2D2D2D2D2D2D2D2D2D2D2D2D2D2D2D2D2D2D2D2D2D2D2D2D2D2D2D2D2D2D2D2D2D2D2D2D2D2D2D2D2DE6B3','2015-12-03 10:48:10'),(257,2,217,8,NULL,'32324149544131305831474553592D2D2D2D2D2D2D2D2D2D38444730383035314142414130312D2D2D2D2D2D2D2D2D2D2D2D2D2D434C2020434C3039303839303533382020202020303030393033313020202020202020202020202020202020202020202020202020202020202020202020202020202020202020202020E9D7','2015-12-03 10:51:22'),(258,9,217,5,NULL,'3232414954413450324735534F202020202020202020202033414C393231313241414141303120202020202020202020202020202020202042553035343933303036332020202020202030313132303542616E636F204765726172646F284D756E61666F292D70726F746F206E2E32312020202020202020202020202020E4B9','2015-12-03 10:51:22'),(259,10,217,14,NULL,'3232414954413850534F202020204E4749374144424D414133414C39323131334141414130312020202020202020202020202020434C2020434C3036333139303839322020202020303030363039313920202020202020202020202020202020202020202020202020202020202020202020202020202020202020202020EA16','2015-12-03 10:51:22'),(260,11,217,20,NULL,'32324149544145433332302020204E47433541413246414233414C39323131304141414130332D2D2D2D2D2D2D2D2D2D2D2D2D2D434C2020434C303635303931373137202020202030303037303232332D2D2D2D2D2D2D2D2D2D2D2D2D2D2D2D2D2D2D2D2D2D2D2D2D2D2D2D2D2D2D2D2D2D2D2D2D2D2D2D2D2D2D2D2D2DE766','2015-12-03 10:51:22'),(261,12,217,36,NULL,'3232414954414C4F4131304720202020202020202020202038444730373734374141414130312D2D2D2D2D2D2D2D2D2D2D2D2D2D434C2020434C303830353930393432202020202030303038303232302D2D2D2D2D2D2D2D2D2D2D2D2D2D2D2D2D2D2D2D2D2D2D2D2D2D2D2D2D2D2D2D2D2D2D2D2D2D2D2D2D2D2D2D2D2DE85D','2015-12-03 10:51:22'),(262,20,217,10,NULL,'3232414954414D543332304C4F204E47433541464E46414133414C39323130384143414130312D2D2D2D2D2D2D2D2D2D2D2D2D2D434C2020434C303832333033353430202020202030303038303732312D2D2D2D2D2D2D2D2D2D2D2D2D2D2D2D2D2D2D2D2D2D2D2D2D2D2D2D2D2D2D2D2D2D2D2D2D2D2D2D2D2D2D2D2D2DE6D2','2015-12-03 10:51:22'),(263,20,217,11,NULL,'3232414954414D543332304C4F204E474335414A3246414133414C39323130384143414130352D2D2D2D2D2D2D2D2D2D2D2D2D2D434C2020434C303930353931363133202020202030303039303530372D2D2D2D2D2D2D2D2D2D2D2D2D2D2D2D2D2D2D2D2D2D2D2D2D2D2D2D2D2D2D2D2D2D2D2D2D2D2D2D2D2D2D2D2D2DE6DA','2015-12-03 10:51:22'),(264,1,218,12,NULL,'32324149544131305831474550504E47433541464B46414138444730383035314141414130312D2D2D2D2D2D2D2D2D2D2D2D2D2D434C2020434C303832393930333834202020202030303038303930352D2D2D2D2D2D2D2D2D2D2D2D2D2D2D2D2D2D2D2D2D2D2D2D2D2D2D2D2D2D2D2D2D2D2D2D2D2D2D2D2D2D2D2D2D2DE69F','2015-12-03 10:54:28'),(265,2,218,7,NULL,'32324149544131305831474553594E47493741594132414138444730383035314142414430322D2D2D2D2D2D2D2D2D2D2D2D2D2D435720204357313033343030323434202020202030303130303832352D2D2D2D2D2D2D2D2D2D2D2D2D2D2D2D2D2D2D2D2D2D2D2D2D2D2D2D2D2D2D2D2D2D2D2D2D2D2D2D2D2D2D2D2D2DE69A','2015-12-03 10:54:28'),(266,4,218,32,NULL,'3232414954413150313047534F204E4749374143394D414233414C39323131314141414230322020202020202020202020202020434C2020434C3036343739313034392020202020303030373031323920202020202020202020202020202020202020202020202020202020202020202020202020202020202020202020E9E2','2015-12-03 10:54:28'),(267,4,218,25,NULL,'3232414954413150313047534F204E4749374146324D414133414C39323131314141414330332D2D2D2D2D2D2D2D2D2D2D2D2D2D434C2020434C303833383930363230202020202030303038313030372D2D2D2D2D2D2D2D2D2D2D2D2D2D2D2D2D2D2D2D2D2D2D2D2D2D2D2D2D2D2D2D2D2D2D2D2D2D2D2D2D2D2D2D2D2DE6E0','2015-12-03 10:54:28'),(268,4,218,23,NULL,'3232414954413150313047534F204E4749374157434D414133414C39323131314141414430342020202020202020202020202020434C2020434C3130343339363331382020202020303031303131323720202020202020202020202020202020202020202020202020202020202020202020202020202020202020202020E9CD','2015-12-03 10:54:28'),(269,9,218,33,NULL,'3232414954413450324735534F204E4749374144414D414133414C39323131324141414130312020202020202020202020202020434C2020434C3036323939313530362020202020303030363037323920202020202020202020202020202020202020202020202020202020202020202020202020202020202020202020E9CF','2015-12-03 10:54:28'),(270,9,218,31,NULL,'3232414954413450324735534F204E47493741444D41412033414C39323131324141414130312020202020202020202020202020434C2020434C3036323239313236392020202020303030363037313520202020202020202020202020202020202020202020202020202020202020202020202020202020202020202020E9F6','2015-12-03 10:54:28'),(271,9,218,24,NULL,'3232414954413450324735534F204E4749374157444D414133414C39323131324141414430322D2D2D2D2D2D2D2D2D2D2D2D2D2D434C2020434C303734363930373735202020202030303131303331312D2D2D2D2D2D2D2D2D2D2D2D2D2D2D2D2D2D2D2D2D2D2D2D2D2D2D2D2D2D2D2D2D2D2D2D2D2D2D2D2D2D2D2D2D2DE6B3','2015-12-03 10:54:28'),(272,10,218,6,NULL,'3232414954413850534F202020204E4749374144424D414133414C39323131334141414130312020202020202020202020202020434C2020434C3036323139323732382020202020303030363036313320202020202020202020202020202020202020202020202020202020202020202020202020202020202020202020EA20','2015-12-03 10:54:28'),(273,10,218,14,NULL,'3232414954413850534F202020204E4749374144424D414133414C39323131334141414130312020202020202020202020202020434C2020434C3036323139323736302020202020303030363036313620202020202020202020202020202020202020202020202020202020202020202020202020202020202020202020EA21','2015-12-03 10:54:28'),(274,11,218,20,NULL,'32324149544145433332302020200E0F101112131415161718191A1B1C1D1E1F202122232425262728292A2B2C2D2E2F303132333435363738393A3B3C3D3E3F404142434445464748494A4B4C4D4E4F505152535455565758595A5B5C5D5E5F606162636465666768696A6B6C6D6E6F707172737475767778797A7B7C7D7E7F','2015-12-03 10:54:28'),(275,11,218,1,NULL,'32324149544145433332302020204E47433541413246414233414C39323131304141414130332D2D2D2D2D2D2D2D2D2D2D2D2D2D434C2020434C303634383930323731202020202030303037303330382D2D2D2D2D2D2D2D2D2D2D2D2D2D2D2D2D2D2D2D2D2D2D2D2D2D2D2D2D2D2D2D2D2D2D2D2D2D2D2D2D2D2D2D2D2DE761','2015-12-03 10:54:28'),(276,15,218,9,NULL,'3232414954414D535050202020204E47433541464846414138444730383232364141414230312D2D2D2D2D2D2D2D2D2D2D2D2D2D434C2020434C303933353932323531202020202030303130303731342D2D2D2D2D2D2D2D2D2D2D2D2D2D2D2D2D2D2D2D2D2D2D2D2D2D2D2D2D2D2D2D2D2D2D2D2D2D2D2D2D2D2D2D2D2DE703','2015-12-03 10:54:28'),(277,21,218,11,NULL,'3232414954414D543332304E20202D2D2D2D2D2D2D2D2D2D33414C39323130384142414130322D2D2D2D2D2D2D2D2D2D2D2D2D2D434C2020434C303830353930383438202020202030303038303431312D2D2D2D2D2D2D2D2D2D2D2D2D2D2D2D2D2D2D2D2D2D2D2D2D2D2D2D2D2D2D2D2D2D2D2D2D2D2D2D2D2D2D2D2D2DE7DA','2015-12-03 10:54:28'),(278,21,218,10,NULL,'3232414954414D543332304E20202D2D2D2D2D2D2D2D2D2D33414C39323130384142414130322D2D2D2D2D2D2D2D2D2D2D2D2D2D434C2020434C303830353930383439202020202030303038303431302D2D2D2D2D2D2D2D2D2D2D2D2D2D2D2D2D2D2D2D2D2D2D2D2D2D2D2D2D2D2D2D2D2D2D2D2D2D2D2D2D2D2D2D2D2DE7DA','2015-12-03 10:54:28'),(279,31,218,35,NULL,'0102030405FF5050314745323045FFFFFFFFFFFFFFFFFFFFFFFFFFFFFFFFFFFFFFFFFFFFFFFFFFFFFFFFFFFFFFFFFFFFFFFFFFFFFFFFFFFFFFFFFFFFFFFFFFFFFFFFFFFFFFFFFFFFFFFFFFFFFFFFFFFFFFFFFFFFFFFFFFFFFFFFFFFFFFFFFFFFFFFFFFFFFFFFFFFFFFFFFFFFFFFFFFFFFFFFFFFFFFFFFFFFFFFFFFFFFFFFFFFF','2015-12-03 10:54:28'),(280,31,218,18,NULL,'0102030405FF5050314745323045FFFFFFFFFFFFFFFFFFFFFFFFFFFFFFFFFFFFFFFFFFFFFFFFFFFFFFFFFFFFFFFFFFFFFFFFFFFFFFFFFFFFFFFFFFFFFFFFFFFFFFFFFFFFFFFFFFFFFFFFFFFFFFFFFFFFFFFFFFFFFFFFFFFFFFFFFFFFFFFFFFFFFFFFFFFFFFFFFFFFFFFFFFFFFFFFFFFFFFFFFFFFFFFFFFFFFFFFFFFFFFFFFFFF','2015-12-03 10:54:28'),(281,2,219,5,NULL,'32324149544131305831474553594E47493741594132414138444730383035314142414430322D2D2D2D2D2D2D2D2D2D2D2D2D2D435720204357313033353030363935202020202030303130303832352D2D2D2D2D2D2D2D2D2D2D2D2D2D2D2D2D2D2D2D2D2D2D2D2D2D2D2D2D2D2D2D2D2D2D2D2D2D2D2D2D2D2D2D2D2DE68F','2015-12-03 10:57:38'),(282,2,219,12,NULL,'32324149544131305831474553594E47493741594132414138444730383035314142414430322D2D2D2D2D2D2D2D2D2D2D2D2D2D435720204357313033363030323832202020202030303130303930312D2D2D2D2D2D2D2D2D2D2D2D2D2D2D2D2D2D2D2D2D2D2D2D2D2D2D2D2D2D2D2D2D2D2D2D2D2D2D2D2D2D2D2D2D2DE69B','2015-12-03 10:57:38'),(283,4,219,23,NULL,'3232414954413150313047534F204E4749374143394D4141202020202020202020202020202033414C3932313131414141413031434C2020434C3036323939313537312020202020303030363038303820202020202020202020202020202020202020202020202020202020202020202020202020202020202020202020E9E2','2015-12-03 10:57:38'),(284,4,219,4,NULL,'3232414954413150313047534F204E4749374143394D414133414C39323131314141414130312020202020202020202020202020434C2020434C3036333539303038332020202020303030363039303920202020202020202020202020202020202020202020202020202020202020202020202020202020202020202020E9E6','2015-12-03 10:57:38'),(285,4,219,3,NULL,'3232414954413150313047534F204E4749374143394D414233414C39323131314141414130322020202020202020202020202020434C2020434C3036313239333534312020202020303030363132303620202020202020202020202020202020202020202020202020202020202020202020202020202020202020202020E9F0','2015-12-03 10:57:38'),(286,4,219,21,NULL,'3232414954413150313047534F204E4749374146324D414133414C39323131314141414230332D2D2D2D2D2D2D2D2D2D2D2D2D2D434C2020434C303731363930343738202020202030303037303830322D2D2D2D2D2D2D2D2D2D2D2D2D2D2D2D2D2D2D2D2D2D2D2D2D2D2D2D2D2D2D2D2D2D2D2D2D2D2D2D2D2D2D2D2D2DE6DA','2015-12-03 10:57:38'),(287,8,219,15,NULL,'32324149544131583130474550504E47433541464A46414138444730383034394141414230312D2D2D2D2D2D2D2D2D2D2D2D2D2D434C2020434C303932343932313734202020202030303039303632302D2D2D2D2D2D2D2D2D2D2D2D2D2D2D2D2D2D2D2D2D2D2D2D2D2D2D2D2D2D2D2D2D2D2D2D2D2D2D2D2D2D2D2D2D2DE6A2','2015-12-03 10:57:38'),(288,9,219,22,NULL,'3232414954413450324735534F204E4749374144414D414133414C39323131324141414230312D2D2D2D2D2D2D2D2D2D2D2D2D2D434C2020434C303633393931303035202020202030303037303130352D2D2D2D2D2D2D2D2D2D2D2D2D2D2D2D2D2D2D2D2D2D2D2D2D2D2D2D2D2D2D2D2D2D2D2D2D2D2D2D2D2D2D2D2D2DE6D2','2015-12-03 10:57:38'),(289,10,219,14,NULL,'3232414954413850534F202020204E4749374144424D414133414C39323131334141414230312D2D2D2D2D2D2D2D2D2D2D2D2D2D434C2020434C303633393931313330202020202030303036313231392D2D2D2D2D2D2D2D2D2D2D2D2D2D2D2D2D2D2D2D2D2D2D2D2D2D2D2D2D2D2D2D2D2D2D2D2D2D2D2D2D2D2D2D2D2DE715','2015-12-03 10:57:38'),(290,11,219,1,NULL,'32324149544145433332302020204E47433541443746414133414C39323131304141414430352D2D2D2D2D2D2D2D2D2D2D2D2D2D434C2020434C303830383930303339202020202030303038303232302D2D2D2D2D2D2D2D2D2D2D2D2D2D2D2D2D2D2D2D2D2D2D2D2D2D2D2D2D2D2D2D2D2D2D2D2D2D2D2D2D2D2D2D2D2DE75B','2015-12-03 10:57:38'),(291,11,219,20,NULL,'32324149544145433332302020204E47433541473246414133414C39323131304141414530362D2D2D2D2D2D2D2D2D2D2D2D2D2D434C2020434C303932373931323733202020202030303039313030312D2D2D2D2D2D2D2D2D2D2D2D2D2D2D2D2D2D2D2D2D2D2D2D2D2D2D2D2D2D2D2D2D2D2D2D2D2D2D2D2D2D2D2D2D2DE759','2015-12-03 10:57:38'),(292,15,219,16,NULL,'3232414954414D535050202020204E47433541464846414138444730383232364141414130312D2D2D2D2D2D2D2D2D2D2D2D2D2D434C2020434C303832303930333633202020202030303038303732392D2D2D2D2D2D2D2D2D2D2D2D2D2D2D2D2D2D2D2D2D2D2D2D2D2D2D2D2D2D2D2D2D2D2D2D2D2D2D2D2D2D2D2D2D2DE6FC','2015-12-03 10:57:38'),(293,15,219,6,NULL,'3232414954414D535050202020204E47433541464846414138444730383232364141414130312D2D2D2D2D2D2D2D2D2D2D2D2D2D434C2020434C303833373932303734202020202030303038303931322D2D2D2D2D2D2D2D2D2D2D2D2D2D2D2D2D2D2D2D2D2D2D2D2D2D2D2D2D2D2D2D2D2D2D2D2D2D2D2D2D2D2D2D2D2DE6F9','2015-12-03 10:57:38'),(294,15,219,7,NULL,'3232414954414D535050202020204E47433541464846414138444730383232364141414130312D2D2D2D2D2D2D2D2D2D2D2D2D2D434C2020434C303833373932303831202020202030303038303931322D2D2D2D2D2D2D2D2D2D2D2D2D2D2D2D2D2D2D2D2D2D2D2D2D2D2D2D2D2D2D2D2D2D2D2D2D2D2D2D2D2D2D2D2D2DE6FB','2015-12-03 10:57:38'),(295,22,219,10,NULL,'3232414954414D543332304E44204E4743354143574D414138444730383034344141414130312D2D2D2D2D2D2D2D2D2D2D2D2D2D434C2020434C303632383931323938202020202030303037303932342D2D2D2D2D2D2D2D2D2D2D2D2D2D2D2D2D2D2D2D2D2D2D2D2D2D2D2D2D2D2D2D2D2D2D2D2D2D2D2D2D2D2D2D2D2DE6B9','2015-12-03 10:57:38'),(296,22,219,11,NULL,'3232414954414D543332304E44204E4743354150474D414138444730383034344141414130352D2D2D2D2D2D2D2D2D2D2D2D2D2D434C2020434C303730383931383538202020202030303130303730392D2D2D2D2D2D2D2D2D2D2D2D2D2D2D2D2D2D2D2D2D2D2D2D2D2D2D2D2D2D2D2D2D2D2D2D2D2D2D2D2D2D2D2D2D2DE6BC','2015-12-03 10:57:38'),(297,29,219,34,NULL,'32324149544150503130474558322D2D2D2D2D2D2D2D2D2D38444730383738354141414130312D2D2D2D2D2D2D2D2D2D2D2D2D2D425520204255303030303030303131202020202030303130313031392D2D2D2D2D2D2D2D2D2D2D2D2D2D2D2D2D2D2D2D2D2D2D2D2D2D2D2D2D2D2D2D2D2D2D2D2D2D2D2D2D2D2D2D2D2DE798','2015-12-03 10:57:38'),(298,29,219,17,NULL,'32324149544150503130474558322D2D2D2D2D2D2D2D2D2D38444730383738354141414130312D2D2D2D2D2D2D2D2D2D2D2D2D2D425520204255303030303030303131202020202030303130313031392D2D2D2D2D2D2D2D2D2D2D2D2D2D2D2D2D2D2D2D2D2D2D2D2D2D2D2D2D2D2D2D2D2D2D2D2D2D2D2D2D2D2D2D2D2DE798','2015-12-03 10:57:38'),(299,32,219,18,NULL,'32324153484250503147455832304E47493841424445414138444730383738324141414130312D2D2D2D2D2D2D2D2D2D2D2D2D2D595020205950313131313133333331202020202030303131303431322D2D2D2D2D2D2D2D2D2D2D2D2D2D2D2D2D2D2D2D2D2D2D2D2D2D2D2D2D2D2D2D2D2D2D2D2D2D2D2D2D2D2D2D2D2DE68C','2015-12-03 10:57:38'),(300,32,219,35,NULL,'32324153484250503147455832304E47493841424445414138444730383738324141414130312D2D2D2D2D2D2D2D2D2D2D2D2D2D595020205950313131313133333331202020202030303131303431322D2D2D2D2D2D2D2D2D2D2D2D2D2D2D2D2D2D2D2D2D2D2D2D2D2D2D2D2D2D2D2D2D2D2D2D2D2D2D2D2D2D2D2D2D2DE68C','2015-12-03 10:57:38'),(301,4,221,22,NULL,'3232414954413150313047534F204E4749374143394D414133414C39323131314141414130312020202020202020202020202020434C2020434C3036313239333532342020202020303030363033313020202020202020202020202020202020202020202020202020202020202020202020202020202020202020202020E9F6','2015-12-03 11:00:43'),(302,4,221,23,NULL,'3232414954413150313047534F204E4749374143394D414133414C39323131314141414130312020202020202020202020202020434C2020434C3036313539303237372020202020303030363034323220202020202020202020202020202020202020202020202020202020202020202020202020202020202020202020E9ED','2015-12-03 11:00:43'),(303,4,221,24,NULL,'3232414954413150313047534F204E4749374143394D414233414C39323131314141414130322020202020202020202020202020434C2020434C3036343139303931322020202020303030363130323020202020202020202020202020202020202020202020202020202020202020202020202020202020202020202020E9F5','2015-12-03 11:00:43'),(304,4,221,3,NULL,'3232414954413150313047534F204E4749374143394D414233414C39323131314141414230322020202020202020202020202020434C2020434C3036343139313135352020202020303030363132303220202020202020202020202020202020202020202020202020202020202020202020202020202020202020202020E9F2','2015-12-03 11:00:43'),(305,4,221,4,NULL,'3232414954413150313047534F204E4749374143394D414233414C39323131314141414230322020202020202020202020202020434C2020434C3036353039313832382020202020303030373032313220202020202020202020202020202020202020202020202020202020202020202020202020202020202020202020E9EA','2015-12-03 11:00:43'),(306,4,221,21,NULL,'3232414954413150313047534F204E4749374146324D414133414C39323131314141414230332D2D2D2D2D2D2D2D2D2D2D2D2D2D434C2020434C303731363930343539202020202030303037303830372D2D2D2D2D2D2D2D2D2D2D2D2D2D2D2D2D2D2D2D2D2D2D2D2D2D2D2D2D2D2D2D2D2D2D2D2D2D2D2D2D2D2D2D2D2DE6D6','2015-12-03 11:00:43'),(307,11,221,1,NULL,'32324149544145433332302020204E47433541413246414233414C39323131304141414130332D2D2D2D2D2D2D2D2D2D2D2D2D2D434C2020434C303633313930373738202020202030303036313230312D2D2D2D2D2D2D2D2D2D2D2D2D2D2D2D2D2D2D2D2D2D2D2D2D2D2D2D2D2D2D2D2D2D2D2D2D2D2D2D2D2D2D2D2D2DE765','2015-12-03 11:00:43'),(308,11,221,20,NULL,'32324149544145433332302020204E47433541473246414133414C39323131304141414530362D2D2D2D2D2D2D2D2D2D2D2D2D2D434C2020434C303834343930383933202020202030303039303230342D2D2D2D2D2D2D2D2D2D2D2D2D2D2D2D2D2D2D2D2D2D2D2D2D2D2D2D2D2D2D2D2D2D2D2D2D2D2D2D2D2D2D2D2D2DE750','2015-12-03 11:00:43'),(309,21,221,10,NULL,'3232414954414D543332304E20204E4743354154384D414133414C39323130384142414130372D2D2D2D2D2D2D2D2D2D2D2D2D2D434C2020434C303832383030313138202020202030303131313130342D2D2D2D2D2D2D2D2D2D2D2D2D2D2D2D2D2D2D2D2D2D2D2D2D2D2D2D2D2D2D2D2D2D2D2D2D2D2D2D2D2D2D2D2D2DE702','2015-12-03 11:00:43'),(310,2,224,14,NULL,'32324149544131305831474553592D2D2D2D2D2D2D2D2D2D38444730383035314142414130312D2D2D2D2D2D2D2D2D2D2D2D2D2D434C2020434C3039303839303534382020202020303030393033313020202020202020202020202020202020202020202020202020202020202020202020202020202020202020202020E9D6','2015-12-03 11:04:49'),(311,16,224,11,NULL,'3232414954414D54313630482020202020202020202020203844473837353737414141412020202020202020202020202020202056494D2042553132303333303034372020202020202032373031313250524F544F20233235205732204D4554414C46495820202020202020202020202020202020202020202020202020E8AF','2015-12-03 11:04:49'),(312,16,224,10,NULL,'3232414954414D54313630482020202020202020202020203844473837353737414141412020202020202020202020202020202056494D2042553132303433303131382020202020202030363032313250726F746F20233238205732204D4554414C46495820202020202020202020202020202020202020202020202020E82E','2015-12-03 11:04:49'),(313,23,224,20,NULL,'3232414954414D58454331363048202020202020202020203844473837353738414141412020202020202020202020202020202056494D2042553132303333303034372020202020202032373031313250524F544F202332352028332E303429202020202020202020202020202020202020202020202020202020202020E9AF','2015-12-03 11:04:49'),(314,23,224,1,NULL,'3232414954414D584543313630482020FFFFFFFFFFFFFFFFFFFFFFFFFFFFFFFFFFFFFFFFFFFFFFFFFFFFFFFFFFFFFFFFFFFFFFFFFFFFFFFFFFFFFFFFFFFFFFFFFFFFFFFFFFFFFFFFFFFFFFFFFFFFFFFFFFFFFFFFFFFFFFFFFFFFFFFFFFFFFFFFFFFFFFFFFFFFFFFFFFFFFFFFFFFFFFFFFFFFFFFFFFFFFFFFFFFFFFFFFFFF0025','2015-12-03 11:04:49'),(315,1,225,6,NULL,'32324149544131305831474550504E47433541464B46414138444730383035314141414130312D2D2D2D2D2D2D2D2D2D2D2D2D2D434C2020434C303834323930353239202020202030303038313132372D2D2D2D2D2D2D2D2D2D2D2D2D2D2D2D2D2D2D2D2D2D2D2D2D2D2D2D2D2D2D2D2D2D2D2D2D2D2D2D2D2D2D2D2D2DE6A6','2015-12-03 11:08:21'),(316,3,225,33,NULL,'202020202020313058414E59202020202020202020202020202020202020202020202020202020202020202020202020202020202020202020202020202020202020202020202020202020202020202020202020202020202020202020202020202020202020202020202020202020202020202020202020202020202020EF5F','2015-12-03 11:08:21'),(317,4,225,4,NULL,'3232414954413150313047534F204E4749374143394D414233414C39323131314141414230322020202020202020202020202020434C2020434C3036343139303339332020202020303030373032323720202020202020202020202020202020202020202020202020202020202020202020202020202020202020202020E9E8','2015-12-03 11:08:21'),(318,4,225,23,NULL,'3232414954413150313047534F204E4749374143394D414233414C39323131314141414230322020202020202020202020202020434C2020434C3036343739313032332020202020303030373032313220202020202020202020202020202020202020202020202020202020202020202020202020202020202020202020E9F1','2015-12-03 11:08:21'),(319,4,225,21,NULL,'3232414954413150313047534F204E4749374146324D414133414C39323131314141414230332D2D2D2D2D2D2D2D2D2D2D2D2D2D434C2020434C303731363930353030202020202030303037303731302D2D2D2D2D2D2D2D2D2D2D2D2D2D2D2D2D2D2D2D2D2D2D2D2D2D2D2D2D2D2D2D2D2D2D2D2D2D2D2D2D2D2D2D2D2DE6EA','2015-12-03 11:08:21'),(320,4,225,16,NULL,'3232414954413150313047534F204E4749374146324D414133414C39323131314141414430332D2D2D2D2D2D2D2D2D2D2D2D2D2D434C2020434C303931393930303136202020202030303039303530352D2D2D2D2D2D2D2D2D2D2D2D2D2D2D2D2D2D2D2D2D2D2D2D2D2D2D2D2D2D2D2D2D2D2D2D2D2D2D2D2D2D2D2D2D2DE6DD','2015-12-03 11:08:21'),(321,4,225,2,NULL,'3232414954413150313047534F204E4749374157434D414133414C39323131314141414430342D2D2D2D2D2D2D2D2D2D2D2D2D2D434C2020434C313032363933313333202020202030303131303332312D2D2D2D2D2D2D2D2D2D2D2D2D2D2D2D2D2D2D2D2D2D2D2D2D2D2D2D2D2D2D2D2D2D2D2D2D2D2D2D2D2D2D2D2D2DE6CC','2015-12-03 11:08:21'),(322,9,225,17,NULL,'3232414954413450324735534F204E4749374144414D414133414C39323131324141414130312020202020202020202020202020434C2020434C3036323939313439322020202020303030363038313020202020202020202020202020202020202020202020202020202020202020202020202020202020202020202020E9D4','2015-12-03 11:08:21'),(323,10,225,12,NULL,'3232414954413850534F202020204E4749374144424D414133414C39323131334141414130312020202020202020202020202020434C2020434C3036323139323734342020202020303030363036303920202020202020202020202020202020202020202020202020202020202020202020202020202020202020202020EA1D','2015-12-03 11:08:21'),(324,10,225,34,NULL,'3232414954413850534F202020204E4749374144424D414133414C39323131334141414130312020202020202020202020202020434C2020434C3036323339313933332020202020303030363037323120202020202020202020202020202020202020202020202020202020202020202020202020202020202020202020EA21','2015-12-03 11:08:21'),(325,10,225,29,NULL,'3232414954413850534F202020204E4749374144424D414133414C39323131334141414330312D2D2D2D2D2D2D2D2D2D2D2D2D2D434C2020434C303734353930343732202020202030303037313132322D2D2D2D2D2D2D2D2D2D2D2D2D2D2D2D2D2D2D2D2D2D2D2D2D2D2D2D2D2D2D2D2D2D2D2D2D2D2D2D2D2D2D2D2D2DE714','2015-12-03 11:08:21'),(326,15,225,7,NULL,'3232414954414D535050202020204E47433541464846414138444730383232364141414130312D2D2D2D2D2D2D2D2D2D2D2D2D2D434C2020434C303832303930343138202020202030303038303731382D2D2D2D2D2D2D2D2D2D2D2D2D2D2D2D2D2D2D2D2D2D2D2D2D2D2D2D2D2D2D2D2D2D2D2D2D2D2D2D2D2D2D2D2D2DE6FD','2015-12-03 11:08:21'),(327,15,225,14,NULL,'3232414954414D535050202020204E47433541464846414138444730383232364141414130312D2D2D2D2D2D2D2D2D2D2D2D2D2D434C2020434C303832303930343239202020202030303038303533312D2D2D2D2D2D2D2D2D2D2D2D2D2D2D2D2D2D2D2D2D2D2D2D2D2D2D2D2D2D2D2D2D2D2D2D2D2D2D2D2D2D2D2D2D2DE702','2015-12-03 11:08:21'),(328,15,225,5,NULL,'3232414954414D535050202020204E47433541464846414138444730383232364141414230312D2D2D2D2D2D2D2D2D2D2D2D2D2D435720204357313032313032343032202020202030303130303532362D2D2D2D2D2D2D2D2D2D2D2D2D2D2D2D2D2D2D2D2D2D2D2D2D2D2D2D2D2D2D2D2D2D2D2D2D2D2D2D2D2D2D2D2D2DE704','2015-12-03 11:08:21'),(329,19,225,11,NULL,'3232414954414D543332304820202D2D2D2D2D2D2D2D2D2D38444730393338394141414230312D2D2D2D2D2D2D2D2D2D2D2D2D2D425520204255313231333330303532202020202030303132303332392D2D2D2D2D2D2D2D2D2D2D2D2D2D2D2D2D2D2D2D2D2D2D2D2D2D2D2D2D2D2D2D2D2D2D2D2D2D2D2D2D2D2D2D2D2DE7DB','2015-12-03 11:08:21'),(330,19,225,10,NULL,'3232414954414D543332304820202D2D2D2D2D2D2D2D2D2D38444730393338394141414330312D2D2D2D2D2D2D2D2D2D2D2D2D2D455A20204255313232313330303136202020202030303132303532332D2D2D2D2D2D2D2D2D2D2D2D2D2D2D2D2D2D2D2D2D2D2D2D2D2D2D2D2D2D2D2D2D2D2D2D2D2D2D2D2D2D2D2D2D2DE7D7','2015-12-03 11:08:21'),(331,24,225,20,NULL,'3232414954414D58454333323048202D2D2D2D2D2D2D2D2D38444730393338374141414630312D2D2D2D2D2D2D2D2D2D2D2D2D2D455A2020455A313430384139393030202020202030303134303331382D2D2D2D2D2D2D2D2D2D2D2D2D2D2D2D2D2D2D2D2D2D2D2D2D2D2D2D2D2D2D2D2D2D2D2D2D2D2D2D2D2D2D2D2D2DE76B','2015-12-03 11:08:21'),(332,24,225,1,NULL,'3232414954414D584543333230482D2D2D2D2D2D2D2D2D2D38444730393338374141414330312D2D2D2D2D2D2D2D2D2D2D2D2D2D455A20204255313232313330303136202020202030303132303532332D2D2D2D2D2D2D2D2D2D2D2D2D2D2D2D2D2D2D2D2D2D2D2D2D2D2D2D2D2D2D2D2D2D2D2D2D2D2D2D2D2D2D2D2D2DE78D','2015-12-03 11:08:21'),(333,31,225,35,NULL,'33304149544150503147453230454E47493841423342414138444730383738324241414330322D2D2D2D2D2D2D2D2D2D2D2D2D2D434C2020434C3133303439303630342020202020202030303133303230352D2D2D2D2D2D2D2D2D2D2D2D2D2D2D2D2D2D2D2D2D2D2D2D2D2D2D2D2D2D2D2D2D2D2D2D2D2D2D2D2D2D2D2DE6EF','2015-12-03 11:08:21'),(334,31,225,18,NULL,'33304149544150503147453230454E47493841423342414138444730383738324241414330322D2D2D2D2D2D2D2D2D2D2D2D2D2D434C2020434C3133303439303630342020202020202030303133303230352D2D2D2D2D2D2D2D2D2D2D2D2D2D2D2D2D2D2D2D2D2D2D2D2D2D2D2D2D2D2D2D2D2D2D2D2D2D2D2D2D2D2D2DE6EF','2015-12-03 11:08:21'),(335,0,225,27,NULL,'3330414954413130414E31304720574F545242543054414133414733333239354141414330312D2D2D2D2D2D2D2D2D2D2D2D2D2D455A2020455A3131303533303635382020202020202030303130313132342D2D2D2D2D2D2D2D2D2D2D2D2D2D2D2D2D2D2D2D2D2D2D2D2D2D2D2D2D2D2D2D2D2D2D2D2D2D2D2D2D2D2D2DE6D0','2015-12-03 11:08:21'),(336,1,1003,8,NULL,'32324149544131305831474550502D2D2D2D2D2D2D2D2D2D38444730383035314141414130312D2D2D2D2D2D2D2D2D2D2D2D2D2D42552020434C303732303130343037202020202030303037303632312D2D2D2D2D2D2D2D2D2D2D2D2D2D2D2D2D2D2D2D2D2D2D2D2D2D2D2D2D2D2D2D2D2D2D2D2D2D2D2D2D2D2D2D2D2DE798','2015-12-03 11:11:47'),(337,3,1003,33,NULL,'323241495441313058414E5920204E4749374157544D414138444730373933314141414230332D2D2D2D2D2D2D2D2D2D2D2D2D2D425520204255303733343330303236202020202030303130303732312D2D2D2D2D2D2D2D2D2D2D2D2D2D2D2D2D2D2D2D2D2D2D2D2D2D2D2D2D2D2D2D2D2D2D2D2D2D2D2D2D2D2D2D2D2DE6AF','2015-12-03 11:11:47'),(338,4,1003,7,NULL,'3232414954413150313047534F204E4749374143394D414133414C39323131314141414130312020202020202020202020202020434C2020434C3036313239353433302020202020303030363034313020202020202020202020202020202020202020202020202020202020202020202020202020202020202020202020E9F7','2015-12-03 11:11:47'),(339,4,1003,15,NULL,'3232414954413150313047534F204E4749374143394D414233414C39323131314141414130322020202020202020202020202020434C202030363438393031313720202020202020303030363131323920202020202020202020202020202020202020202020202020202020202020202020202020202020202020202020EA36','2015-12-03 11:11:47'),(340,4,1003,30,NULL,'3232414954413150313047534F204E4749374143394D414233414C39323131314141414230322020202020202020202020202020434C2020434C3036343739303939352020202020303030373031313320202020202020202020202020202020202020202020202020202020202020202020202020202020202020202020E9E0','2015-12-03 11:11:47'),(341,4,1003,13,NULL,'3232414954413150313047534F204E4749374146324D414133414C39323131314141414230332D2D2D2D2D2D2D2D2D2D2D2D2D2D434C2020434C303635303931383536202020202030303037303830372D2D2D2D2D2D2D2D2D2D2D2D2D2D2D2D2D2D2D2D2D2D2D2D2D2D2D2D2D2D2D2D2D2D2D2D2D2D2D2D2D2D2D2D2D2DE6D7','2015-12-03 11:11:47'),(342,4,1003,32,NULL,'3232414954413150313047534F204E4749374146324D414133414C39323131314141414230332D2D2D2D2D2D2D2D2D2D2D2D2D2D434C2020434C303734363930333530202020202030303037313132302D2D2D2D2D2D2D2D2D2D2D2D2D2D2D2D2D2D2D2D2D2D2D2D2D2D2D2D2D2D2D2D2D2D2D2D2D2D2D2D2D2D2D2D2D2DE6E8','2015-12-03 11:11:47'),(343,4,1003,26,NULL,'3232414954413150313047534F204E4749374146324D414133414C39323131314141414230332D2D2D2D2D2D2D2D2D2D2D2D2D2D434C2020434C303831343930313932202020202030303038303432322D2D2D2D2D2D2D2D2D2D2D2D2D2D2D2D2D2D2D2D2D2D2D2D2D2D2D2D2D2D2D2D2D2D2D2D2D2D2D2D2D2D2D2D2D2DE6E3','2015-12-03 11:11:47'),(344,5,1003,9,NULL,'3232414954413150313047534F454E47493741594D32414138444732363134314141414330312D2D2D2D2D2D2D2D2D2D2D2D2D2D434C2020434C313131313930323839202020202030303131303332312D2D2D2D2D2D2D2D2D2D2D2D2D2D2D2D2D2D2D2D2D2D2D2D2D2D2D2D2D2D2D2D2D2D2D2D2D2D2D2D2D2D2D2D2D2DFFFF','2015-12-03 11:11:47'),(345,6,1003,28,NULL,'32324149544131504F54553220204E474937414C454D414138444730373935354141414130322D2D2D2D2D2D2D2D2D2D2D2D2D2D434C2020434C303735313930343531202020202030303038303130342D2D2D2D2D2D2D2D2D2D2D2D2D2D2D2D2D2D2D2D2D2D2D2D2D2D2D2D2D2D2D2D2D2D2D2D2D2D2D2D2D2D2D2D2D2DE6C2','2015-12-03 11:11:47'),(346,7,1003,5,NULL,'32324149544131504F545532584220202020202020202020202020202020202020202020202020202020202020202020202020202020202020202020202020202020202020202020202032343131313050524F544F5449504F2031205345434F4E444F204C4F54544F202020202020202020202020202020202020202020E9F1','2015-12-03 11:11:47'),(347,9,1003,25,NULL,'3232414954413450324735534F204E4749374144414D414133414C39323131324141414130312020202020202020202020202020434C2020434C3036323239313433342020202020303030363037313120202020202020202020202020202020202020202020202020202020202020202020202020202020202020202020E9DF','2015-12-03 11:11:47'),(348,10,1003,16,NULL,'3232414954413850534F202020202020202020202020202033414C39323131334141414130312020202020202020202020202020434C2020434C3036313039303232392020202020303031313033303620202020202020202020202020202020202020202020202020202020202020202020202020202020202020202020EB98','2015-12-03 11:11:47'),(349,10,1003,6,NULL,'3232414954413850534F202020204E4749374144424D414133414C39323131334141414130312020202020202020202020202020434C2020434C3036323339313937322020202020303030363038313020202020202020202020202020202020202020202020202020202020202020202020202020202020202020202020EA1F','2015-12-03 11:11:47'),(350,10,1003,21,NULL,'3232414954413850534F202020204E4749374144424D414133414C39323131334141414130312D2D2D2D2D2D2D2D2D2D2D2D2D2D434C2020434C303633353930393234202020202030303037303231352D2D2D2D2D2D2D2D2D2D2D2D2D2D2D2D2D2D2D2D2D2D2D2D2D2D2D2D2D2D2D2D2D2D2D2D2D2D2D2D2D2D2D2D2D2DE714','2015-12-03 11:11:47'),(351,10,1003,2,NULL,'3232414954413850534F202020204E4749374157454D414133414C39323131334141414530322D2D2D2D2D2D2D2D2D2D2D2D2D2D434C2020434C313032353931303634202020202030303130303731352D2D2D2D2D2D2D2D2D2D2D2D2D2D2D2D2D2D2D2D2D2D2D2D2D2D2D2D2D2D2D2D2D2D2D2D2D2D2D2D2D2D2D2D2D2DE704','2015-12-03 11:11:47'),(352,11,1003,1,NULL,'32324149544145433332302020204E474335415A4346414133414C39323131304141414130372D2D2D2D2D2D2D2D2D2D2D2D2D2D434C2020434C303634383930313931202020202030303134303130332D2D2D2D2D2D2D2D2D2D2D2D2D2D2D2D2D2D2D2D2D2D2D2D2D2D2D2D2D2D2D2D2D2D2D2D2D2D2D2D2D2D2D2D2D2DE73C','2015-12-03 11:11:47'),(353,12,1003,22,NULL,'3232414954414C4F4131304720202020202020202020202038444730373734374141414130312D2D2D2D2D2D2D2D2D2D2D2D2D2D434C2020434C303830353930393738202020202030303038303232312D2D2D2D2D2D2D2D2D2D2D2D2D2D2D2D2D2D2D2D2D2D2D2D2D2D2D2D2D2D2D2D2D2D2D2D2D2D2D2D2D2D2D2D2D2DE853','2015-12-03 11:11:47'),(354,12,1003,24,NULL,'3232414954414C4F4131304720204E47433541464746414138444730373734374141414130312020202020202020202020202020434C2020636C3038323039303435322020202020303030383036303520202020202020202020202020202020202020202020202020202020202020202020202020202020202020202020E9C6','2015-12-03 11:11:47'),(355,13,1003,23,NULL,'3232414954414D52534F452020202D2D2D2D2D2D2D2D2D2D38444732353933384141414130312D2D2D2D2D2D2D2D2D2D2D2D2D2D434C2020434C313232353930303631202020202030303132303931392D2D2D2D2D2D2D2D2D2D2D2D2D2D2D2D2D2D2D2D2D2D2D2D2D2D2D2D2D2D2D2D2D2D2D2D2D2D2D2D2D2D2D2D2D2DE7B8','2015-12-03 11:11:47'),(356,13,1003,29,NULL,'3232414954414D52534F452020202D2D2D2D2D2D2D2D2D2D38444732353933384141414130312D2D2D2D2D2D2D2D2D2D2D2D2D2D434C2020434C313232353930303631202020202030303132303931392D2D2D2D2D2D2D2D2D2D2D2D2D2D2D2D2D2D2D2D2D2D2D2D2D2D2D2D2D2D2D2D2D2D2D2D2D2D2D2D2D2D2D2D2D2DE7B8','2015-12-03 11:11:47'),(357,15,1003,17,NULL,'3232414954414D535050202020204E47433541464846414138444730383232364141414230312D2D2D2D2D2D2D2D2D2D2D2D2D2D434C2020434C303934323930303435202020202030303039313130342D2D2D2D2D2D2D2D2D2D2D2D2D2D2D2D2D2D2D2D2D2D2D2D2D2D2D2D2D2D2D2D2D2D2D2D2D2D2D2D2D2D2D2D2D2DE704','2015-12-03 11:11:47'),(358,20,1003,10,NULL,'3232414954414D543332304C4F204E47433541464E46414133414C39323130384143414130312D2D2D2D2D2D2D2D2D2D2D2D2D2D434C2020434C303832333033353039202020202030303038303632372D2D2D2D2D2D2D2D2D2D2D2D2D2D2D2D2D2D2D2D2D2D2D2D2D2D2D2D2D2D2D2D2D2D2D2D2D2D2D2D2D2D2D2D2D2DE6C8','2015-12-03 11:11:47'),(359,1,1005,2,NULL,'32324149544131305831474550504E47433541464B46414138444730383035314141414130312D2D2D2D2D2D2D2D2D2D2D2D2D2D434C2020434C303832303930333330202020202030303038313032312D2D2D2D2D2D2D2D2D2D2D2D2D2D2D2D2D2D2D2D2D2D2D2D2D2D2D2D2D2D2D2D2D2D2D2D2D2D2D2D2D2D2D2D2D2DE6BB','2015-12-03 11:15:02'),(360,4,1005,22,NULL,'3232414954413150313047534F204E4749374143394D414133414C39323131314141414130312020202020202020202020202020434C2020434C3036323839303831352020202020303030363037323120202020202020202020202020202020202020202020202020202020202020202020202020202020202020202020E9E9','2015-12-03 11:15:02'),(361,4,1005,33,NULL,'3232414954413150313047534F204E4749374146324D414133414C39323131314141414130332D2D2D2D2D2D2D2D2D2D2D2D2D2D434C2020434C303631353930373037202020202030303037303632322D2D2D2D2D2D2D2D2D2D2D2D2D2D2D2D2D2D2D2D2D2D2D2D2D2D2D2D2D2D2D2D2D2D2D2D2D2D2D2D2D2D2D2D2D2DE6E2','2015-12-03 11:15:02'),(362,8,1005,12,NULL,'32324149544131583130474550504E47433541464A46414138444730383034394141414130312D2D2D2D2D2D2D2D2D2D2D2D2D2D434C2020434C303831373930353439202020202030303038303730332D2D2D2D2D2D2D2D2D2D2D2D2D2D2D2D2D2D2D2D2D2D2D2D2D2D2D2D2D2D2D2D2D2D2D2D2D2D2D2D2D2D2D2D2D2DE69D','2015-12-03 11:15:02'),(363,8,1005,9,NULL,'32324149544131583130474550504E47433541464A46414138444730383034394141414130312D2D2D2D2D2D2D2D2D2D2D2D2D2D434C2020434C303832303930313038202020202030303038303532362D2D2D2D2D2D2D2D2D2D2D2D2D2D2D2D2D2D2D2D2D2D2D2D2D2D2D2D2D2D2D2D2D2D2D2D2D2D2D2D2D2D2D2D2D2DE6A9','2015-12-03 11:15:02'),(364,11,1005,1,NULL,'32324149544145433332302020204E47433541473246414133414C39323131304141414530362D2D2D2D2D2D2D2D2D2D2D2D2D2D434C2020434C303932373931323938202020202030303131303531302D2D2D2D2D2D2D2D2D2D2D2D2D2D2D2D2D2D2D2D2D2D2D2D2D2D2D2D2D2D2D2D2D2D2D2D2D2D2D2D2D2D2D2D2D2DE755','2015-12-03 11:15:02'),(365,17,1005,10,NULL,'3232414954414D543136304C4F204E47433541473046414133414C39323130384146414130342D2D2D2D2D2D2D2D2D2D2D2D2D2D434C2020434C303934303930383430202020202030303039313030322D2D2D2D2D2D2D2D2D2D2D2D2D2D2D2D2D2D2D2D2D2D2D2D2D2D2D2D2D2D2D2D2D2D2D2D2D2D2D2D2D2D2D2D2D2DE6E4','2015-12-03 11:15:02'),(366,29,1005,32,NULL,'FFFFFFFFFFFF5050313047455832FFFFFFFFFFFFFFFFFFFFFFFFFFFFFFFFFFFFFFFFFFFFFFFFFFFFFFFFFFFFFFFFFFFFFFFFFFFFFFFFFFFFFFFFFFFFFFFFFFFFFFFFFFFFFFFFFFFFFFFFFFFFFFFFFFFFFFFFFFFFFFFFFFFFFFFFFFFFFFFFFFFFFFFFFFFFFFFFFFFFFFFFFFFFFFFFFFFFFFFFFFFFFFFFFFFFFFFFFFFFFFFF885F','2015-12-03 11:15:02'),(367,29,1005,15,NULL,'FFFFFFFFFFFF5050313047455832FFFFFFFFFFFFFFFFFFFFFFFFFFFFFFFFFFFFFFFFFFFFFFFFFFFFFFFFFFFFFFFFFFFFFFFFFFFFFFFFFFFFFFFFFFFFFFFFFFFFFFFFFFFFFFFFFFFFFFFFFFFFFFFFFFFFFFFFFFFFFFFFFFFFFFFFFFFFFFFFFFFFFFFFFFFFFFFFFFFFFFFFFFFFFFFFFFFFFFFFFFFFFFFFFFFFFFFFFFFFFFFF885F','2015-12-03 11:15:02'),(368,4,1007,26,NULL,'3232414954413150313047534F204E4749374143394D414233414C39323131314141414130322020202020202020202020202020434C2020434C3036313539303733392020202020303030373032313920202020202020202020202020202020202020202020202020202020202020202020202020202020202020202020E9E3','2015-12-03 11:19:01'),(369,4,1007,30,NULL,'3232414954413150313047534F204E4749374143394D414233414C39323131314141414230322020202020202020202020202020434C2020434C3036343139313134382020202020303030363132303320202020202020202020202020202020202020202020202020202020202020202020202020202020202020202020E9EF','2015-12-03 11:19:01'),(370,4,1007,32,NULL,'3232414954413150313047534F204E4749374143394D414233414C39323131314141414230322D2D2D2D2D2D2D2D2D2D2D2D2D2D434C2020434C303634383930363239202020202030303037303330322D2D2D2D2D2D2D2D2D2D2D2D2D2D2D2D2D2D2D2D2D2D2D2D2D2D2D2D2D2D2D2D2D2D2D2D2D2D2D2D2D2D2D2D2D2DE6D9','2015-12-03 11:19:01'),(371,9,1007,16,NULL,'3232414954413450324735534F204E4749374144414D414133414C39323131324141414130312020202020202020202020202020434C2020434C3036323339313932342020202020303030363037313820202020202020202020202020202020202020202020202020202020202020202020202020202020202020202020E9D3','2015-12-03 11:19:01'),(372,9,1007,25,NULL,'3232414954413450324735534F204E4749374144414D414133414C39323131324141414130312020202020202020202020202020434C2020434C3036323939313437392020202020434C30363038313120202020202020202020202020202020202020202020202020202020202020202020202020202020202020202020E99F','2015-12-03 11:19:01'),(373,10,1007,6,NULL,'3232414954413850534F202020204E47493741593232414133414C39323131334141414430332D2D2D2D2D2D2D2D2D2D2D2D2D2D434C2020434C303734393930363437202020202030303131303531322D2D2D2D2D2D2D2D2D2D2D2D2D2D2D2D2D2D2D2D2D2D2D2D2D2D2D2D2D2D2D2D2D2D2D2D2D2D2D2D2D2D2D2D2D2DE722','2015-12-03 11:19:01'),(374,19,1007,10,NULL,'3232414954414D543332304820204E47433541583246414138444730393338394141414330312D2D2D2D2D2D2D2D2D2D2D2D2D2D434C2020434C313330363932323936202020202030303133303530372D2D2D2D2D2D2D2D2D2D2D2D2D2D2D2D2D2D2D2D2D2D2D2D2D2D2D2D2D2D2D2D2D2D2D2D2D2D2D2D2D2D2D2D2D2DE6F8','2015-12-03 11:19:01'),(375,24,1007,1,NULL,'3232414954414D584543333230484E47433541583246414138444730393338374141414430322D2D2D2D2D2D2D2D2D2D2D2D2D2D434C2020434C313330363932323936202020202030303133303530372D2D2D2D2D2D2D2D2D2D2D2D2D2D2D2D2D2D2D2D2D2D2D2D2D2D2D2D2D2D2D2D2D2D2D2D2D2D2D2D2D2D2D2D2D2DE6AC','2015-12-03 11:19:01'),(376,2,1009,16,NULL,'32324149544131305831474553594E47493741555A4D414138444730383035314142414130312D2D2D2D2D2D2D2D2D2D2D2D2D2D434C2020434C303934363931343232202020202030303130303332392D2D2D2D2D2D2D2D2D2D2D2D2D2D2D2D2D2D2D2D2D2D2D2D2D2D2D2D2D2D2D2D2D2D2D2D2D2D2D2D2D2D2D2D2D2DE672','2015-12-03 11:23:05'),(377,10,1009,14,NULL,'3232414954413850534F202020204E4749374144424D414133414C39323131334141414330312D2D2D2D2D2D2D2D2D2D2D2D2D2D434C2020434C303734353930343833202020202030303037313131342D2D2D2D2D2D2D2D2D2D2D2D2D2D2D2D2D2D2D2D2D2D2D2D2D2D2D2D2D2D2D2D2D2D2D2D2D2D2D2D2D2D2D2D2D2DE711','2015-12-03 11:23:05'),(378,10,1009,30,NULL,'3232414954413850534F202020204E4749374144424D414133414C39323131334141414430312D2D2D2D2D2D2D2D2D2D2D2D2D2D434C2020434C303830393931343131202020202030303038303333302D2D2D2D2D2D2D2D2D2D2D2D2D2D2D2D2D2D2D2D2D2D2D2D2D2D2D2D2D2D2D2D2D2D2D2D2D2D2D2D2D2D2D2D2D2DE717','2015-12-03 11:23:05'),(379,16,1009,10,NULL,'3232414954414D54313630482020202020202020202020203844473837353737414141412020202020202020202020202020202056494D2042553131343833303031372020202020202032373033313250726F746F202331352057322056322E302020202020202020202020202020202020202020202020202020202020E91D','2015-12-03 11:23:05'),(380,16,1009,11,NULL,'3232414954414D54313630482020202020202020202020203844473837353737414141422020202020202020202020202020202056494D2042553132313533303030312020202020202031303034313250726F746F20233431205732204D6574616C66697820202020202020202020202020202020202020202020202020E75C','2015-12-03 11:23:05'),(381,23,1009,1,NULL,'3232414954414D58454331363048202020202020202020203844473837353738414141412020202020202020202020202020202056494D2042553131343833303031372020202020202030313132313150726F746F2023313520202020202020202020202020202020202020202020202020202020202020202020202020E988','2015-12-03 11:23:05'),(382,23,1009,20,NULL,'3232414954414D58454331363048202020202020202020203844473837353738414141422020202020202020202020202020202056494D2042553132313533303030312020202020202031303034313250726F746F202334312028342E313729202020202020202020202020202020202020202020202020202020202020E937','2015-12-03 11:23:05'),(383,28,1009,32,NULL,'33304149544150503130474532454E47493841444242414138444730383738354241414330332D2D2D2D2D2D2D2D2D2D2D2D2D2D434C2020434C3133333039303438302020202020202030303133303732362D2D2D2D2D2D2D2D2D2D2D2D2D2D2D2D2D2D2D2D2D2D2D2D2D2D2D2D2D2D2D2D2D2D2D2D2D2D2D2D2D2D2D2DE6D1','2015-12-03 11:23:05'),(384,28,1009,15,NULL,'33304149544150503130474532454E47493841444242414138444730383738354241414330332D2D2D2D2D2D2D2D2D2D2D2D2D2D434C2020434C3133333039303438302020202020202030303133303732362D2D2D2D2D2D2D2D2D2D2D2D2D2D2D2D2D2D2D2D2D2D2D2D2D2D2D2D2D2D2D2D2D2D2D2D2D2D2D2D2D2D2D2DE6D1','2015-12-03 11:23:05'),(385,1,1011,2,NULL,'32324149544131305831474550504E47433541464B46414138444730383035314141414130312D2D2D2D2D2D2D2D2D2D2D2D2D2D434C2020434C303834373930373136202020202030303038313132392D2D2D2D2D2D2D2D2D2D2D2D2D2D2D2D2D2D2D2D2D2D2D2D2D2D2D2D2D2D2D2D2D2D2D2D2D2D2D2D2D2D2D2D2D2DE6A1','2015-12-03 11:26:20'),(386,8,1011,13,NULL,'32324149544131583130474550504E47433541464A46414138444730383034394141414130312D2D2D2D2D2D2D2D2D2D2D2D2D2D434C2020434C303832373931313137202020202030303038303832382D2D2D2D2D2D2D2D2D2D2D2D2D2D2D2D2D2D2D2D2D2D2D2D2D2D2D2D2D2D2D2D2D2D2D2D2D2D2D2D2D2D2D2D2D2DE69C','2015-12-03 11:26:20'),(387,8,1011,12,NULL,'32324149544131583130474550504E47433541464A46414138444730383034394141414230312D2D2D2D2D2D2D2D2D2D2D2D2D2D434C2020434C303933353931373839202020202030303039313030332D2D2D2D2D2D2D2D2D2D2D2D2D2D2D2D2D2D2D2D2D2D2D2D2D2D2D2D2D2D2D2D2D2D2D2D2D2D2D2D2D2D2D2D2D2DE699','2015-12-03 11:26:20'),(388,11,1011,1,NULL,'32324149544145433332302020204E47433541443746414133414C39323131304141414430352D2D2D2D2D2D2D2D2D2D2D2D2D2D434C2020434C303831313930333230202020202030303038303331392D2D2D2D2D2D2D2D2D2D2D2D2D2D2D2D2D2D2D2D2D2D2D2D2D2D2D2D2D2D2D2D2D2D2D2D2D2D2D2D2D2D2D2D2D2DE75F','2015-12-03 11:26:20'),(389,21,1011,10,NULL,'3232414954414D543332304E20204E474335414A3146414133414C39323130384142414130362D2D2D2D2D2D2D2D2D2D2D2D2D2D425520204255303934303530343238202020202030303039313030372D2D2D2D2D2D2D2D2D2D2D2D2D2D2D2D2D2D2D2D2D2D2D2D2D2D2D2D2D2D2D2D2D2D2D2D2D2D2D2D2D2D2D2D2D2DE6FE','2015-12-03 11:26:20'),(390,4,1024,25,NULL,'3232414954413150313047534F204E4749374143394D414233414C39323131314141414230322020202020202020202020202020434C2020434C3036343139303335322020202020303030363132313920202020202020202020202020202020202020202020202020202020202020202020202020202020202020202020E9EC','2015-12-03 11:32:00'),(391,4,1024,4,NULL,'3232414954413150313047534F204E4749374143394D414233414C39323131314141414230322020202020202020202020202020434C2020434C3036343739303938392020202020303030373031303420202020202020202020202020202020202020202020202020202020202020202020202020202020202020202020E9DD','2015-12-03 11:32:00'),(392,5,1024,24,NULL,'3232414954413150313047534F454E47493741594E32414138444732363134314142414130312D2D2D2D2D2D2D2D2D2D2D2D2D2D434C2020434C313134313930313036202020202030303131313030332D2D2D2D2D2D2D2D2D2D2D2D2D2D2D2D2D2D2D2D2D2D2D2D2D2D2D2D2D2D2D2D2D2D2D2D2D2D2D2D2D2D2D2D2D2DE6BE','2015-12-03 11:32:00'),(393,9,1024,36,NULL,'3232414954413450324735534F204E4749374144414D414133414C39323131324141414130312020202020202020202020202020434C2020434C3036313239353239332020202020303030363033323920202020202020202020202020202020202020202020202020202020202020202020202020202020202020202020E9D4','2015-12-03 11:32:00'),(394,9,1024,23,NULL,'3232414954413450324735534F204E4749374144414D414133414C39323131324141414230312D2D2D2D2D2D2D2D2D2D2D2D2D2D434C2020434C303730363930323939202020202030303037303232372D2D2D2D2D2D2D2D2D2D2D2D2D2D2D2D2D2D2D2D2D2D2D2D2D2D2D2D2D2D2D2D2D2D2D2D2D2D2D2D2D2D2D2D2D2DE6C4','2015-12-03 11:32:00'),(395,10,1024,6,NULL,'3232414954413850534F202020204E4749374144424D414133414C39323131334141414430312D2D2D2D2D2D2D2D2D2D2D2D2D2D434C2020434C303830353931323136202020202030303038303332382D2D2D2D2D2D2D2D2D2D2D2D2D2D2D2D2D2D2D2D2D2D2D2D2D2D2D2D2D2D2D2D2D2D2D2D2D2D2D2D2D2D2D2D2D2DE711','2015-12-03 11:32:00'),(396,19,1024,10,NULL,'3232415348424D543332304820204E47433541314246414138444730393338394141414330312D2D2D2D2D2D2D2D2D2D2D2D2D2D595020205950313530343043364446202020202030303135303132392D2D2D2D2D2D2D2D2D2D2D2D2D2D2D2D2D2D2D2D2D2D2D2D2D2D2D2D2D2D2D2D2D2D2D2D2D2D2D2D2D2D2D2D2D2DE6B3','2015-12-03 11:32:00'),(397,19,1024,11,NULL,'3330414954414D54333230482020202020202020202020203844473039333839414141412020202020202020202020202020202056494D20425531313438333030343020202020202020202032333031313250726F746F202338205732204D6574616C466978202020202020202020202020202020202020202020202020E789','2015-12-03 11:32:00'),(398,24,1024,1,NULL,'3232415348424D584543333230484E47433541314246414138444730393338374141414530332D2D2D2D2D2D2D2D2D2D2D2D2D2D595020205950313530343043364446202020202030303135303132392D2D2D2D2D2D2D2D2D2D2D2D2D2D2D2D2D2D2D2D2D2D2D2D2D2D2D2D2D2D2D2D2D2D2D2D2D2D2D2D2D2D2D2D2D2DE665','2015-12-03 11:32:00'),(399,24,1024,20,NULL,'3330414954414D58454333323048202020202020202020203844473039333837414141412020202020202020202020202020202056494D20425531313438333030343020202020202020202032333031313250726F746F202338202020202020202020202020202020202020202020202020202020202020202020202020E9A2','2015-12-03 11:32:00'),(400,31,1024,32,NULL,'33304149544150503147453230452D2D2D2D2D2D2D2D2D2D38444730383738324241414230312D2D2D2D2D2D2D2D2D2D2D2D2D2D4255202042553132303833303036352020202020202030303132303330372D2D2D2D2D2D2D2D2D2D2D2D2D2D2D2D2D2D2D2D2D2D2D2D2D2D2D2D2D2D2D2D2D2D2D2D2D2D2D2D2D2D2D2DE7AF','2015-12-03 11:32:00'),(401,31,1024,15,NULL,'33304149544150503147453230452D2D2D2D2D2D2D2D2D2D38444730383738324241414230312D2D2D2D2D2D2D2D2D2D2D2D2D2D4255202042553132303833303036352020202020202030303132303330372D2D2D2D2D2D2D2D2D2D2D2D2D2D2D2D2D2D2D2D2D2D2D2D2D2D2D2D2D2D2D2D2D2D2D2D2D2D2D2D2D2D2D2DE7AF','2015-12-03 11:32:00'),(402,32,1024,34,NULL,'32324149544150503147455832302D2D2D2D2D2D2D2D2D2D38444730383738324141414130312D2D2D2D2D2D2D2D2D2D2D2D2D2D425520204255313130373330303230202020202030303131303232322D2D2D2D2D2D2D2D2D2D2D2D2D2D2D2D2D2D2D2D2D2D2D2D2D2D2D2D2D2D2D2D2D2D2D2D2D2D2D2D2D2D2D2D2D2DE793','2015-12-03 11:32:00'),(403,32,1024,17,NULL,'32324149544150503147455832302D2D2D2D2D2D2D2D2D2D38444730383738324141414130312D2D2D2D2D2D2D2D2D2D2D2D2D2D425520204255313130373330303230202020202030303131303232322D2D2D2D2D2D2D2D2D2D2D2D2D2D2D2D2D2D2D2D2D2D2D2D2D2D2D2D2D2D2D2D2D2D2D2D2D2D2D2D2D2D2D2D2D2DE793','2015-12-03 11:32:00'),(404,32,1024,13,NULL,'FFFFFFFFFFFF5050314745583230FFFFFFFFFFFFFFFFFFFFFFFFFFFFFFFFFFFFFFFFFFFFFFFFFFFFFFFFFFFFFFFFFFFFFFFFFFFFFFFFFFFFFFFFFFFFFFFFFFFFFFFFFFFFFFFFFFFFFFFFFFFFFFFFFFFFFFFFFFFFFFFFFFFFFFFFFFFFFFFFFFFFFFFFFFFFFFFFFFFFFFFFFFFFFFFFFFFFFFFFFFFFFFFFFFFFFFFFFFFFFFFF885F','2015-12-03 11:32:00'),(405,32,1024,30,NULL,'FFFFFFFFFFFF5050314745583230FFFFFFFFFFFFFFFFFFFFFFFFFFFFFFFFFFFFFFFFFFFFFFFFFFFFFFFFFFFFFFFFFFFFFFFFFFFFFFFFFFFFFFFFFFFFFFFFFFFFFFFFFFFFFFFFFFFFFFFFFFFFFFFFFFFFFFFFFFFFFFFFFFFFFFFFFFFFFFFFFFFFFFFFFFFFFFFFFFFFFFFFFFFFFFFFFFFFFFFFFFFFFFFFFFFFFFFFFFFFFFFF885F','2015-12-03 11:32:00');
/*!40000 ALTER TABLE `T_BOARDS` ENABLE KEYS */;
UNLOCK TABLES;

--
-- Table structure for table `T_BOARD_TYPE`
--

DROP TABLE IF EXISTS `T_BOARD_TYPE`;
/*!40101 SET @saved_cs_client     = @@character_set_client */;
/*!40101 SET character_set_client = utf8 */;
CREATE TABLE `T_BOARD_TYPE` (
  `id_board_type` int(11) NOT NULL,
  `name` varchar(45) NOT NULL,
  `description` varchar(255) DEFAULT NULL,
  `note` varchar(255) DEFAULT NULL,
  PRIMARY KEY (`id_board_type`),
  UNIQUE KEY `id_board_type_UNIQUE` (`id_board_type`),
  UNIQUE KEY `name_UNIQUE` (`name`)
) ENGINE=InnoDB DEFAULT CHARSET=utf8;
/*!40101 SET character_set_client = @saved_cs_client */;

--
-- Dumping data for table `T_BOARD_TYPE`
--

LOCK TABLES `T_BOARD_TYPE` WRITE;
/*!40000 ALTER TABLE `T_BOARD_TYPE` DISABLE KEYS */;
INSERT INTO `T_BOARD_TYPE` VALUES (0,'UNKNOWN',NULL,NULL),(1,'10X1GEPP',NULL,NULL),(2,'10X1GESY',NULL,NULL),(3,'10XANY',NULL,NULL),(4,'1P10GSO',NULL,NULL),(5,'1P10GSOE',NULL,NULL),(6,'1POTU2',NULL,NULL),(7,'1POTU2XB',NULL,NULL),(8,'1X10GEPP',NULL,NULL),(9,'4P2G5SO',NULL,NULL),(10,'8PSO',NULL,NULL),(11,'EC320',NULL,NULL),(12,'LOA10G',NULL,NULL),(13,'MRSOE',NULL,NULL),(14,'MSATM',NULL,NULL),(15,'MSPP',NULL,NULL),(16,'MT160H',NULL,NULL),(17,'MT160LO',NULL,NULL),(18,'MT160N',NULL,NULL),(19,'MT320H',NULL,NULL),(20,'MT320LO',NULL,NULL),(21,'MT320N',NULL,NULL),(22,'MT320ND',NULL,NULL),(23,'MXEC160H',NULL,NULL),(24,'MXEC320H',NULL,NULL),(25,'MXH60GLO',NULL,NULL),(26,'PP100GE1',NULL,NULL),(27,'PP10GE10',NULL,NULL),(28,'PP10GE2E',NULL,NULL),(29,'PP10GEX2',NULL,NULL),(30,'PP1588',NULL,NULL),(31,'PP1GE20E',NULL,NULL),(32,'PP1GEX20',NULL,NULL),(33,'PPCEGW',NULL,NULL);
/*!40000 ALTER TABLE `T_BOARD_TYPE` ENABLE KEYS */;
UNLOCK TABLES;

--
-- Table structure for table `T_DOMAIN`
--

DROP TABLE IF EXISTS `T_DOMAIN`;
/*!40101 SET @saved_cs_client     = @@character_set_client */;
/*!40101 SET character_set_client = utf8 */;
CREATE TABLE `T_DOMAIN` (
  `id_domain` int(11) NOT NULL AUTO_INCREMENT,
  `T_SW_REL_id_sw_rel` varchar(45) NOT NULL,
  `T_PROD_id_prod` int(11) NOT NULL,
  `T_AREA_id_area` int(11) NOT NULL,
  `T_SCOPE_id_scope` int(11) NOT NULL,
  PRIMARY KEY (`id_domain`),
  UNIQUE KEY `id_domain_UNIQUE` (`id_domain`),
  KEY `fk_T_STORY_T_SW_REL1_idx` (`T_SW_REL_id_sw_rel`),
  KEY `fk_T_STORY_T_PROD1_idx` (`T_PROD_id_prod`),
  KEY `fk_T_DOMAIN_T_AREA1_idx` (`T_AREA_id_area`),
  KEY `fk_T_DOMAIN_T_SCOPE1_idx` (`T_SCOPE_id_scope`),
  CONSTRAINT `fk_T_DOMAIN_T_AREA1` FOREIGN KEY (`T_AREA_id_area`) REFERENCES `T_AREA` (`id_area`) ON DELETE NO ACTION ON UPDATE NO ACTION,
  CONSTRAINT `fk_T_DOMAIN_T_SCOPE1` FOREIGN KEY (`T_SCOPE_id_scope`) REFERENCES `T_SCOPE` (`id_scope`) ON DELETE NO ACTION ON UPDATE NO ACTION,
  CONSTRAINT `fk_T_STORY_T_PROD1` FOREIGN KEY (`T_PROD_id_prod`) REFERENCES `T_PROD` (`id_prod`) ON DELETE NO ACTION ON UPDATE NO ACTION,
  CONSTRAINT `fk_T_STORY_T_SW_REL1` FOREIGN KEY (`T_SW_REL_id_sw_rel`) REFERENCES `T_SW_REL` (`id_sw_rel`) ON DELETE NO ACTION ON UPDATE NO ACTION
) ENGINE=InnoDB AUTO_INCREMENT=13 DEFAULT CHARSET=utf8;
/*!40101 SET character_set_client = @saved_cs_client */;

--
-- Dumping data for table `T_DOMAIN`
--

LOCK TABLES `T_DOMAIN` WRITE;
/*!40000 ALTER TABLE `T_DOMAIN` DISABLE KEYS */;
INSERT INTO `T_DOMAIN` VALUES (5,'1',1,8,1),(6,'1',1,6,1),(10,'1',1,10,2),(11,'1',1,9,1);
/*!40000 ALTER TABLE `T_DOMAIN` ENABLE KEYS */;
UNLOCK TABLES;

--
-- Table structure for table `T_EPIC`
--

DROP TABLE IF EXISTS `T_EPIC`;
/*!40101 SET @saved_cs_client     = @@character_set_client */;
/*!40101 SET character_set_client = utf8 */;
CREATE TABLE `T_EPIC` (
  `id_epic` int(11) NOT NULL AUTO_INCREMENT,
  `epic_reference` varchar(45) NOT NULL,
  `T_PROD_id_prod` int(11) NOT NULL,
  PRIMARY KEY (`id_epic`),
  UNIQUE KEY `id_product_UNIQUE` (`id_epic`),
  KEY `fk_T_EPIC_T_PROD1_idx` (`T_PROD_id_prod`),
  CONSTRAINT `fk_T_EPIC_T_PROD1` FOREIGN KEY (`T_PROD_id_prod`) REFERENCES `T_PROD` (`id_prod`) ON DELETE NO ACTION ON UPDATE NO ACTION
) ENGINE=InnoDB DEFAULT CHARSET=utf8;
/*!40101 SET character_set_client = @saved_cs_client */;

--
-- Dumping data for table `T_EPIC`
--

LOCK TABLES `T_EPIC` WRITE;
/*!40000 ALTER TABLE `T_EPIC` DISABLE KEYS */;
/*!40000 ALTER TABLE `T_EPIC` ENABLE KEYS */;
UNLOCK TABLES;

--
-- Table structure for table `T_EQPT_BOOKING`
--

DROP TABLE IF EXISTS `T_EQPT_BOOKING`;
/*!40101 SET @saved_cs_client     = @@character_set_client */;
/*!40101 SET character_set_client = utf8 */;
CREATE TABLE `T_EQPT_BOOKING` (
  `id_booking` int(11) NOT NULL AUTO_INCREMENT,
  `T_EQUIPMENT_id_equipment` int(11) NOT NULL,
  `user` varchar(45) NOT NULL,
  `dateFROM` date DEFAULT NULL,
  `dateTO` date DEFAULT NULL,
  PRIMARY KEY (`id_booking`),
  UNIQUE KEY `id_booking_UNIQUE` (`id_booking`),
  KEY `fk_T_EQPT_BOOKING_T_EQUIPMENT1_idx` (`T_EQUIPMENT_id_equipment`),
  CONSTRAINT `fk_T_EQPT_BOOKING_T_EQUIPMENT1` FOREIGN KEY (`T_EQUIPMENT_id_equipment`) REFERENCES `T_EQUIPMENT` (`id_equipment`) ON DELETE NO ACTION ON UPDATE NO ACTION
) ENGINE=InnoDB AUTO_INCREMENT=3 DEFAULT CHARSET=utf8;
/*!40101 SET character_set_client = @saved_cs_client */;

--
-- Dumping data for table `T_EQPT_BOOKING`
--

LOCK TABLES `T_EQPT_BOOKING` WRITE;
/*!40000 ALTER TABLE `T_EQPT_BOOKING` DISABLE KEYS */;
INSERT INTO `T_EQPT_BOOKING` VALUES (1,1,'IPPOLF','2015-10-01','2015-10-02'),(2,2,'COLOMX','2015-11-22','2015-11-23');
/*!40000 ALTER TABLE `T_EQPT_BOOKING` ENABLE KEYS */;
UNLOCK TABLES;

--
-- Table structure for table `T_EQPT_CRED`
--

DROP TABLE IF EXISTS `T_EQPT_CRED`;
/*!40101 SET @saved_cs_client     = @@character_set_client */;
/*!40101 SET character_set_client = utf8 */;
CREATE TABLE `T_EQPT_CRED` (
  `cred_id` int(11) NOT NULL,
  `T_EQPT_CRED_TYPE_id_cred_type` int(11) NOT NULL,
  `T_EQUIPMENT_id_equipment` int(11) DEFAULT NULL,
  `usr` varchar(45) DEFAULT NULL,
  `pwd` varchar(45) DEFAULT NULL,
  PRIMARY KEY (`cred_id`),
  UNIQUE KEY `cred_id_UNIQUE` (`cred_id`),
  KEY `fk_T_EQPT_CRED_T_EQPT_CRED_TYPE1_idx` (`T_EQPT_CRED_TYPE_id_cred_type`),
  KEY `fk_T_EQPT_CRED_T_EQUIPMENT1_idx` (`T_EQUIPMENT_id_equipment`),
  CONSTRAINT `fk_T_EQPT_CRED_T_EQPT_CRED_TYPE1` FOREIGN KEY (`T_EQPT_CRED_TYPE_id_cred_type`) REFERENCES `T_EQPT_CRED_TYPE` (`idT_EQPT_CRED_TYPE`) ON DELETE NO ACTION ON UPDATE NO ACTION,
  CONSTRAINT `fk_T_EQPT_CRED_T_EQUIPMENT1` FOREIGN KEY (`T_EQUIPMENT_id_equipment`) REFERENCES `T_EQUIPMENT` (`id_equipment`) ON DELETE NO ACTION ON UPDATE NO ACTION
) ENGINE=InnoDB DEFAULT CHARSET=utf8;
/*!40101 SET character_set_client = @saved_cs_client */;

--
-- Dumping data for table `T_EQPT_CRED`
--

LOCK TABLES `T_EQPT_CRED` WRITE;
/*!40000 ALTER TABLE `T_EQPT_CRED` DISABLE KEYS */;
INSERT INTO `T_EQPT_CRED` VALUES (1,1,NULL,'root','alcatel'),(2,2,NULL,'admin','Root1850'),(3,3,NULL,'admin','Root1850'),(100,4,1009,'admin','Alcatel1'),(101,5,1009,'admin','Alcatel1');
/*!40000 ALTER TABLE `T_EQPT_CRED` ENABLE KEYS */;
UNLOCK TABLES;

--
-- Table structure for table `T_EQPT_CRED_TYPE`
--

DROP TABLE IF EXISTS `T_EQPT_CRED_TYPE`;
/*!40101 SET @saved_cs_client     = @@character_set_client */;
/*!40101 SET character_set_client = utf8 */;
CREATE TABLE `T_EQPT_CRED_TYPE` (
  `idT_EQPT_CRED_TYPE` int(11) NOT NULL,
  `cr_type` varchar(45) NOT NULL,
  PRIMARY KEY (`idT_EQPT_CRED_TYPE`),
  UNIQUE KEY `idT_EQPT_CRED_TYPE_UNIQUE` (`idT_EQPT_CRED_TYPE`)
) ENGINE=InnoDB DEFAULT CHARSET=utf8;
/*!40101 SET character_set_client = @saved_cs_client */;

--
-- Dumping data for table `T_EQPT_CRED_TYPE`
--

LOCK TABLES `T_EQPT_CRED_TYPE` WRITE;
/*!40000 ALTER TABLE `T_EQPT_CRED_TYPE` DISABLE KEYS */;
INSERT INTO `T_EQPT_CRED_TYPE` VALUES (1,'1850TSS320_UNIX'),(2,'1850TSS320_TL1_FACTORY'),(3,'1850TSS320_CLI_FACTORY'),(4,'1850TSS320_TL1'),(5,'1850TSS320_CLI');
/*!40000 ALTER TABLE `T_EQPT_CRED_TYPE` ENABLE KEYS */;
UNLOCK TABLES;

--
-- Table structure for table `T_EQUIPMENT`
--

DROP TABLE IF EXISTS `T_EQUIPMENT`;
/*!40101 SET @saved_cs_client     = @@character_set_client */;
/*!40101 SET character_set_client = utf8 */;
CREATE TABLE `T_EQUIPMENT` (
  `id_equipment` int(11) NOT NULL AUTO_INCREMENT,
  `name` varchar(45) NOT NULL,
  `T_EQUIP_TYPE_id_type` int(11) NOT NULL,
  `T_LOCATION_id_location` int(11) NOT NULL,
  `T_SCOPE_id_scope` int(11) NOT NULL,
  `T_PACKAGES_id_pack` int(11) DEFAULT NULL,
  `owner` varchar(45) DEFAULT NULL,
  `inUse` tinyint(1) DEFAULT NULL,
  `description` varchar(64) DEFAULT NULL,
  `note` varchar(64) DEFAULT NULL,
  PRIMARY KEY (`id_equipment`),
  UNIQUE KEY `id_equipment_UNIQUE` (`id_equipment`),
  UNIQUE KEY `name_UNIQUE` (`name`),
  KEY `fk_T_EQUIPMENT_T_EQUIP_TYPE1_idx` (`T_EQUIP_TYPE_id_type`),
  KEY `fk_T_EQUIPMENT_T_LOCATION1_idx` (`T_LOCATION_id_location`),
  KEY `fk_T_EQUIPMENT_T_SCOPE1_idx` (`T_SCOPE_id_scope`),
  KEY `fk_T_EQUIPMENT_T_PACKAGES1_idx` (`T_PACKAGES_id_pack`),
  CONSTRAINT `fk_T_EQUIPMENT_T_EQUIP_TYPE1` FOREIGN KEY (`T_EQUIP_TYPE_id_type`) REFERENCES `T_EQUIP_TYPE` (`id_type`) ON DELETE NO ACTION ON UPDATE NO ACTION,
  CONSTRAINT `fk_T_EQUIPMENT_T_LOCATION1` FOREIGN KEY (`T_LOCATION_id_location`) REFERENCES `T_LOCATION` (`id_location`) ON DELETE NO ACTION ON UPDATE NO ACTION,
  CONSTRAINT `fk_T_EQUIPMENT_T_PACKAGES1` FOREIGN KEY (`T_PACKAGES_id_pack`) REFERENCES `T_PACKAGES` (`id_pack`) ON DELETE NO ACTION ON UPDATE NO ACTION,
  CONSTRAINT `fk_T_EQUIPMENT_T_SCOPE1` FOREIGN KEY (`T_SCOPE_id_scope`) REFERENCES `T_SCOPE` (`id_scope`) ON DELETE NO ACTION ON UPDATE NO ACTION
) ENGINE=InnoDB AUTO_INCREMENT=1045 DEFAULT CHARSET=utf8;
/*!40101 SET character_set_client = @saved_cs_client */;

--
-- Dumping data for table `T_EQUIPMENT`
--

LOCK TABLES `T_EQUIPMENT` WRITE;
/*!40000 ALTER TABLE `T_EQUIPMENT` DISABLE KEYS */;
INSERT INTO `T_EQUIPMENT` VALUES (1,'AUTO-1',1,1,1,NULL,'COLOMX',1,'',''),(2,'AUTO-IXIA',2,2,1,NULL,'IPPOLF',1,'ccccccc','fffff'),(3,'AUTO-2',3,1,1,NULL,'COLOMX',0,NULL,NULL),(4,'AUTO-3',4,1,1,NULL,'COLOMX',0,NULL,NULL),(5,'AUTO-4',5,1,1,NULL,'COLOMX',0,NULL,NULL),(6,'AUTO-5',6,1,1,NULL,'COLOMX',1,NULL,NULL),(7,'AUTO-21',1,11,2,NULL,'TOSIMA',1,NULL,NULL),(8,'AUTO-22',1,12,2,NULL,'TOSIMA',1,NULL,NULL),(9,'AUTO-23',1,13,2,NULL,'TOSIMA',1,NULL,NULL),(10,'AUTO-24',1,14,2,NULL,'TOSIMA',1,NULL,NULL),(11,'AUTO-25',1,15,2,NULL,'TOSIMA',1,NULL,NULL),(12,'AUTO-26',1,16,2,NULL,'TOSIMA',1,NULL,NULL),(13,'LANTRONIX_6_3',101,17,7,NULL,'COLOMX',1,NULL,NULL),(20,'ONT506-1',50,100,7,NULL,'CUTILLI',1,NULL,'verificare posizione'),(21,'ONT601-1',51,100,99,NULL,'CUTILLI',1,NULL,NULL),(100,'COMMON-1',1,206,4,NULL,NULL,NULL,NULL,NULL),(101,'COMMON-2',1,212,4,NULL,NULL,NULL,NULL,NULL),(102,'COMMON-3',1,213,4,NULL,NULL,NULL,NULL,NULL),(103,'COMMON-4',1,218,4,NULL,NULL,NULL,NULL,NULL),(104,'COMMON-7',8,217,4,NULL,NULL,1,NULL,NULL),(105,'COMMON-6',1,231,4,NULL,NULL,NULL,NULL,NULL),(106,'COMMON-10',7,249,4,NULL,NULL,1,NULL,NULL),(107,'COMMON-8',1,237,4,NULL,NULL,NULL,NULL,NULL),(108,'COMMON-9',3,238,4,NULL,NULL,NULL,NULL,NULL),(110,'COMMON-11',1,243,4,NULL,NULL,NULL,NULL,NULL),(112,'COMMON-13',5,250,4,NULL,'Nespoli',NULL,NULL,NULL),(114,'COMMON-15',1,209,4,NULL,NULL,NULL,NULL,NULL),(115,'COMMON-16',1,210,4,NULL,NULL,NULL,NULL,NULL),(116,'COMMON-17',1,215,4,NULL,'Ferraresi',NULL,NULL,NULL),(117,'COMMON-18',1,216,4,NULL,NULL,NULL,NULL,NULL),(118,'COMMON-19',1,221,4,NULL,NULL,NULL,NULL,NULL),(120,'COMMON-21',1,234,4,NULL,NULL,NULL,NULL,NULL),(121,'COMMON-22',1,235,4,NULL,NULL,NULL,NULL,NULL),(122,'COMMON-23',1,240,4,NULL,NULL,NULL,NULL,NULL),(123,'COMMON-24',1,241,4,NULL,NULL,NULL,NULL,NULL),(125,'COMMON-26',7,247,4,NULL,NULL,NULL,NULL,NULL),(126,'COMMON-27',7,248,4,NULL,NULL,NULL,NULL,NULL),(127,'COMMON-28',4,252,4,NULL,'Zerbinati',1,NULL,NULL),(128,'COMMON-29',4,253,4,NULL,'Colosio',1,NULL,NULL),(129,'COMMON-30',4,245,4,NULL,'',1,NULL,NULL),(130,'COMMON-31',1,503,4,NULL,'Ragionieri',1,'CES/CEP',NULL),(131,'COMMON-32',1,504,4,NULL,'Casiraghi',1,'Test',NULL),(132,'COMMON-33',1,500,4,NULL,'Colosio',1,'Synchro ',NULL),(133,'COMMON-34',1,501,4,NULL,'Colosio',1,'Synchro',NULL),(134,'COMMON-35',1,644,2,NULL,'Ghezzi',1,'TDM',NULL),(135,'COMMON-5',4,207,4,NULL,NULL,1,NULL,NULL),(200,'UNKNOWN-01',4,100,99,NULL,'Beretta',1,NULL,NULL),(201,'UNKNOWN-02',4,101,99,NULL,'Beretta',1,NULL,NULL),(202,'UNKNOWN-11',1,118,99,NULL,'Musto',1,NULL,NULL),(203,'UNKNOWN-03',1,104,99,NULL,'Alberio',1,NULL,NULL),(204,'COMMON-36',1,106,99,NULL,'Beretta',1,NULL,''),(205,'COMMON-37',1,107,99,NULL,'Beretta',1,NULL,''),(206,'UNKNOWN-06',9,110,99,NULL,'Alberio',1,NULL,'Verificare shelf (3C?)'),(207,'UNKNOWN-07',1,112,99,NULL,'Beretta',1,NULL,NULL),(208,'UNKNOWN-08',1,113,99,NULL,'Beretta',1,NULL,NULL),(209,'UNKNOWN-09',4,115,99,NULL,'Alberio',1,NULL,NULL),(210,'UNKNOWN-10',4,116,99,NULL,'Alberio',1,NULL,NULL),(211,'UNKNOWN-12',1,119,99,NULL,'Musto',1,NULL,NULL),(212,'UNKNOWN-13',1,121,99,NULL,'Alberio',1,NULL,NULL),(213,'UNKNOWN-14',1,122,99,NULL,'Alberio',1,NULL,NULL),(214,'UNKNOWN-15',1,130,99,NULL,'Valvo',1,NULL,'Shelf vuoto'),(215,'UNKNOWN-16',1,131,99,NULL,'Valvo',1,NULL,NULL),(216,'UNKNOWN-17',1,136,99,NULL,'Valvo',1,NULL,NULL),(217,'UNKNOWN-18',1,137,8,NULL,'Valvo',1,NULL,'ex Mazzoleni'),(218,'UNKNOWN-19',1,139,8,NULL,'Mazzoleni',1,NULL,NULL),(219,'UNKNOWN-20',1,140,99,NULL,'Mazzoleni',1,NULL,NULL),(220,'UNKNOWN-21',12,145,99,NULL,'Mazzoleni',1,NULL,NULL),(221,'UNKNOWN-22',1,146,99,NULL,'Mazzoleni',1,NULL,NULL),(222,'UNKNOWN-23',10,148,99,NULL,'Mazzoleni',1,NULL,NULL),(223,'UNKNOWN-24',1,149,99,NULL,'Mazzoleni',1,NULL,NULL),(224,'UNKNOWN-25',5,151,99,NULL,'Mazzoleni',1,NULL,NULL),(225,'UNKNOWN-26',4,152,99,NULL,'Mazzoleni',1,NULL,NULL),(250,'UNKNOWN-50',11,133,99,NULL,NULL,1,NULL,NULL),(301,'DATA-01',1,607,1,NULL,NULL,1,NULL,NULL),(302,'DATA-02',1,608,1,NULL,NULL,1,NULL,NULL),(303,'DATA-03',1,613,1,NULL,NULL,1,NULL,NULL),(305,'DATA-05',4,619,1,NULL,NULL,1,NULL,NULL),(306,'DATA-06',4,620,1,NULL,NULL,1,NULL,NULL),(307,'DATA-07',1,631,1,NULL,NULL,1,NULL,NULL),(308,'DATA-08',1,632,1,NULL,NULL,1,NULL,NULL),(309,'DATA-09',1,637,1,NULL,NULL,1,NULL,NULL),(310,'DATA-10',3,638,1,NULL,NULL,1,NULL,NULL),(311,'DATA-11',1,643,1,NULL,NULL,1,NULL,NULL),(313,'DATA-13',1,649,1,NULL,NULL,1,NULL,NULL),(314,'DATA-14',4,650,1,NULL,NULL,1,NULL,NULL),(315,'DATA-15',1,610,1,NULL,NULL,1,NULL,NULL),(316,'DATA-16',1,611,1,NULL,NULL,1,NULL,NULL),(317,'DATA-17',4,616,1,NULL,NULL,1,NULL,NULL),(318,'DATA-18',4,617,1,NULL,NULL,1,NULL,NULL),(319,'DATA-19',1,622,1,NULL,NULL,1,NULL,NULL),(320,'DATA-20',1,623,1,NULL,NULL,1,NULL,NULL),(321,'DATA-21',1,634,1,NULL,NULL,1,NULL,NULL),(322,'DATA-22',3,635,1,NULL,NULL,1,NULL,NULL),(323,'DATA-23',1,640,1,NULL,NULL,1,NULL,NULL),(324,'DATA-24',1,641,1,NULL,NULL,1,NULL,NULL),(325,'DATA-25',4,646,1,NULL,NULL,1,NULL,NULL),(326,'DATA-26',4,647,1,NULL,NULL,1,NULL,NULL),(327,'DATA-27',1,652,1,NULL,NULL,1,NULL,NULL),(328,'DATA-28',4,653,1,NULL,NULL,1,NULL,NULL),(1001,'BI01-A',1,319,6,NULL,'GHELFC',1,'Sanity Test',''),(1002,'BI02-A',1,322,6,NULL,'GHELFC',1,'Sanity Test',NULL),(1003,'BI03-A',1,327,6,NULL,'GHELFC',1,'SNCP/SYNCHRO',NULL),(1004,'BI04-A',4,304,6,NULL,'GHELFC',1,'Sanity Test',NULL),(1005,'BI05-A',1,318,6,NULL,'GHELFC',1,'Remote Power Test',NULL),(1006,'BI08-A',5,251,6,NULL,'GHELFC',1,'Loop Ring Test',NULL),(1007,'BI03-B',4,309,6,NULL,'GHELFC',1,'',NULL),(1008,'BI08-B',1,219,6,NULL,'GHELFC',1,'Loop Ring Test',NULL),(1009,'BI08-C',5,244,6,NULL,'GHELFC',1,'Loop Ring Test',NULL),(1010,'BI08-D',3,239,6,NULL,'GHELFC',1,'Loop Ring Test',NULL),(1011,'BI09-A',1,321,6,NULL,'GHELFC',1,'Random Test',NULL),(1012,'BI10-A',1,421,6,NULL,'GHELFC',1,'MM Migration Test',NULL),(1013,'BI10-B',1,422,6,NULL,'GHELFC',1,'MM Migration Test',NULL),(1014,'BI10-C',1,409,6,NULL,'GHELFC',1,'MM Migration Test',NULL),(1015,'BI10-D',1,403,6,NULL,'GHELFC',1,'MM Migration Test',NULL),(1016,'BI10-E',1,614,6,NULL,'GHELFC',1,'MM Migration Test',NULL),(1017,'BI10-F',3,424,6,NULL,'GHELFC',1,'MM Migration Test',NULL),(1018,'BI10-G',3,425,6,NULL,'GHELFC',1,'MM Migration Test',NULL),(1019,'BI10-H',1,223,6,NULL,'GHELFC',1,'MM Migration Test',NULL),(1020,'BI10-I',1,306,6,NULL,'GHELFC',1,'MM Migration Test',NULL),(1021,'BI10-J',1,232,6,NULL,'GHELFC',1,'MM Migration Test',NULL),(1022,'BI11-A',5,328,6,NULL,'GHELFC',1,'MM Migration Test',NULL),(1023,'BI12-A',1,301,6,NULL,'GHELFC',1,'ISU Test',NULL),(1024,'BI12-B',4,303,6,NULL,'GHELFC',1,'ISU Test',NULL),(1025,'BI15-A',1,246,6,NULL,'GHELFC',1,'DropShelf Test',NULL),(1026,'BIXX-1',1,300,6,NULL,'GHELFC',1,NULL,NULL),(1027,'BIXX-2',1,306,6,NULL,'GHELFC',1,NULL,NULL),(1028,'BIXX-3',1,310,6,NULL,'GHELFC',1,NULL,NULL),(1029,'BIXX-4',1,404,6,NULL,'GHELFC',1,NULL,'shelf vuoto'),(1030,'BIXX-5',1,410,6,NULL,'GHELFC',1,NULL,NULL),(1038,'AUTO-1H',1,1,1,NULL,'',1,'',''),(1039,'AUTO-1A',1,1,1,NULL,'',1,'',''),(1040,'AUTO-1C',1,1,1,NULL,'',1,'',''),(1041,'LANTRONIX_5_1',101,2151,7,NULL,'COLOMX',1,' Console Server',''),(1042,'LANTRONIX_5_2',101,2152,7,NULL,'COLOMX',1,' Console Server',''),(1043,'LANTRONIX_5_3',101,2153,7,NULL,'COLOMX',1,' Console Server',''),(1044,'AUTO-12',4,2154,1,NULL,'COLOMX',1,'','');
/*!40000 ALTER TABLE `T_EQUIPMENT` ENABLE KEYS */;
UNLOCK TABLES;

--
-- Table structure for table `T_EQUIP_TYPE`
--

DROP TABLE IF EXISTS `T_EQUIP_TYPE`;
/*!40101 SET @saved_cs_client     = @@character_set_client */;
/*!40101 SET character_set_client = utf8 */;
CREATE TABLE `T_EQUIP_TYPE` (
  `id_type` int(11) NOT NULL AUTO_INCREMENT,
  `name` varchar(45) NOT NULL,
  `description` varchar(45) DEFAULT NULL,
  `family` varchar(45) NOT NULL,
  PRIMARY KEY (`id_type`),
  UNIQUE KEY `id_type_UNIQUE` (`id_type`)
) ENGINE=InnoDB AUTO_INCREMENT=103 DEFAULT CHARSET=utf8;
/*!40101 SET character_set_client = @saved_cs_client */;

--
-- Dumping data for table `T_EQUIP_TYPE`
--

LOCK TABLES `T_EQUIP_TYPE` WRITE;
/*!40000 ALTER TABLE `T_EQUIP_TYPE` DISABLE KEYS */;
INSERT INTO `T_EQUIP_TYPE` VALUES (1,'1850TSS320','Nokia Device','EQPT'),(2,'IXIA','Analyzer Chassis','INSTRUMENT'),(3,'1850TSS160','Nokia Device','EQPT'),(4,'1850TSS320H','Nokia Device','EQPT'),(5,'1850TSS160H','Nokia Device','EQPT'),(6,'1850TSS5','Nokia Device','EQPT'),(7,'1646DS','Nokia Device','EQPT'),(8,'1650','Nokia Device','EQPT'),(9,'1850TSS3','Nokia Device','EQPT'),(10,'1660','Nokia Device','EQPT'),(11,'TSS-320T','Nokia Device','EQPT'),(12,'PSS32S','Nokia Device','EQPT'),(50,'ONT506','Analyzer Chassis','INSTRUMENT'),(51,'ONT601','Analyzer Chassis','INSTRUMENT'),(52,'ONT50','Analyzer Chassis','INSTRUMENT'),(53,'ONT512','Analyzer Chassis','INSTRUMENT'),(100,'Manhattan','Serial Device','CONSOLE SERVER'),(101,'Lantronix','Serial Device','CONSOLE SERVER'),(102,'MRV','Serial Device','CONSOLE SERVER');
/*!40000 ALTER TABLE `T_EQUIP_TYPE` ENABLE KEYS */;
UNLOCK TABLES;

--
-- Table structure for table `T_JIRA_STORY`
--

DROP TABLE IF EXISTS `T_JIRA_STORY`;
/*!40101 SET @saved_cs_client     = @@character_set_client */;
/*!40101 SET character_set_client = utf8 */;
CREATE TABLE `T_JIRA_STORY` (
  `story_reference` varchar(45) NOT NULL,
  `T_EPIC_id_epic` int(11) NOT NULL,
  `T_DOMAIN_id_domain` int(11) NOT NULL,
  PRIMARY KEY (`story_reference`),
  UNIQUE KEY `id_story_UNIQUE` (`story_reference`),
  KEY `fk_T_JIRA_STORY_T_EPIC1_idx` (`T_EPIC_id_epic`),
  KEY `fk_T_JIRA_STORY_T_DOMAIN1` (`T_DOMAIN_id_domain`),
  CONSTRAINT `fk_T_JIRA_STORY_T_DOMAIN1` FOREIGN KEY (`T_DOMAIN_id_domain`) REFERENCES `T_DOMAIN` (`id_domain`) ON DELETE NO ACTION ON UPDATE NO ACTION,
  CONSTRAINT `fk_T_JIRA_STORY_T_EPIC1` FOREIGN KEY (`T_EPIC_id_epic`) REFERENCES `T_EPIC` (`id_epic`) ON DELETE NO ACTION ON UPDATE NO ACTION
) ENGINE=InnoDB DEFAULT CHARSET=utf8;
/*!40101 SET character_set_client = @saved_cs_client */;

--
-- Dumping data for table `T_JIRA_STORY`
--

LOCK TABLES `T_JIRA_STORY` WRITE;
/*!40000 ALTER TABLE `T_JIRA_STORY` DISABLE KEYS */;
/*!40000 ALTER TABLE `T_JIRA_STORY` ENABLE KEYS */;
UNLOCK TABLES;

--
-- Table structure for table `T_LOCATION`
--

DROP TABLE IF EXISTS `T_LOCATION`;
/*!40101 SET @saved_cs_client     = @@character_set_client */;
/*!40101 SET character_set_client = utf8 */;
CREATE TABLE `T_LOCATION` (
  `id_location` int(11) NOT NULL AUTO_INCREMENT,
  `site` varchar(45) DEFAULT NULL,
  `room` varchar(45) DEFAULT NULL,
  `row` varchar(45) DEFAULT NULL,
  `rack` int(11) DEFAULT NULL,
  `pos` int(11) DEFAULT NULL,
  PRIMARY KEY (`id_location`),
  UNIQUE KEY `id_location_UNIQUE` (`id_location`)
) ENGINE=InnoDB AUTO_INCREMENT=2155 DEFAULT CHARSET=utf8;
/*!40101 SET character_set_client = @saved_cs_client */;

--
-- Dumping data for table `T_LOCATION`
--

LOCK TABLES `T_LOCATION` WRITE;
/*!40000 ALTER TABLE `T_LOCATION` DISABLE KEYS */;
INSERT INTO `T_LOCATION` VALUES (1,'Vimercate','Platform2','6D',21,1),(2,'Vimercate','Platform2','6D',25,2),(11,'Vimercate','Platform2','6D',30,1),(12,'Vimercate','Platform2','6D',30,2),(13,'Vimercate','Platform2','6D',28,1),(14,'Vimercate','Platform2','6D',28,2),(15,'Vimercate','Platform2','6D',27,1),(16,'Vimercate','Platform2','6D',27,2),(17,'Vimercate','Platform2','6',0,1),(100,'Vimercate','Platform2','7S',1,1),(101,'Vimercate','Platform2','7S',1,2),(102,'Vimercate','Platform2','7S',1,3),(103,'Vimercate','Platform2','7S',2,1),(104,'Vimercate','Platform2','7S',2,2),(105,'Vimercate','Platform2','7S',2,3),(106,'Vimercate','Platform2','7S',3,1),(107,'Vimercate','Platform2','7S',3,2),(108,'Vimercate','Platform2','7S',3,3),(109,'Vimercate','Platform2','7S',4,1),(110,'Vimercate','Platform2','7S',4,2),(111,'Vimercate','Platform2','7S',4,3),(112,'Vimercate','Platform2','7S',5,1),(113,'Vimercate','Platform2','7S',5,2),(114,'Vimercate','Platform2','7S',5,3),(115,'Vimercate','Platform2','7S',6,1),(116,'Vimercate','Platform2','7S',6,2),(117,'Vimercate','Platform2','7S',6,3),(118,'Vimercate','Platform2','7S',7,1),(119,'Vimercate','Platform2','7S',7,2),(120,'Vimercate','Platform2','7S',7,3),(121,'Vimercate','Platform2','7S',8,1),(122,'Vimercate','Platform2','7S',8,2),(123,'Vimercate','Platform2','7S',8,3),(124,'Vimercate','Platform2','7S',9,1),(125,'Vimercate','Platform2','7S',9,2),(126,'Vimercate','Platform2','7S',9,3),(127,'Vimercate','Platform2','7S',10,1),(128,'Vimercate','Platform2','7S',10,2),(129,'Vimercate','Platform2','7S',10,3),(130,'Vimercate','Platform2','7S',11,1),(131,'Vimercate','Platform2','7S',11,2),(132,'Vimercate','Platform2','7S',11,3),(133,'Vimercate','Platform2','7S',12,1),(134,'Vimercate','Platform2','7S',12,2),(135,'Vimercate','Platform2','7S',12,3),(136,'Vimercate','Platform2','7S',13,1),(137,'Vimercate','Platform2','7S',13,2),(138,'Vimercate','Platform2','7S',13,3),(139,'Vimercate','Platform2','7S',14,1),(140,'Vimercate','Platform2','7S',14,2),(141,'Vimercate','Platform2','7S',14,3),(142,'Vimercate','Platform2','7S',15,1),(143,'Vimercate','Platform2','7S',15,2),(144,'Vimercate','Platform2','7S',15,3),(145,'Vimercate','Platform2','7S',16,1),(146,'Vimercate','Platform2','7S',16,2),(147,'Vimercate','Platform2','7S',16,3),(148,'Vimercate','Platform2','7S',17,1),(149,'Vimercate','Platform2','7S',17,2),(150,'Vimercate','Platform2','7S',17,3),(151,'Vimercate','Platform2','7S',18,1),(152,'Vimercate','Platform2','7S',18,2),(153,'Vimercate','Platform2','7S',18,3),(154,'Vimercate','Platform2','7S',19,1),(155,'Vimercate','Platform2','7S',19,2),(156,'Vimercate','Platform2','7S',19,3),(157,'Vimercate','Platform2','7S',20,1),(158,'Vimercate','Platform2','7S',20,2),(159,'Vimercate','Platform2','7S',20,3),(200,'Vimercate','Platform2','8S',1,1),(201,'Vimercate','Platform2','8S',1,2),(202,'Vimercate','Platform2','8S',1,3),(203,'Vimercate','Platform2','8S',2,1),(204,'Vimercate','Platform2','8S',2,2),(205,'Vimercate','Platform2','8S',2,3),(206,'Vimercate','Platform2','8S',3,1),(207,'Vimercate','Platform2','8S',3,2),(208,'Vimercate','Platform2','8S',3,3),(209,'Vimercate','Platform2','8S',4,1),(210,'Vimercate','Platform2','8S',4,2),(211,'Vimercate','Platform2','8S',4,3),(212,'Vimercate','Platform2','8S',5,1),(213,'Vimercate','Platform2','8S',5,2),(214,'Vimercate','Platform2','8S',5,3),(215,'Vimercate','Platform2','8S',6,1),(216,'Vimercate','Platform2','8S',6,2),(217,'Vimercate','Platform2','8S',6,3),(218,'Vimercate','Platform2','8S',7,1),(219,'Vimercate','Platform2','8S',7,2),(220,'Vimercate','Platform2','8S',7,3),(221,'Vimercate','Platform2','8S',8,1),(223,'Vimercate','Platform2','8S',8,2),(224,'Vimercate','Platform2','8S',8,3),(225,'Vimercate','Platform2','8S',9,1),(226,'Vimercate','Platform2','8S',9,2),(227,'Vimercate','Platform2','8S',9,3),(228,'Vimercate','Platform2','8S',10,1),(229,'Vimercate','Platform2','8S',10,2),(230,'Vimercate','Platform2','8S',10,3),(231,'Vimercate','Platform2','8S',11,1),(232,'Vimercate','Platform2','8S',11,2),(233,'Vimercate','Platform2','8S',11,3),(234,'Vimercate','Platform2','8S',12,1),(235,'Vimercate','Platform2','8S',12,2),(236,'Vimercate','Platform2','8S',12,3),(237,'Vimercate','Platform2','8S',13,1),(238,'Vimercate','Platform2','8S',13,2),(239,'Vimercate','Platform2','8S',13,3),(240,'Vimercate','Platform2','8S',14,1),(241,'Vimercate','Platform2','8S',14,2),(242,'Vimercate','Platform2','8S',14,3),(243,'Vimercate','Platform2','8S',15,1),(244,'Vimercate','Platform2','8S',15,2),(245,'Vimercate','Platform2','8S',15,3),(246,'Vimercate','Platform2','8S',16,1),(247,'Vimercate','Platform2','8S',16,2),(248,'Vimercate','Platform2','8S',16,3),(249,'Vimercate','Platform2','8S',17,1),(250,'Vimercate','Platform2','8S',17,2),(251,'Vimercate','Platform2','8S',17,3),(252,'Vimercate','Platform2','8S',18,1),(253,'Vimercate','Platform2','8S',18,2),(254,'Vimercate','Platform2','8S',18,3),(255,'Vimercate','Platform2','8S',19,1),(256,'Vimercate','Platform2','8S',19,2),(257,'Vimercate','Platform2','8S',19,3),(258,'Vimercate','Platform2','8S',20,1),(259,'Vimercate','Platform2','8S',20,2),(260,'Vimercate','Platform2','8S',20,3),(300,'Vimercate','Platform2','7D',1,1),(301,'Vimercate','Platform2','7D',1,2),(302,'Vimercate','Platform2','7D',1,3),(303,'Vimercate','Platform2','7D',2,1),(304,'Vimercate','Platform2','7D',2,2),(305,'Vimercate','Platform2','7D',2,3),(306,'Vimercate','Platform2','7D',3,1),(307,'Vimercate','Platform2','7D',3,2),(308,'Vimercate','Platform2','7D',3,3),(309,'Vimercate','Platform2','7D',4,1),(310,'Vimercate','Platform2','7D',4,2),(311,'Vimercate','Platform2','7D',4,3),(312,'Vimercate','Platform2','7D',5,1),(313,'Vimercate','Platform2','7D',5,2),(314,'Vimercate','Platform2','7D',5,3),(315,'Vimercate','Platform2','7D',6,1),(316,'Vimercate','Platform2','7D',6,2),(317,'Vimercate','Platform2','7D',6,3),(318,'Vimercate','Platform2','7D',7,1),(319,'Vimercate','Platform2','7D',7,2),(320,'Vimercate','Platform2','7D',7,3),(321,'Vimercate','Platform2','7D',8,1),(322,'Vimercate','Platform2','7D',8,2),(323,'Vimercate','Platform2','7D',8,3),(324,'Vimercate','Platform2','7D',9,1),(325,'Vimercate','Platform2','7D',9,2),(326,'Vimercate','Platform2','7D',9,3),(327,'Vimercate','Platform2','7D',10,1),(328,'Vimercate','Platform2','7D',10,2),(329,'Vimercate','Platform2','7D',10,3),(400,'Vimercate','Platform2','8D',1,1),(401,'Vimercate','Platform2','8D',1,2),(402,'Vimercate','Platform2','8D',1,3),(403,'Vimercate','Platform2','8D',2,1),(404,'Vimercate','Platform2','8D',2,2),(405,'Vimercate','Platform2','8D',2,3),(406,'Vimercate','Platform2','8D',3,1),(407,'Vimercate','Platform2','8D',3,2),(408,'Vimercate','Platform2','8D',3,3),(409,'Vimercate','Platform2','8D',4,1),(410,'Vimercate','Platform2','8D',4,2),(411,'Vimercate','Platform2','8D',4,3),(412,'Vimercate','Platform2','8D',5,1),(413,'Vimercate','Platform2','8D',5,2),(414,'Vimercate','Platform2','8D',5,3),(415,'Vimercate','Platform2','8D',6,1),(416,'Vimercate','Platform2','8D',6,2),(417,'Vimercate','Platform2','8D',6,3),(418,'Vimercate','Platform2','8D',7,1),(419,'Vimercate','Platform2','8D',7,2),(420,'Vimercate','Platform2','8D',7,3),(421,'Vimercate','Platform2','8D',8,1),(422,'Vimercate','Platform2','8D',8,2),(423,'Vimercate','Platform2','8D',8,3),(424,'Vimercate','Platform2','8D',9,1),(425,'Vimercate','Platform2','8D',9,2),(426,'Vimercate','Platform2','8D',9,3),(427,'Vimercate','Platform2','8D',10,1),(428,'Vimercate','Platform2','8D',10,2),(429,'Vimercate','Platform2','8D',10,3),(500,'Vimercate','Platform2','6S',1,1),(501,'Vimercate','Platform2','6S',1,2),(502,'Vimercate','Platform2','6S',1,3),(503,'Vimercate','Platform2','6S',2,1),(504,'Vimercate','Platform2','6S',2,2),(505,'Vimercate','Platform2','6S',2,3),(506,'Vimercate','Platform2','6S',3,1),(507,'Vimercate','Platform2','6S',3,2),(508,'Vimercate','Platform2','6S',3,3),(509,'Vimercate','Platform2','6S',4,1),(510,'Vimercate','Platform2','6S',4,2),(511,'Vimercate','Platform2','6S',4,3),(512,'Vimercate','Platform2','6S',5,1),(513,'Vimercate','Platform2','6S',5,2),(514,'Vimercate','Platform2','6S',5,3),(515,'Vimercate','Platform2','6S',6,1),(516,'Vimercate','Platform2','6S',6,2),(517,'Vimercate','Platform2','6S',6,3),(518,'Vimercate','Platform2','6S',7,1),(519,'Vimercate','Platform2','6S',7,2),(520,'Vimercate','Platform2','6S',7,3),(521,'Vimercate','Platform2','6S',8,1),(522,'Vimercate','Platform2','6S',8,2),(523,'Vimercate','Platform2','6S',8,3),(524,'Vimercate','Platform2','6S',9,1),(525,'Vimercate','Platform2','6S',9,2),(526,'Vimercate','Platform2','6S',9,3),(527,'Vimercate','Platform2','6S',10,1),(528,'Vimercate','Platform2','6S',10,2),(529,'Vimercate','Platform2','6S',10,3),(530,'Vimercate','Platform2','6S',11,1),(531,'Vimercate','Platform2','6S',11,2),(532,'Vimercate','Platform2','6S',11,3),(533,'Vimercate','Platform2','6S',12,1),(534,'Vimercate','Platform2','6S',12,2),(535,'Vimercate','Platform2','6S',12,3),(536,'Vimercate','Platform2','6S',13,1),(537,'Vimercate','Platform2','6S',13,2),(538,'Vimercate','Platform2','6S',13,3),(539,'Vimercate','Platform2','6S',14,1),(540,'Vimercate','Platform2','6S',14,2),(541,'Vimercate','Platform2','6S',14,3),(542,'Vimercate','Platform2','6S',15,1),(543,'Vimercate','Platform2','6S',15,2),(544,'Vimercate','Platform2','6S',15,3),(545,'Vimercate','Platform2','6S',16,1),(546,'Vimercate','Platform2','6S',16,2),(547,'Vimercate','Platform2','6S',16,3),(548,'Vimercate','Platform2','6S',17,1),(549,'Vimercate','Platform2','6S',17,2),(550,'Vimercate','Platform2','6S',17,3),(551,'Vimercate','Platform2','6S',18,1),(552,'Vimercate','Platform2','6S',18,2),(553,'Vimercate','Platform2','6S',18,3),(554,'Vimercate','Platform2','6S',19,1),(555,'Vimercate','Platform2','6S',19,2),(556,'Vimercate','Platform2','6S',19,3),(557,'Vimercate','Platform2','6S',20,1),(558,'Vimercate','Platform2','6S',20,2),(559,'Vimercate','Platform2','6S',20,3),(601,'Vimercate','Platform2','9S',1,1),(602,'Vimercate','Platform2','9S',1,2),(603,'Vimercate','Platform2','9S',1,3),(604,'Vimercate','Platform2','9S',2,1),(605,'Vimercate','Platform2','9S',2,2),(606,'Vimercate','Platform2','9S',2,3),(607,'Vimercate','Platform2','9S',3,1),(608,'Vimercate','Platform2','9S',3,2),(609,'Vimercate','Platform2','9S',3,3),(610,'Vimercate','Platform2','9S',4,1),(611,'Vimercate','Platform2','9S',4,2),(612,'Vimercate','Platform2','9S',4,3),(613,'Vimercate','Platform2','9S',5,1),(614,'Vimercate','Platform2','9S',5,2),(615,'Vimercate','Platform2','9S',5,3),(616,'Vimercate','Platform2','9S',6,1),(617,'Vimercate','Platform2','9S',6,2),(618,'Vimercate','Platform2','9S',6,3),(619,'Vimercate','Platform2','9S',7,1),(620,'Vimercate','Platform2','9S',7,2),(621,'Vimercate','Platform2','9S',7,3),(622,'Vimercate','Platform2','9S',8,1),(623,'Vimercate','Platform2','9S',8,2),(624,'Vimercate','Platform2','9S',8,3),(625,'Vimercate','Platform2','9S',9,1),(626,'Vimercate','Platform2','9S',9,2),(627,'Vimercate','Platform2','9S',9,3),(628,'Vimercate','Platform2','9S',10,1),(629,'Vimercate','Platform2','9S',10,2),(630,'Vimercate','Platform2','9S',10,3),(631,'Vimercate','Platform2','9S',11,1),(632,'Vimercate','Platform2','9S',11,2),(633,'Vimercate','Platform2','9S',11,3),(634,'Vimercate','Platform2','9S',12,1),(635,'Vimercate','Platform2','9S',12,2),(636,'Vimercate','Platform2','9S',12,3),(637,'Vimercate','Platform2','9S',13,1),(638,'Vimercate','Platform2','9S',13,2),(639,'Vimercate','Platform2','9S',13,3),(640,'Vimercate','Platform2','9S',14,1),(641,'Vimercate','Platform2','9S',14,2),(642,'Vimercate','Platform2','9S',14,3),(643,'Vimercate','Platform2','9S',15,1),(644,'Vimercate','Platform2','9S',15,2),(645,'Vimercate','Platform2','9S',15,3),(646,'Vimercate','Platform2','9S',16,1),(647,'Vimercate','Platform2','9S',16,2),(648,'Vimercate','Platform2','9S',16,3),(649,'Vimercate','Platform2','9S',17,1),(650,'Vimercate','Platform2','9S',17,2),(651,'Vimercate','Platform2','9S',17,3),(652,'Vimercate','Platform2','9S',18,1),(653,'Vimercate','Platform2','9S',18,2),(654,'Vimercate','Platform2','9S',18,3),(655,'Vimercate','Platform2','9S',19,1),(656,'Vimercate','Platform2','9S',19,2),(657,'Vimercate','Platform2','9S',19,3),(658,'Vimercate','Platform2','9S',20,1),(659,'Vimercate','Platform2','9S',20,2),(660,'Vimercate','Platform2','9S',20,3),(1001,'Vimercate','Platform2','1S',1,1),(1002,'Vimercate','Platform2','1S',1,2),(1003,'Vimercate','Platform2','1S',1,3),(1004,'Vimercate','Platform2','1S',2,1),(1005,'Vimercate','Platform2','1S',2,2),(1006,'Vimercate','Platform2','1S',2,3),(1007,'Vimercate','Platform2','1S',3,1),(1008,'Vimercate','Platform2','1S',3,2),(1009,'Vimercate','Platform2','1S',3,3),(1010,'Vimercate','Platform2','1S',4,1),(1011,'Vimercate','Platform2','1S',4,2),(1012,'Vimercate','Platform2','1S',4,3),(1013,'Vimercate','Platform2','1S',5,1),(1014,'Vimercate','Platform2','1S',5,2),(1015,'Vimercate','Platform2','1S',5,3),(1016,'Vimercate','Platform2','1S',6,1),(1017,'Vimercate','Platform2','1S',6,2),(1018,'Vimercate','Platform2','1S',6,3),(1019,'Vimercate','Platform2','1S',7,1),(1020,'Vimercate','Platform2','1S',7,2),(1021,'Vimercate','Platform2','1S',7,3),(1022,'Vimercate','Platform2','1S',8,1),(1023,'Vimercate','Platform2','1S',8,2),(1024,'Vimercate','Platform2','1S',8,3),(1025,'Vimercate','Platform2','1S',9,1),(1026,'Vimercate','Platform2','1S',9,2),(1027,'Vimercate','Platform2','1S',9,3),(1028,'Vimercate','Platform2','1S',10,1),(1029,'Vimercate','Platform2','1S',10,2),(1030,'Vimercate','Platform2','1S',10,3),(1031,'Vimercate','Platform2','1S',11,1),(1032,'Vimercate','Platform2','1S',11,2),(1033,'Vimercate','Platform2','1S',11,3),(1034,'Vimercate','Platform2','1S',12,1),(1035,'Vimercate','Platform2','1S',12,2),(1036,'Vimercate','Platform2','1S',12,3),(1037,'Vimercate','Platform2','1S',13,1),(1038,'Vimercate','Platform2','1S',13,2),(1039,'Vimercate','Platform2','1S',13,3),(1040,'Vimercate','Platform2','1S',14,1),(1041,'Vimercate','Platform2','1S',14,2),(1042,'Vimercate','Platform2','1S',14,3),(1043,'Vimercate','Platform2','1S',15,1),(1044,'Vimercate','Platform2','1S',15,2),(1045,'Vimercate','Platform2','1S',15,3),(1046,'Vimercate','Platform2','1S',16,1),(1047,'Vimercate','Platform2','1S',16,2),(1048,'Vimercate','Platform2','1S',16,3),(1049,'Vimercate','Platform2','1S',17,1),(1050,'Vimercate','Platform2','1S',17,2),(1051,'Vimercate','Platform2','1S',17,3),(1052,'Vimercate','Platform2','1S',18,1),(1053,'Vimercate','Platform2','1S',18,2),(1054,'Vimercate','Platform2','1S',18,3),(1055,'Vimercate','Platform2','1S',19,1),(1056,'Vimercate','Platform2','1S',19,2),(1057,'Vimercate','Platform2','1S',19,3),(1058,'Vimercate','Platform2','1S',20,1),(1059,'Vimercate','Platform2','1S',20,2),(1060,'Vimercate','Platform2','1S',20,3),(1061,'Vimercate','Platform2','2S',1,1),(1062,'Vimercate','Platform2','2S',1,2),(1063,'Vimercate','Platform2','2S',1,3),(1064,'Vimercate','Platform2','2S',2,1),(1065,'Vimercate','Platform2','2S',2,2),(1066,'Vimercate','Platform2','2S',2,3),(1067,'Vimercate','Platform2','2S',3,1),(1068,'Vimercate','Platform2','2S',3,2),(1069,'Vimercate','Platform2','2S',3,3),(1070,'Vimercate','Platform2','2S',4,1),(1071,'Vimercate','Platform2','2S',4,2),(1072,'Vimercate','Platform2','2S',4,3),(1073,'Vimercate','Platform2','2S',5,1),(1074,'Vimercate','Platform2','2S',5,2),(1075,'Vimercate','Platform2','2S',5,3),(1076,'Vimercate','Platform2','2S',6,1),(1077,'Vimercate','Platform2','2S',6,2),(1078,'Vimercate','Platform2','2S',6,3),(1079,'Vimercate','Platform2','2S',7,1),(1080,'Vimercate','Platform2','2S',7,2),(1081,'Vimercate','Platform2','2S',7,3),(1082,'Vimercate','Platform2','2S',8,1),(1083,'Vimercate','Platform2','2S',8,2),(1084,'Vimercate','Platform2','2S',8,3),(1085,'Vimercate','Platform2','2S',9,1),(1086,'Vimercate','Platform2','2S',9,2),(1087,'Vimercate','Platform2','2S',9,3),(1088,'Vimercate','Platform2','2S',10,1),(1089,'Vimercate','Platform2','2S',10,2),(1090,'Vimercate','Platform2','2S',10,3),(1091,'Vimercate','Platform2','2S',11,1),(1092,'Vimercate','Platform2','2S',11,2),(1093,'Vimercate','Platform2','2S',11,3),(1094,'Vimercate','Platform2','2S',12,1),(1095,'Vimercate','Platform2','2S',12,2),(1096,'Vimercate','Platform2','2S',12,3),(1097,'Vimercate','Platform2','2S',13,1),(1098,'Vimercate','Platform2','2S',13,2),(1099,'Vimercate','Platform2','2S',13,3),(1100,'Vimercate','Platform2','2S',14,1),(1101,'Vimercate','Platform2','2S',14,2),(1102,'Vimercate','Platform2','2S',14,3),(1103,'Vimercate','Platform2','2S',15,1),(1104,'Vimercate','Platform2','2S',15,2),(1105,'Vimercate','Platform2','2S',15,3),(1106,'Vimercate','Platform2','2S',16,1),(1107,'Vimercate','Platform2','2S',16,2),(1108,'Vimercate','Platform2','2S',16,3),(1109,'Vimercate','Platform2','2S',17,1),(1110,'Vimercate','Platform2','2S',17,2),(1111,'Vimercate','Platform2','2S',17,3),(1112,'Vimercate','Platform2','2S',18,1),(1113,'Vimercate','Platform2','2S',18,2),(1114,'Vimercate','Platform2','2S',18,3),(1115,'Vimercate','Platform2','2S',19,1),(1116,'Vimercate','Platform2','2S',19,2),(1117,'Vimercate','Platform2','2S',19,3),(1118,'Vimercate','Platform2','2S',20,1),(1119,'Vimercate','Platform2','2S',20,2),(1120,'Vimercate','Platform2','2S',20,3),(1121,'Vimercate','Platform2','3S',1,1),(1122,'Vimercate','Platform2','3S',1,2),(1123,'Vimercate','Platform2','3S',1,3),(1124,'Vimercate','Platform2','3S',2,1),(1125,'Vimercate','Platform2','3S',2,2),(1126,'Vimercate','Platform2','3S',2,3),(1127,'Vimercate','Platform2','3S',3,1),(1128,'Vimercate','Platform2','3S',3,2),(1129,'Vimercate','Platform2','3S',3,3),(1130,'Vimercate','Platform2','3S',4,1),(1131,'Vimercate','Platform2','3S',4,2),(1132,'Vimercate','Platform2','3S',4,3),(1133,'Vimercate','Platform2','3S',5,1),(1134,'Vimercate','Platform2','3S',5,2),(1135,'Vimercate','Platform2','3S',5,3),(1136,'Vimercate','Platform2','3S',6,1),(1137,'Vimercate','Platform2','3S',6,2),(1138,'Vimercate','Platform2','3S',6,3),(1139,'Vimercate','Platform2','3S',7,1),(1140,'Vimercate','Platform2','3S',7,2),(1141,'Vimercate','Platform2','3S',7,3),(1142,'Vimercate','Platform2','3S',8,1),(1143,'Vimercate','Platform2','3S',8,2),(1144,'Vimercate','Platform2','3S',8,3),(1145,'Vimercate','Platform2','3S',9,1),(1146,'Vimercate','Platform2','3S',9,2),(1147,'Vimercate','Platform2','3S',9,3),(1148,'Vimercate','Platform2','3S',10,1),(1149,'Vimercate','Platform2','3S',10,2),(1150,'Vimercate','Platform2','3S',10,3),(1151,'Vimercate','Platform2','3S',11,1),(1152,'Vimercate','Platform2','3S',11,2),(1153,'Vimercate','Platform2','3S',11,3),(1154,'Vimercate','Platform2','3S',12,1),(1155,'Vimercate','Platform2','3S',12,2),(1156,'Vimercate','Platform2','3S',12,3),(1157,'Vimercate','Platform2','3S',13,1),(1158,'Vimercate','Platform2','3S',13,2),(1159,'Vimercate','Platform2','3S',13,3),(1160,'Vimercate','Platform2','3S',14,1),(1161,'Vimercate','Platform2','3S',14,2),(1162,'Vimercate','Platform2','3S',14,3),(1163,'Vimercate','Platform2','3S',15,1),(1164,'Vimercate','Platform2','3S',15,2),(1165,'Vimercate','Platform2','3S',15,3),(1166,'Vimercate','Platform2','3S',16,1),(1167,'Vimercate','Platform2','3S',16,2),(1168,'Vimercate','Platform2','3S',16,3),(1169,'Vimercate','Platform2','3S',17,1),(1170,'Vimercate','Platform2','3S',17,2),(1171,'Vimercate','Platform2','3S',17,3),(1172,'Vimercate','Platform2','3S',18,1),(1173,'Vimercate','Platform2','3S',18,2),(1174,'Vimercate','Platform2','3S',18,3),(1175,'Vimercate','Platform2','3S',19,1),(1176,'Vimercate','Platform2','3S',19,2),(1177,'Vimercate','Platform2','3S',19,3),(1178,'Vimercate','Platform2','3S',20,1),(1179,'Vimercate','Platform2','3S',20,2),(1180,'Vimercate','Platform2','3S',20,3),(1181,'Vimercate','Platform2','4S',1,1),(1182,'Vimercate','Platform2','4S',1,2),(1183,'Vimercate','Platform2','4S',1,3),(1184,'Vimercate','Platform2','4S',2,1),(1185,'Vimercate','Platform2','4S',2,2),(1186,'Vimercate','Platform2','4S',2,3),(1187,'Vimercate','Platform2','4S',3,1),(1188,'Vimercate','Platform2','4S',3,2),(1189,'Vimercate','Platform2','4S',3,3),(1190,'Vimercate','Platform2','4S',4,1),(1191,'Vimercate','Platform2','4S',4,2),(1192,'Vimercate','Platform2','4S',4,3),(1193,'Vimercate','Platform2','4S',5,1),(1194,'Vimercate','Platform2','4S',5,2),(1195,'Vimercate','Platform2','4S',5,3),(1196,'Vimercate','Platform2','4S',6,1),(1197,'Vimercate','Platform2','4S',6,2),(1198,'Vimercate','Platform2','4S',6,3),(1199,'Vimercate','Platform2','4S',7,1),(1200,'Vimercate','Platform2','4S',7,2),(1201,'Vimercate','Platform2','4S',7,3),(1202,'Vimercate','Platform2','4S',8,1),(1203,'Vimercate','Platform2','4S',8,2),(1204,'Vimercate','Platform2','4S',8,3),(1205,'Vimercate','Platform2','4S',9,1),(1206,'Vimercate','Platform2','4S',9,2),(1207,'Vimercate','Platform2','4S',9,3),(1208,'Vimercate','Platform2','4S',10,1),(1209,'Vimercate','Platform2','4S',10,2),(1210,'Vimercate','Platform2','4S',10,3),(1211,'Vimercate','Platform2','4S',11,1),(1212,'Vimercate','Platform2','4S',11,2),(1213,'Vimercate','Platform2','4S',11,3),(1214,'Vimercate','Platform2','4S',12,1),(1215,'Vimercate','Platform2','4S',12,2),(1216,'Vimercate','Platform2','4S',12,3),(1217,'Vimercate','Platform2','4S',13,1),(1218,'Vimercate','Platform2','4S',13,2),(1219,'Vimercate','Platform2','4S',13,3),(1220,'Vimercate','Platform2','4S',14,1),(1221,'Vimercate','Platform2','4S',14,2),(1222,'Vimercate','Platform2','4S',14,3),(1223,'Vimercate','Platform2','4S',15,1),(1224,'Vimercate','Platform2','4S',15,2),(1225,'Vimercate','Platform2','4S',15,3),(1226,'Vimercate','Platform2','4S',16,1),(1227,'Vimercate','Platform2','4S',16,2),(1228,'Vimercate','Platform2','4S',16,3),(1229,'Vimercate','Platform2','4S',17,1),(1230,'Vimercate','Platform2','4S',17,2),(1231,'Vimercate','Platform2','4S',17,3),(1232,'Vimercate','Platform2','4S',18,1),(1233,'Vimercate','Platform2','4S',18,2),(1234,'Vimercate','Platform2','4S',18,3),(1235,'Vimercate','Platform2','4S',19,1),(1236,'Vimercate','Platform2','4S',19,2),(1237,'Vimercate','Platform2','4S',19,3),(1238,'Vimercate','Platform2','4S',20,1),(1239,'Vimercate','Platform2','4S',20,2),(1240,'Vimercate','Platform2','4S',20,3),(1241,'Vimercate','Platform2','5S',1,1),(1242,'Vimercate','Platform2','5S',1,2),(1243,'Vimercate','Platform2','5S',1,3),(1244,'Vimercate','Platform2','5S',2,1),(1245,'Vimercate','Platform2','5S',2,2),(1246,'Vimercate','Platform2','5S',2,3),(1247,'Vimercate','Platform2','5S',3,1),(1248,'Vimercate','Platform2','5S',3,2),(1249,'Vimercate','Platform2','5S',3,3),(1250,'Vimercate','Platform2','5S',4,1),(1251,'Vimercate','Platform2','5S',4,2),(1252,'Vimercate','Platform2','5S',4,3),(1253,'Vimercate','Platform2','5S',5,1),(1254,'Vimercate','Platform2','5S',5,2),(1255,'Vimercate','Platform2','5S',5,3),(1256,'Vimercate','Platform2','5S',6,1),(1257,'Vimercate','Platform2','5S',6,2),(1258,'Vimercate','Platform2','5S',6,3),(1259,'Vimercate','Platform2','5S',7,1),(1260,'Vimercate','Platform2','5S',7,2),(1261,'Vimercate','Platform2','5S',7,3),(1262,'Vimercate','Platform2','5S',8,1),(1263,'Vimercate','Platform2','5S',8,2),(1264,'Vimercate','Platform2','5S',8,3),(1265,'Vimercate','Platform2','5S',9,1),(1266,'Vimercate','Platform2','5S',9,2),(1267,'Vimercate','Platform2','5S',9,3),(1268,'Vimercate','Platform2','5S',10,1),(1269,'Vimercate','Platform2','5S',10,2),(1270,'Vimercate','Platform2','5S',10,3),(1271,'Vimercate','Platform2','5S',11,1),(1272,'Vimercate','Platform2','5S',11,2),(1273,'Vimercate','Platform2','5S',11,3),(1274,'Vimercate','Platform2','5S',12,1),(1275,'Vimercate','Platform2','5S',12,2),(1276,'Vimercate','Platform2','5S',12,3),(1277,'Vimercate','Platform2','5S',13,1),(1278,'Vimercate','Platform2','5S',13,2),(1279,'Vimercate','Platform2','5S',13,3),(1280,'Vimercate','Platform2','5S',14,1),(1281,'Vimercate','Platform2','5S',14,2),(1282,'Vimercate','Platform2','5S',14,3),(1283,'Vimercate','Platform2','5S',15,1),(1284,'Vimercate','Platform2','5S',15,2),(1285,'Vimercate','Platform2','5S',15,3),(1286,'Vimercate','Platform2','5S',16,1),(1287,'Vimercate','Platform2','5S',16,2),(1288,'Vimercate','Platform2','5S',16,3),(1289,'Vimercate','Platform2','5S',17,1),(1290,'Vimercate','Platform2','5S',17,2),(1291,'Vimercate','Platform2','5S',17,3),(1292,'Vimercate','Platform2','5S',18,1),(1293,'Vimercate','Platform2','5S',18,2),(1294,'Vimercate','Platform2','5S',18,3),(1295,'Vimercate','Platform2','5S',19,1),(1296,'Vimercate','Platform2','5S',19,2),(1297,'Vimercate','Platform2','5S',19,3),(1298,'Vimercate','Platform2','5S',20,1),(1299,'Vimercate','Platform2','5S',20,2),(1300,'Vimercate','Platform2','5S',20,3),(2001,'Vimercate','Platform2','1D',1,1),(2002,'Vimercate','Platform2','1D',1,2),(2003,'Vimercate','Platform2','1D',1,3),(2004,'Vimercate','Platform2','1D',2,1),(2005,'Vimercate','Platform2','1D',2,2),(2006,'Vimercate','Platform2','1D',2,3),(2007,'Vimercate','Platform2','1D',3,1),(2008,'Vimercate','Platform2','1D',3,2),(2009,'Vimercate','Platform2','1D',3,3),(2010,'Vimercate','Platform2','1D',4,1),(2011,'Vimercate','Platform2','1D',4,2),(2012,'Vimercate','Platform2','1D',4,3),(2013,'Vimercate','Platform2','1D',5,1),(2014,'Vimercate','Platform2','1D',5,2),(2015,'Vimercate','Platform2','1D',5,3),(2016,'Vimercate','Platform2','1D',6,1),(2017,'Vimercate','Platform2','1D',6,2),(2018,'Vimercate','Platform2','1D',6,3),(2019,'Vimercate','Platform2','1D',7,1),(2020,'Vimercate','Platform2','1D',7,2),(2021,'Vimercate','Platform2','1D',7,3),(2022,'Vimercate','Platform2','1D',8,1),(2023,'Vimercate','Platform2','1D',8,2),(2024,'Vimercate','Platform2','1D',8,3),(2025,'Vimercate','Platform2','1D',9,1),(2026,'Vimercate','Platform2','1D',9,2),(2027,'Vimercate','Platform2','1D',9,3),(2028,'Vimercate','Platform2','1D',10,1),(2029,'Vimercate','Platform2','1D',10,2),(2030,'Vimercate','Platform2','1D',10,3),(2031,'Vimercate','Platform2','2D',1,1),(2032,'Vimercate','Platform2','2D',1,2),(2033,'Vimercate','Platform2','2D',1,3),(2034,'Vimercate','Platform2','2D',2,1),(2035,'Vimercate','Platform2','2D',2,2),(2036,'Vimercate','Platform2','2D',2,3),(2037,'Vimercate','Platform2','2D',3,1),(2038,'Vimercate','Platform2','2D',3,2),(2039,'Vimercate','Platform2','2D',3,3),(2040,'Vimercate','Platform2','2D',4,1),(2041,'Vimercate','Platform2','2D',4,2),(2042,'Vimercate','Platform2','2D',4,3),(2043,'Vimercate','Platform2','2D',5,1),(2044,'Vimercate','Platform2','2D',5,2),(2045,'Vimercate','Platform2','2D',5,3),(2046,'Vimercate','Platform2','2D',6,1),(2047,'Vimercate','Platform2','2D',6,2),(2048,'Vimercate','Platform2','2D',6,3),(2049,'Vimercate','Platform2','2D',7,1),(2050,'Vimercate','Platform2','2D',7,2),(2051,'Vimercate','Platform2','2D',7,3),(2052,'Vimercate','Platform2','2D',8,1),(2053,'Vimercate','Platform2','2D',8,2),(2054,'Vimercate','Platform2','2D',8,3),(2055,'Vimercate','Platform2','2D',9,1),(2056,'Vimercate','Platform2','2D',9,2),(2057,'Vimercate','Platform2','2D',9,3),(2058,'Vimercate','Platform2','2D',10,1),(2059,'Vimercate','Platform2','2D',10,2),(2060,'Vimercate','Platform2','2D',10,3),(2061,'Vimercate','Platform2','3D',1,1),(2062,'Vimercate','Platform2','3D',1,2),(2063,'Vimercate','Platform2','3D',1,3),(2064,'Vimercate','Platform2','3D',2,1),(2065,'Vimercate','Platform2','3D',2,2),(2066,'Vimercate','Platform2','3D',2,3),(2067,'Vimercate','Platform2','3D',3,1),(2068,'Vimercate','Platform2','3D',3,2),(2069,'Vimercate','Platform2','3D',3,3),(2070,'Vimercate','Platform2','3D',4,1),(2071,'Vimercate','Platform2','3D',4,2),(2072,'Vimercate','Platform2','3D',4,3),(2073,'Vimercate','Platform2','3D',5,1),(2074,'Vimercate','Platform2','3D',5,2),(2075,'Vimercate','Platform2','3D',5,3),(2076,'Vimercate','Platform2','3D',6,1),(2077,'Vimercate','Platform2','3D',6,2),(2078,'Vimercate','Platform2','3D',6,3),(2079,'Vimercate','Platform2','3D',7,1),(2080,'Vimercate','Platform2','3D',7,2),(2081,'Vimercate','Platform2','3D',7,3),(2082,'Vimercate','Platform2','3D',8,1),(2083,'Vimercate','Platform2','3D',8,2),(2084,'Vimercate','Platform2','3D',8,3),(2085,'Vimercate','Platform2','3D',9,1),(2086,'Vimercate','Platform2','3D',9,2),(2087,'Vimercate','Platform2','3D',9,3),(2088,'Vimercate','Platform2','3D',10,1),(2089,'Vimercate','Platform2','3D',10,2),(2090,'Vimercate','Platform2','3D',10,3),(2091,'Vimercate','Platform2','4D',1,1),(2092,'Vimercate','Platform2','4D',1,2),(2093,'Vimercate','Platform2','4D',1,3),(2094,'Vimercate','Platform2','4D',2,1),(2095,'Vimercate','Platform2','4D',2,2),(2096,'Vimercate','Platform2','4D',2,3),(2097,'Vimercate','Platform2','4D',3,1),(2098,'Vimercate','Platform2','4D',3,2),(2099,'Vimercate','Platform2','4D',3,3),(2100,'Vimercate','Platform2','4D',4,1),(2101,'Vimercate','Platform2','4D',4,2),(2102,'Vimercate','Platform2','4D',4,3),(2103,'Vimercate','Platform2','4D',5,1),(2104,'Vimercate','Platform2','4D',5,2),(2105,'Vimercate','Platform2','4D',5,3),(2106,'Vimercate','Platform2','4D',6,1),(2107,'Vimercate','Platform2','4D',6,2),(2108,'Vimercate','Platform2','4D',6,3),(2109,'Vimercate','Platform2','4D',7,1),(2110,'Vimercate','Platform2','4D',7,2),(2111,'Vimercate','Platform2','4D',7,3),(2112,'Vimercate','Platform2','4D',8,1),(2113,'Vimercate','Platform2','4D',8,2),(2114,'Vimercate','Platform2','4D',8,3),(2115,'Vimercate','Platform2','4D',9,1),(2116,'Vimercate','Platform2','4D',9,2),(2117,'Vimercate','Platform2','4D',9,3),(2118,'Vimercate','Platform2','4D',10,1),(2119,'Vimercate','Platform2','4D',10,2),(2120,'Vimercate','Platform2','4D',10,3),(2121,'Vimercate','Platform2','5D',1,1),(2122,'Vimercate','Platform2','5D',1,2),(2123,'Vimercate','Platform2','5D',1,3),(2124,'Vimercate','Platform2','5D',2,1),(2125,'Vimercate','Platform2','5D',2,2),(2126,'Vimercate','Platform2','5D',2,3),(2127,'Vimercate','Platform2','5D',3,1),(2128,'Vimercate','Platform2','5D',3,2),(2129,'Vimercate','Platform2','5D',3,3),(2130,'Vimercate','Platform2','5D',4,1),(2131,'Vimercate','Platform2','5D',4,2),(2132,'Vimercate','Platform2','5D',4,3),(2133,'Vimercate','Platform2','5D',5,1),(2134,'Vimercate','Platform2','5D',5,2),(2135,'Vimercate','Platform2','5D',5,3),(2136,'Vimercate','Platform2','5D',6,1),(2137,'Vimercate','Platform2','5D',6,2),(2138,'Vimercate','Platform2','5D',6,3),(2139,'Vimercate','Platform2','5D',7,1),(2140,'Vimercate','Platform2','5D',7,2),(2141,'Vimercate','Platform2','5D',7,3),(2142,'Vimercate','Platform2','5D',8,1),(2143,'Vimercate','Platform2','5D',8,2),(2144,'Vimercate','Platform2','5D',8,3),(2145,'Vimercate','Platform2','5D',9,1),(2146,'Vimercate','Platform2','5D',9,2),(2147,'Vimercate','Platform2','5D',9,3),(2148,'Vimercate','Platform2','5D',10,1),(2149,'Vimercate','Platform2','5D',10,2),(2150,'Vimercate','Platform2','5D',10,3),(2151,'Vimercate','Platform2','5',0,1),(2152,'Vimercate','Platform2','5',0,2),(2153,'Vimercate','Platform2','5',0,3),(2154,'Vimercate','Platform2','5',21,2);
/*!40000 ALTER TABLE `T_LOCATION` ENABLE KEYS */;
UNLOCK TABLES;

--
-- Table structure for table `T_NET`
--

DROP TABLE IF EXISTS `T_NET`;
/*!40101 SET @saved_cs_client     = @@character_set_client */;
/*!40101 SET character_set_client = utf8 */;
CREATE TABLE `T_NET` (
  `id_ip` int(11) NOT NULL AUTO_INCREMENT,
  `inUse` tinyint(1) NOT NULL,
  `description` varchar(45) DEFAULT NULL,
  `T_EQUIPMENT_id_equipment` int(11) DEFAULT NULL,
  `protocol` enum('v4','v6') NOT NULL,
  `IP` varchar(45) NOT NULL,
  `NM` varchar(45) DEFAULT NULL,
  `GW` varchar(45) DEFAULT NULL,
  PRIMARY KEY (`id_ip`),
  UNIQUE KEY `id_ip_UNIQUE` (`id_ip`),
  UNIQUE KEY `IP_UNIQUE` (`IP`),
  KEY `fk_T_IP_T_EQUIPMENT1_idx` (`T_EQUIPMENT_id_equipment`),
  CONSTRAINT `fk_T_IP_T_EQUIPMENT1` FOREIGN KEY (`T_EQUIPMENT_id_equipment`) REFERENCES `T_EQUIPMENT` (`id_equipment`) ON DELETE NO ACTION ON UPDATE NO ACTION
) ENGINE=InnoDB AUTO_INCREMENT=176290 DEFAULT CHARSET=utf8;
/*!40101 SET character_set_client = @saved_cs_client */;

--
-- Dumping data for table `T_NET`
--

LOCK TABLES `T_NET` WRITE;
/*!40000 ALTER TABLE `T_NET` DISABLE KEYS */;
INSERT INTO `T_NET` VALUES (2,1,'netDesc2',2,'v4','192.168.0.3','255.255.255.252','192.168.0.1'),(3,1,'netDesc3',3,'v4','192.168.0.4','255.255.255.0','192.168.0.1'),(4,1,'netDesc4',4,'v4','192.168.0.5','255.255.0.0','192.168.0.1'),(5,1,'netDesc5',5,'v4','195.168.0.6','255.0.0.0','192.168.0.1'),(6,1,'netDesc6',6,'v4','192.168.0.7','255.0.0.0','192.168.0.1'),(8,1,'xxx',8,'v4','135.221.124.6','255.255.255.128','135.221.124.1'),(9,1,'xxx',9,'v4','135.221.124.7','255.255.255.128','135.221.124.1'),(10,1,'xxx',10,'v4','135.221.124.8','255.255.255.128','135.221.124.1'),(12,1,'xxx',12,'v4','135.221.124.10','255.255.255.128','135.221.124.1'),(13,1,'yyy',13,'v4','135.221.123.135','255.255.255.128','135.221.123.129'),(123144,1,NULL,20,'v4','135.221.123.144','255.255.255.128','135.221.125.1'),(123147,1,NULL,21,'v4','135.221.123.147','255.255.255.128','135.221.213.1'),(124005,0,NULL,NULL,'v4','135.221.124.5','255.255.255.128','135.221.125.1'),(124009,0,NULL,NULL,'v4','135.221.124.9','255.255.255.128','135.221.125.1'),(124015,0,NULL,NULL,'v4','135.221.124.15','255.255.255.128','135.221.125.1'),(124019,0,NULL,NULL,'v4','135.221.124.19','255.255.255.128','135.221.125.1'),(124025,0,NULL,NULL,'v4','135.221.124.25','255.255.255.128','135.221.125.1'),(124029,0,NULL,NULL,'v4','135.221.124.29','255.255.255.128','135.221.125.1'),(124030,0,NULL,NULL,'v4','135.221.124.30','255.255.255.128','135.221.125.1'),(124034,0,NULL,NULL,'v4','135.221.124.34','255.255.255.128','135.221.125.1'),(124035,0,NULL,NULL,'v4','135.221.124.35','255.255.255.128','135.221.125.1'),(124039,0,NULL,NULL,'v4','135.221.124.39','255.255.255.128','135.221.125.1'),(124040,0,NULL,NULL,'v4','135.221.124.40','255.255.255.128','135.221.125.1'),(124045,0,NULL,NULL,'v4','135.221.124.45','255.255.255.128','135.221.125.1'),(124050,0,NULL,NULL,'v4','135.221.124.50','255.255.255.128','135.221.125.1'),(124054,0,NULL,NULL,'v4','135.221.124.54','255.255.255.128','135.221.125.1'),(124055,0,NULL,NULL,'v4','135.221.124.55','255.255.255.128','135.221.125.1'),(124060,0,NULL,NULL,'v4','135.221.124.60','255.255.255.128','135.221.125.1'),(124064,0,NULL,NULL,'v4','135.221.124.64','255.255.255.128','135.221.125.1'),(124065,0,NULL,NULL,'v4','135.221.124.65','255.255.255.128','135.221.125.1'),(124069,0,NULL,NULL,'v4','135.221.124.69','255.255.255.128','135.221.125.1'),(124070,0,NULL,NULL,'v4','135.221.124.70','255.255.255.128','135.221.125.1'),(124074,0,NULL,NULL,'v4','135.221.124.74','255.255.255.128','135.221.125.1'),(124075,0,NULL,NULL,'v4','135.221.124.75','255.255.255.128','135.221.125.1'),(124079,0,NULL,NULL,'v4','135.221.124.79','255.255.255.128','135.221.125.1'),(124080,0,NULL,NULL,'v4','135.221.124.80','255.255.255.128','135.221.125.1'),(124084,0,NULL,NULL,'v4','135.221.124.84','255.255.255.128','135.221.125.1'),(124085,0,NULL,NULL,'v4','135.221.124.85','255.255.255.128','135.221.125.1'),(124089,0,NULL,NULL,'v4','135.221.124.89','255.255.255.128','135.221.125.1'),(124090,0,NULL,NULL,'v4','135.221.124.90','255.255.255.128','135.221.125.1'),(124094,0,NULL,NULL,'v4','135.221.124.94','255.255.255.128','135.221.125.1'),(124095,0,NULL,NULL,'v4','135.221.124.95','255.255.255.128','135.221.125.1'),(124099,0,NULL,NULL,'v4','135.221.124.99','255.255.255.128','135.221.125.1'),(124100,0,NULL,NULL,'v4','135.221.124.100','255.255.255.128','135.221.125.1'),(124104,0,NULL,NULL,'v4','135.221.124.104','255.255.255.128','135.221.125.1'),(124194,1,NULL,217,'v4','135.221.124.194','255.255.255.128','135.221.124.129'),(124198,1,NULL,218,'v4','135.221.124.198','255.255.255.128','135.221.124.129'),(124199,1,NULL,219,'v4','135.221.124.199','255.255.255.128','135.221.124.129'),(124208,1,NULL,220,'v4','135.221.124.208','255.255.255.128','135.221.124.129'),(124209,1,NULL,221,'v4','135.221.124.209','255.255.255.128','135.221.124.129'),(124213,1,NULL,222,'v4','135.221.124.213','255.255.255.128','135.221.124.129'),(124214,1,NULL,223,'v4','135.221.124.214','255.255.255.128','135.221.124.129'),(124218,1,NULL,224,'v4','135.221.124.218','255.255.255.128','135.221.124.129'),(124219,1,NULL,225,'v4','135.221.124.219','255.255.255.128','135.221.124.129'),(124223,1,'MRV',NULL,'v4','135.221.124.223','255.255.255.128','135.221.124.129'),(124233,1,'PC',NULL,'v4','135.221.214.233','255.255.255.128','135.221.124.129'),(124253,1,'Lantronix',NULL,'v4','135.221.124.253','255.255.255.0','135.221.124.1'),(125005,0,NULL,NULL,'v4','135.221.125.5','255.255.255.128','135.221.125.1'),(125009,0,NULL,NULL,'v4','135.221.125.9','255.255.255.128','135.221.125.1'),(125010,0,NULL,NULL,'v4','135.221.125.10','255.255.255.128','135.221.125.1'),(125014,0,NULL,NULL,'v4','135.221.125.14','255.255.255.128','135.221.125.1'),(125015,0,NULL,NULL,'v4','135.221.125.15','255.255.255.128','135.221.125.1'),(125019,0,NULL,NULL,'v4','135.221.125.19','255.255.255.128','135.221.125.1'),(125020,0,NULL,NULL,'v4','135.221.125.20','255.255.255.128','135.221.125.1'),(125024,0,NULL,NULL,'v4','135.221.125.24','255.255.255.128','135.221.125.1'),(125025,0,NULL,NULL,'v4','135.221.125.25','255.255.255.128','135.221.125.1'),(125029,0,NULL,NULL,'v4','135.221.125.29','255.255.255.128','135.221.125.1'),(125030,1,NULL,116,'v4','135.221.125.30','255.255.255.128','135.221.125.1'),(125034,0,NULL,NULL,'v4','135.221.125.34','255.255.255.128','135.221.125.1'),(125035,0,NULL,NULL,'v4','135.221.125.35','255.255.255.128','135.221.125.1'),(125039,1,NULL,1008,'v4','135.221.125.39','255.255.255.128','135.221.125.1'),(125040,0,NULL,NULL,'v4','135.221.125.40','255.255.255.128','135.221.125.1'),(125044,1,NULL,1019,'v4','135.221.125.44','255.255.255.128','135.221.125.1'),(125045,0,NULL,NULL,'v4','135.221.125.45','255.255.255.128','135.221.125.1'),(125049,0,NULL,NULL,'v4','135.221.125.49','255.255.255.128','135.221.125.1'),(125050,0,NULL,NULL,'v4','135.221.125.50','255.255.255.128','135.221.125.1'),(125054,0,NULL,NULL,'v4','135.221.125.54','255.255.255.128','135.221.125.1'),(125055,0,NULL,NULL,'v4','135.221.125.55','255.255.255.128','135.221.125.1'),(125059,1,NULL,1021,'v4','135.221.125.59','255.255.255.128','135.221.125.1'),(125060,0,NULL,NULL,'v4','135.221.125.60','255.255.255.128','135.221.125.1'),(125064,0,NULL,NULL,'v4','135.221.125.64','255.255.255.128','135.221.125.1'),(125065,0,NULL,NULL,'v4','135.221.125.65','255.255.255.128','135.221.125.1'),(125066,1,NULL,1010,'v4','135.221.125.66','255.255.255.128','135.221.125.1'),(125069,0,NULL,NULL,'v4','135.221.125.69','255.255.255.128','135.221.125.1'),(125070,0,NULL,NULL,'v4','135.221.125.70','255.255.255.128','135.221.125.1'),(125074,0,NULL,NULL,'v4','135.221.125.74','255.255.255.128','135.221.125.1'),(125075,0,NULL,NULL,'v4','135.221.125.75','255.255.255.128','135.221.125.1'),(125079,1,NULL,1009,'v4','135.221.125.79','255.255.255.128','135.221.125.1'),(125080,1,NULL,1025,'v4','135.221.125.80','255.255.255.128','135.221.125.1'),(125084,0,NULL,NULL,'v4','135.221.125.84','255.255.255.128','135.221.125.1'),(125085,1,NULL,112,'v4','135.221.125.85','255.255.255.128','135.221.125.1'),(125089,1,NULL,1006,'v4','135.221.125.89','255.255.255.128','135.221.125.1'),(125090,1,NULL,127,'v4','135.221.125.90','255.255.255.128','135.221.125.1'),(125091,1,NULL,128,'v4','135.221.125.91','255.255.255.128','135.221.125.1'),(125095,0,NULL,NULL,'v4','135.221.125.95','255.255.255.128','135.221.125.1'),(125099,0,NULL,NULL,'v4','135.221.125.99','255.255.255.128','135.221.125.1'),(125100,0,NULL,NULL,'v4','135.221.125.100','255.255.255.128','135.221.125.1'),(125104,0,NULL,NULL,'v4','135.221.125.104','255.255.255.128','135.221.125.1'),(125124,1,'Lantronix',NULL,'v4','135.221.125.124','255.255.255.0','135.221.125.1'),(125125,1,'Lantronix',NULL,'v4','135.221.125.125','255.255.255.0','135.221.125.1'),(125126,1,'Lantronix',NULL,'v4','135.221.125.126','255.255.255.0','135.221.125.1'),(125133,1,'Lantronix',NULL,'v4','135.221.125.133','255.255.255.0','135.221.125.1'),(126026,1,NULL,1016,'v4','135.221.126.26','255.255.255.128','135.221.126.1'),(126076,1,NULL,134,'v4','135.221.126.76','255.255.255.128','135.221.126.1'),(176008,1,'PC Serial Server',NULL,'v4','151.98.176.8','255.255.255.0','151.98.176.1'),(176014,1,NULL,1014,'v4','151.98.176.14','255.255.255.0','151.98.176.1'),(176015,1,NULL,1002,'v4','151.98.176.15','255.255.255.0','151.98.176.1'),(176016,1,NULL,1003,'v4','151.98.176.16','255.255.255.0','151.98.176.1'),(176017,1,NULL,1013,'v4','151.98.176.17','255.255.255.0','151.98.176.1'),(176018,1,NULL,1012,'v4','151.98.176.18','255.255.255.0','151.98.176.1'),(176019,1,NULL,1005,'v4','151.98.176.19','255.255.255.0','151.98.176.1'),(176020,1,NULL,1001,'v4','151.98.176.20','255.255.255.0','151.98.176.1'),(176021,1,NULL,1022,'v4','151.98.176.21','255.255.255.0','151.98.176.1'),(176022,1,NULL,1006,'v4','151.98.176.22','255.255.255.0','151.98.176.1'),(176024,1,NULL,1015,'v4','151.98.176.24','255.255.255.0','151.98.176.1'),(176025,1,NULL,1024,'v4','151.98.176.25','255.255.255.0','151.98.176.1'),(176026,1,NULL,1004,'v4','151.98.176.26','255.255.255.0','151.98.176.1'),(176027,1,NULL,1011,'v4','151.98.176.27','255.255.255.0','151.98.176.1'),(176029,1,NULL,1023,'v4','151.98.176.29','255.255.255.0','151.98.176.1'),(176030,1,NULL,1020,'v4','151.98.176.30','255.255.255.0','151.98.176.1'),(176031,1,NULL,1007,'v4','151.98.176.31','255.255.255.0','151.98.176.1'),(176114,1,NULL,1018,'v4','151.98.176.114','255.255.255.0','151.98.176.1'),(176116,1,NULL,1017,'v4','151.98.176.116','255.255.255.0','151.98.176.1'),(176254,1,'MRV',NULL,'v4','151.98.176.254','255.255.255.0','151.98.176.1'),(176255,1,'',1038,'v4','192.168.0.8','255.255.255.248','192.168.0.1'),(176256,1,'',1039,'v4','192.168.0.9','255.255.255.248','192.168.0.1'),(176257,1,'',1040,'v4','192.168.0.10','255.255.255.248','192.168.0.1'),(176259,1,'',1041,'v4','135.221.113.132','255.255.255.128','135.221.113.129'),(176260,1,'',1042,'v4','135.221.113.133','255.255.255.128','135.221.113.129'),(176261,1,'',1043,'v4','135.221.113.134','255.255.255.128','135.221.113.129'),(176266,1,'',1044,'v4','135.221.113.15','255.255.255.128','135.221.113.1'),(176289,1,'',1,'v4','135.221.113.4','255.255.255.248','135.221.113.1');
/*!40000 ALTER TABLE `T_NET` ENABLE KEYS */;
UNLOCK TABLES;

--
-- Table structure for table `T_PACKAGES`
--

DROP TABLE IF EXISTS `T_PACKAGES`;
/*!40101 SET @saved_cs_client     = @@character_set_client */;
/*!40101 SET character_set_client = utf8 */;
CREATE TABLE `T_PACKAGES` (
  `id_pack` int(11) NOT NULL AUTO_INCREMENT,
  `laboratory` varchar(16) NOT NULL,
  `name` varchar(255) NOT NULL,
  `fromDevel` timestamp NOT NULL DEFAULT CURRENT_TIMESTAMP ON UPDATE CURRENT_TIMESTAMP,
  `toValid` timestamp NULL DEFAULT NULL,
  `toDR4` timestamp NULL DEFAULT NULL,
  `T_SW_REL_id_sw_rel` varchar(45) NOT NULL,
  `T_PROD_id_prod` int(11) NOT NULL,
  PRIMARY KEY (`id_pack`),
  KEY `fk_T_PACKAGES_T_SW_REL1_idx` (`T_SW_REL_id_sw_rel`),
  KEY `fk_T_PACKAGES_T_PROD1_idx` (`T_PROD_id_prod`),
  CONSTRAINT `fk_T_PACKAGES_T_PROD1` FOREIGN KEY (`T_PROD_id_prod`) REFERENCES `T_PROD` (`id_prod`) ON DELETE NO ACTION ON UPDATE NO ACTION,
  CONSTRAINT `fk_T_PACKAGES_T_SW_REL1` FOREIGN KEY (`T_SW_REL_id_sw_rel`) REFERENCES `T_SW_REL` (`id_sw_rel`) ON DELETE NO ACTION ON UPDATE NO ACTION
) ENGINE=InnoDB AUTO_INCREMENT=10 DEFAULT CHARSET=utf8 COMMENT='A row for each (SWP,PRODUCT)';
/*!40101 SET character_set_client = @saved_cs_client */;

--
-- Dumping data for table `T_PACKAGES`
--

LOCK TABLES `T_PACKAGES` WRITE;
/*!40000 ALTER TABLE `T_PACKAGES` DISABLE KEYS */;
INSERT INTO `T_PACKAGES` VALUES (0,'SVT','NullPackage','2015-11-02 08:30:41','2015-09-15 12:15:55','2015-09-15 12:15:55','0',0),(1,'SVT','TestPackage1','2015-09-15 12:15:55','2015-07-15 06:51:23','2015-07-15 06:51:24','1',1),(2,'SVT','TestPackage2','2015-09-15 12:15:55','2015-09-15 12:15:55','2015-09-15 12:15:55','1',1),(3,'SVT','TestPackage3','2015-09-15 12:15:55','2015-09-15 12:15:55','2015-09-15 12:15:55','2',1),(4,'SVT','TestPackage4','2015-09-15 12:15:55','2015-09-15 12:15:55','2015-09-15 12:15:55','2',1);
/*!40000 ALTER TABLE `T_PACKAGES` ENABLE KEYS */;
UNLOCK TABLES;

--
-- Table structure for table `T_PRESETS`
--

DROP TABLE IF EXISTS `T_PRESETS`;
/*!40101 SET @saved_cs_client     = @@character_set_client */;
/*!40101 SET character_set_client = utf8 */;
CREATE TABLE `T_PRESETS` (
  `id_preset` int(11) NOT NULL AUTO_INCREMENT,
  `owner` varchar(45) NOT NULL,
  `preset_description` varchar(255) NOT NULL,
  `preset_title` varchar(45) NOT NULL,
  PRIMARY KEY (`id_preset`),
  UNIQUE KEY `id_preset_UNIQUE` (`id_preset`)
) ENGINE=InnoDB AUTO_INCREMENT=71 DEFAULT CHARSET=utf8;
/*!40101 SET character_set_client = @saved_cs_client */;

--
-- Dumping data for table `T_PRESETS`
--

LOCK TABLES `T_PRESETS` WRITE;
/*!40000 ALTER TABLE `T_PRESETS` DISABLE KEYS */;
INSERT INTO `T_PRESETS` VALUES (35,'COLOMX','','2'),(36,'COLOMX','','35'),(37,'COLOMX','','dddd'),(38,'COLOMX','','37'),(39,'COLOMX','','dddd[1]'),(40,'COLOMX','','tuttone'),(41,'HIDDEN','','COLOMX'),(42,'IPPOLF','','topa1prs'),(43,'IPPOLF','','popo'),(44,'IPPOLF','','popo[1,4]'),(45,'HIDDEN','','IPPOLF'),(46,'HIDDEN','','TOSIMA'),(47,'TOSIMA','','newPreset'),(49,'colomx','','ppppppp'),(62,'colomx','','newPreset'),(63,'ippolf','','fla1'),(64,'ippolf','','fla1'),(65,'ippolf','','fff'),(66,'ippolf','','fla12'),(67,'ippolf','','fla13'),(68,'ippolf','','fla14'),(69,'ippolf','','fla15'),(70,'ippolf','','top1');
/*!40000 ALTER TABLE `T_PRESETS` ENABLE KEYS */;
UNLOCK TABLES;

--
-- Table structure for table `T_PROD`
--

DROP TABLE IF EXISTS `T_PROD`;
/*!40101 SET @saved_cs_client     = @@character_set_client */;
/*!40101 SET character_set_client = utf8 */;
CREATE TABLE `T_PROD` (
  `id_prod` int(11) NOT NULL AUTO_INCREMENT,
  `product` varchar(45) NOT NULL,
  PRIMARY KEY (`id_prod`),
  UNIQUE KEY `product_UNIQUE` (`product`)
) ENGINE=InnoDB AUTO_INCREMENT=4 DEFAULT CHARSET=utf8;
/*!40101 SET character_set_client = @saved_cs_client */;

--
-- Dumping data for table `T_PROD`
--

LOCK TABLES `T_PROD` WRITE;
/*!40000 ALTER TABLE `T_PROD` DISABLE KEYS */;
INSERT INTO `T_PROD` VALUES (1,'1850TSS320'),(2,'1850TSS320H'),(0,'NULL_PROD');
/*!40000 ALTER TABLE `T_PROD` ENABLE KEYS */;
UNLOCK TABLES;

--
-- Table structure for table `T_PST_ENTITY`
--

DROP TABLE IF EXISTS `T_PST_ENTITY`;
/*!40101 SET @saved_cs_client     = @@character_set_client */;
/*!40101 SET character_set_client = utf8 */;
CREATE TABLE `T_PST_ENTITY` (
  `id_preset_entity` int(11) NOT NULL AUTO_INCREMENT,
  `T_TPY_ENTITY_id_entity` int(11) NOT NULL,
  `T_PRESETS_id_preset` int(11) NOT NULL,
  `T_EQUIPMENT_id_equipment` int(11) NOT NULL,
  `pstValue` varchar(45) DEFAULT NULL,
  PRIMARY KEY (`id_preset_entity`),
  UNIQUE KEY `id_preset_entity_UNIQUE` (`id_preset_entity`),
  KEY `fk_T_PRESET_ENTITY_T_EQUIPMENT1_idx` (`T_EQUIPMENT_id_equipment`),
  KEY `fk_T_PRESET_ENTITY_T_PRESETS1_idx` (`T_PRESETS_id_preset`),
  KEY `fk_T_PST_ENTITY_T_TPY_ENTITY1_idx` (`T_TPY_ENTITY_id_entity`),
  CONSTRAINT `fk_T_PRESET_ENTITY_T_EQUIPMENT1` FOREIGN KEY (`T_EQUIPMENT_id_equipment`) REFERENCES `T_EQUIPMENT` (`id_equipment`) ON DELETE NO ACTION ON UPDATE NO ACTION,
  CONSTRAINT `fk_T_PRESET_ENTITY_T_PRESETS1` FOREIGN KEY (`T_PRESETS_id_preset`) REFERENCES `T_PRESETS` (`id_preset`) ON DELETE NO ACTION ON UPDATE NO ACTION,
  CONSTRAINT `fk_T_PST_ENTITY_T_TPY_ENTITY1` FOREIGN KEY (`T_TPY_ENTITY_id_entity`) REFERENCES `T_TPY_ENTITY` (`id_entity`) ON DELETE NO ACTION ON UPDATE NO ACTION
) ENGINE=InnoDB AUTO_INCREMENT=1713 DEFAULT CHARSET=utf8;
/*!40101 SET character_set_client = @saved_cs_client */;

--
-- Dumping data for table `T_PST_ENTITY`
--

LOCK TABLES `T_PST_ENTITY` WRITE;
/*!40000 ALTER TABLE `T_PST_ENTITY` DISABLE KEYS */;
INSERT INTO `T_PST_ENTITY` VALUES (37,11,36,5,'AUTO-4'),(38,1,37,1,'AUTO-1'),(39,2,37,1,'aaa'),(40,1,38,1,'AUTO-1'),(41,2,38,1,'aaa'),(42,1,39,1,'AUTO-1'),(43,2,39,1,'aaa'),(564,1,42,1,'AUTO-1'),(565,2,42,1,' mmm'),(566,11,42,5,'AUTO-4'),(567,1,43,1,'AUTO-1'),(568,2,43,1,'mm m'),(569,11,43,5,'AUTO-4'),(570,1,44,1,'AUTO-1'),(571,2,44,1,'mmm'),(572,11,44,5,'AUTO-4'),(693,1,47,1,'AUTO-1'),(694,2,47,1,'r1sr1sl2d0p3'),(695,11,47,5,'AUTO-4'),(828,1,46,1,'AUTO-1'),(829,2,46,1,'r1sr1sl2d0p3'),(830,11,46,5,'AUTO-4'),(1253,7,40,3,'AUTO-2'),(1254,8,40,3,'ooooo'),(1255,9,40,6,'AUTO-5'),(1256,10,40,6,'ooo'),(1257,1,40,1,'AUTO-1'),(1258,2,40,1,'qqq'),(1259,3,40,4,'AUTO-3'),(1260,4,40,4,'cccc'),(1261,5,40,2,'AUTO-IXIA'),(1262,6,40,2,'vvvv'),(1435,1,63,8,'AUTO-22'),(1436,2,63,8,'aaa'),(1437,3,63,1007,'BI03-B'),(1438,4,63,1007,'aaa'),(1439,5,63,2,'AUTO-IXIA'),(1440,6,63,2,'sss'),(1441,1,65,1,'AUTO-1'),(1442,2,65,1,'mmm'),(1443,3,65,4,'AUTO-3'),(1444,4,65,4,'qqqq'),(1445,5,65,2,'AUTO-IXIA'),(1446,6,65,2,'sdfsdfsd'),(1447,1,66,8,'AUTO-22'),(1448,2,66,8,'aaa'),(1449,3,66,1007,'BI03-B'),(1450,4,66,1007,'bbbb'),(1451,5,66,2,'AUTO-IXIA'),(1452,6,66,2,'sss'),(1453,1,67,8,'AUTO-22'),(1454,2,67,8,'aaa'),(1455,3,67,1007,'BI03-B'),(1456,4,67,1007,'zzzzz'),(1457,5,67,2,'AUTO-IXIA'),(1458,6,67,2,'sss'),(1459,1,68,8,'AUTO-22'),(1460,2,68,8,'aaa'),(1461,3,68,1007,'BI03-B'),(1462,4,68,1007,'zzzzz'),(1463,5,68,2,'AUTO-IXIA'),(1464,6,68,2,'zzzz'),(1465,1,69,8,'AUTO-22'),(1466,2,69,8,'zzz'),(1467,3,69,1007,'BI03-B'),(1468,4,69,1007,'zzzzz'),(1469,5,69,2,'AUTO-IXIA'),(1470,6,69,2,'zzzz'),(1477,1,35,1,'AUTO-1'),(1478,2,35,1,'asdsa'),(1495,1,49,1,'AUTO-1'),(1496,2,49,1,'yyyy'),(1509,1,62,1,'AUTO-1'),(1510,2,62,1,'cvbcv4545'),(1653,1,41,1,'AUTO-1'),(1654,2,41,1,'qqq'),(1655,3,41,4,'AUTO-3'),(1656,4,41,4,'cccc'),(1657,5,41,2,'AUTO-IXIA'),(1658,6,41,2,'vvvv'),(1687,1,70,1,'AUTO-1'),(1688,2,70,1,'111'),(1711,1,45,1,'AUTO-1'),(1712,2,45,1,'asdasd');
/*!40000 ALTER TABLE `T_PST_ENTITY` ENABLE KEYS */;
UNLOCK TABLES;

--
-- Table structure for table `T_REPORT`
--

DROP TABLE IF EXISTS `T_REPORT`;
/*!40101 SET @saved_cs_client     = @@character_set_client */;
/*!40101 SET character_set_client = utf8 */;
CREATE TABLE `T_REPORT` (
  `id_report` int(11) NOT NULL AUTO_INCREMENT,
  `T_PACKAGES_id_pack` int(11) NOT NULL,
  `T_TPS_id_tps` int(11) NOT NULL,
  `T_RUNTIME_id_run` int(11) NOT NULL,
  `info` blob,
  `result` varchar(45) DEFAULT NULL,
  `notes` longtext,
  PRIMARY KEY (`id_report`),
  UNIQUE KEY `id_UNIQUE` (`id_report`),
  KEY `fk_T_REPORT_T_PACKAGES1_idx` (`T_PACKAGES_id_pack`),
  KEY `fk_T_REPORT_T_TPS1_idx` (`T_TPS_id_tps`),
  KEY `fk_T_REPORT_T_RUNTIME1_idx` (`T_RUNTIME_id_run`),
  CONSTRAINT `fk_T_REPORT_T_PACKAGES1` FOREIGN KEY (`T_PACKAGES_id_pack`) REFERENCES `T_PACKAGES` (`id_pack`) ON DELETE NO ACTION ON UPDATE NO ACTION,
  CONSTRAINT `fk_T_REPORT_T_RUNTIME1` FOREIGN KEY (`T_RUNTIME_id_run`) REFERENCES `T_RUNTIME` (`id_run`) ON DELETE NO ACTION ON UPDATE NO ACTION,
  CONSTRAINT `fk_T_REPORT_T_TPS1` FOREIGN KEY (`T_TPS_id_tps`) REFERENCES `T_TPS` (`id_tps`) ON DELETE NO ACTION ON UPDATE NO ACTION
) ENGINE=InnoDB AUTO_INCREMENT=340 DEFAULT CHARSET=utf8;
/*!40101 SET character_set_client = @saved_cs_client */;

--
-- Dumping data for table `T_REPORT`
--

LOCK TABLES `T_REPORT` WRITE;
/*!40000 ALTER TABLE `T_REPORT` DISABLE KEYS */;
INSERT INTO `T_REPORT` VALUES (2,1,21,91,'NA','Passed','NA'),(3,1,22,91,'\n			\nmmm\n			\n		','Failed','NA'),(4,1,21,91,'NA','Passed','NA'),(5,1,22,91,'\n			\nmmm\n			\n		','Failed','NA'),(6,1,21,91,'NA','Passed','NA'),(7,1,22,91,'\n			\nmmm\n			\n		','Failed','NA'),(8,1,21,91,'NA','Passed','NA'),(9,1,22,91,'\n			\nmmm\n			\n		','Failed','NA'),(10,1,21,91,'NA','Passed','NA'),(11,1,22,91,'\n			\nmmm\n			\n		','Failed','NA'),(12,1,21,91,'NA','Passed','NA'),(13,1,22,91,'\n			\nmmm\n			\n		','Failed','NA'),(14,1,21,91,'NA','Passed','NA'),(15,1,22,91,'\n			\nmmm\n			\n		','Failed','NA'),(16,1,21,91,'NA','Passed','NA'),(17,1,22,91,'\n			\nmmm\n			\n		','Failed','NA'),(18,1,21,91,'NA','Passed','NA'),(19,1,22,91,'\n			\nmmm\n			\n		','Failed','NA'),(20,1,21,91,'NA','Passed','NA'),(21,1,22,91,'\n			\nmmm\n			\n		','Failed','NA'),(22,1,21,91,'NA','Passed','h'),(23,1,22,91,'\n			\nmmm\n			\n		','Failed','g'),(24,1,21,91,'NA','Passed','yu'),(25,1,22,91,'\n			\nmmm\n			\n		','Failed','uy'),(26,1,21,91,'NA','Passed','yg'),(27,1,22,91,'\n			\nmmm\n			\n		','Failed','yg'),(28,1,21,91,'NA','Passed','hjbv'),(29,1,18,91,'\n			\nmmm\n			\n		','Failed','jhv'),(30,1,22,91,'\n			\nmmm\n			\n		','Failed','jhv'),(31,1,21,91,'NA','Passed','jhv'),(32,1,18,91,'\n			\nmmm\n			\n		','Failed','jhv'),(33,1,22,91,'\n			\nmmm\n			\n		','Failed','jhv'),(34,1,21,91,'NA','Passed','jhv'),(35,1,18,91,'\n			\nmmm\n			\n		','Failed','jhbv'),(36,1,22,91,'\n			\nmmm\n			\n		','Failed','jhv'),(37,1,21,91,'NA','Passed','gjhv'),(38,1,18,91,'\n			\nmmm\n			\n		','Failed','gv'),(39,1,22,91,'\n			\nmmm\n			\n		','Failed','gjhv'),(40,1,21,91,'NA','Passed','jhbv'),(41,1,18,91,'\n			\nmmm\n			\n		','Failed','jhb'),(42,1,22,91,'\n			\nmmm\n			\n		','Failed','jhb'),(43,1,21,91,'NA','Passed','jh'),(44,1,18,91,'\n			\nmmm\n			\n		','Failed','jh'),(45,1,22,91,'\n			\nmmm\n			\n		','Failed','bj'),(46,1,21,91,'NA','Passed','h'),(47,1,18,91,'\n			\nmmm\n			\n		','Failed','jhv'),(48,1,22,91,'\n			\nmmm\n			\n		','Failed','jj'),(49,1,21,91,'NA','Passed','hv'),(50,1,18,91,'\n			\nmmm\n			\n		','Failed','jhv'),(51,1,22,91,'\n			\nmmm\n			\n		','Failed','vjh'),(52,1,21,91,'NA','Passed','v'),(53,1,18,91,'\n			\nmmm\n			\n		','Failed','jhv'),(54,1,22,91,'\n			\nmmm\n			\n		','Failed','jhv'),(55,1,21,91,'NA','Passed','jhv'),(56,1,18,91,'\n			\nmmm\n			\n		','Failed','jhv'),(57,1,22,91,'\n			\nmmm\n			\n		','Failed','jh'),(58,1,21,91,'NA','Passed','NA'),(59,1,18,91,'\n			\nmmm\n			\n		','Failed','NA'),(60,1,22,91,'\n			\nmmm\n			\n		','Failed','NA'),(61,1,21,91,'NA','Passed','NA'),(62,1,18,91,'\n			\nmmm\n			\n		','Failed','NA'),(63,1,22,91,'\n			\nmmm\n			\n		','Failed','NA'),(64,1,21,91,'NA','Passed','NA'),(65,1,18,91,'\n			\nmmm\n			\n		','Failed','NA'),(66,1,22,91,'\n			\nmmm\n			\n		','Failed','NA'),(67,1,21,91,'NA','Passed','ikj'),(68,1,18,91,'\n			\nmmm\n			\n		','Failed','ouh'),(69,1,22,91,'\n			\nmmm\n			\n		','Failed','iohn'),(70,1,21,91,'NA','Passed','oin'),(71,1,18,91,'\n			\nmmm\n			\n		','Failed','oij'),(72,1,22,91,'\n			\nmmm\n			\n		','Failed','oih'),(73,1,21,91,'NA','Passed','uig'),(74,1,18,91,'\n			\nmmm\n			\n		','Failed','uyf'),(75,1,22,91,'\n			\nmmm\n			\n		','Failed','ytf'),(76,1,21,91,'NA','Passed','uihoiu'),(77,1,18,91,'\n			\nmmm\n			\n		','Failed','hoiu'),(78,1,22,91,'\n			\nmmm\n			\n		','Failed','hiug'),(79,1,21,91,'NA','Passed','iuyg'),(80,1,18,91,'\n			\nmmm\n			\n		','Failed','uyig'),(81,1,22,91,'\n			\nmmm\n			\n		','Failed','uyig'),(82,1,21,91,'NA','Passed','iuyg'),(83,1,18,91,'\n			\nmmm\n			\n		','Failed','iuh'),(84,1,22,91,'\n			\nmmm\n			\n		','Failed','oih'),(85,1,21,91,'NA','Passed','oih'),(86,1,18,91,'\n			\nmmm\n			\n		','Failed','uig'),(87,1,22,91,'\n			\nmmm\n			\n		','Failed','uiyg'),(88,1,21,91,'NA','Passed','uhb'),(89,1,18,91,'\n			\nmmm\n			\n		','Failed','ouihn'),(90,1,22,91,'\n			\nmmm\n			\n		','Failed','oiuhiu'),(91,1,21,91,'NA','Passed','hu'),(92,1,18,91,'\n			\nmmm\n			\n		','Failed','uih'),(93,1,22,91,'\n			\nmmm\n			\n		','Failed','iug'),(94,1,21,91,'NA','Passed','yiug'),(95,1,18,91,'\n			\nmmm\n			\n		','Failed','uh'),(96,1,22,91,'\n			\nmmm\n			\n		','Failed','uoih'),(97,1,21,91,'NA','Passed','NA'),(98,1,18,91,'\n			\nmmm\n			\n		','Failed','NA'),(99,1,22,91,'\n			\nmmm\n			\n		','Failed','NA'),(100,1,21,91,'NA','Passed','NA'),(101,1,18,91,'\n			\nmmm\n			\n		','Failed','NA'),(102,1,22,91,'\n			\nmmm\n			\n		','Failed','NA'),(103,1,21,91,'NA','Passed','NA'),(104,1,18,91,'\n			\nmmm\n			\n		','Failed','NA'),(105,1,22,91,'\n			\nmmm\n			\n		','Failed','NA'),(106,1,21,91,'NA','Passed','ikj'),(107,1,18,91,'\n			\nmmm\n			\n		','Failed','ouh'),(108,1,22,91,'\n			\nmmm\n			\n		','Failed','iohn'),(109,1,21,91,'NA','Passed','oin'),(110,1,18,91,'\n			\nmmm\n			\n		','Failed','oij'),(111,1,22,91,'\n			\nmmm\n			\n		','Failed','oih'),(112,1,21,91,'NA','Passed','uig'),(113,1,18,91,'\n			\nmmm\n			\n		','Failed','uyf'),(114,1,22,91,'\n			\nmmm\n			\n		','Failed','ytf'),(115,1,21,91,'NA','Passed','uihoiu'),(116,1,18,91,'\n			\nmmm\n			\n		','Failed','hoiu'),(117,1,22,91,'\n			\nmmm\n			\n		','Failed','hiug'),(118,1,21,91,'NA','Passed','iuyg'),(119,1,18,91,'\n			\nmmm\n			\n		','Failed','uyig'),(120,1,22,91,'\n			\nmmm\n			\n		','Failed','uyig'),(121,1,21,91,'NA','Passed','iuyg'),(122,1,18,91,'\n			\nmmm\n			\n		','Failed','iuh'),(123,1,22,91,'\n			\nmmm\n			\n		','Failed','oih'),(124,1,21,91,'NA','Passed','oih'),(125,1,18,91,'\n			\nmmm\n			\n		','Failed','uig'),(126,1,22,91,'\n			\nmmm\n			\n		','Failed','uiyg'),(127,1,21,91,'NA','Passed','uhb'),(128,1,18,91,'\n			\nmmm\n			\n		','Failed','ouihn'),(129,1,22,91,'\n			\nmmm\n			\n		','Failed','oiuhiu'),(130,1,21,91,'NA','Passed','hu'),(131,1,18,91,'\n			\nmmm\n			\n		','Failed','uih'),(132,1,22,91,'\n			\nmmm\n			\n		','Failed','iug'),(133,1,21,91,'NA','Passed','yiug'),(134,1,18,91,'\n			\nmmm\n			\n		','Failed','uh'),(135,1,22,91,'\n			\nmmm\n			\n		','Failed','uoih'),(136,1,21,91,'NA','Passed','NA'),(137,1,18,91,'\n			\nmmm\n			\n		','Failed','NA'),(138,1,22,91,'\n			\nmmm\n			\n		','Failed','NA'),(139,1,21,91,'NA','Passed','NA'),(140,1,18,91,'\n			\nmmm\n			\n		','Failed','NA'),(141,1,22,91,'\n			\nmmm\n			\n		','Failed','NA'),(142,1,21,91,'NA','Passed','NA'),(143,1,18,91,'\n			\nmmm\n			\n		','Failed','NA'),(144,1,22,91,'\n			\nmmm\n			\n		','Failed','NA'),(145,1,21,91,'NA','Passed','ikj'),(146,1,18,91,'\n			\nmmm\n			\n		','Failed','ouh'),(147,1,22,91,'\n			\nmmm\n			\n		','Failed','iohn'),(148,1,21,91,'NA','Passed','oin'),(149,1,18,91,'\n			\nmmm\n			\n		','Failed','oij'),(150,1,22,91,'\n			\nmmm\n			\n		','Failed','oih'),(151,1,21,91,'NA','Passed','uig'),(152,1,18,91,'\n			\nmmm\n			\n		','Failed','uyf'),(153,1,22,91,'\n			\nmmm\n			\n		','Failed','ytf'),(154,1,21,91,'NA','Passed','uihoiu'),(155,1,18,91,'\n			\nmmm\n			\n		','Failed','hoiu'),(156,1,22,91,'\n			\nmmm\n			\n		','Failed','hiug'),(157,1,21,91,'NA','Passed','iuyg'),(158,1,18,91,'\n			\nmmm\n			\n		','Failed','uyig'),(159,1,22,91,'\n			\nmmm\n			\n		','Failed','uyig'),(160,1,21,91,'NA','Passed','iuyg'),(161,1,18,91,'\n			\nmmm\n			\n		','Failed','iuh'),(162,1,22,91,'\n			\nmmm\n			\n		','Failed','oih'),(163,1,21,91,'NA','Passed','oih'),(164,1,18,91,'\n			\nmmm\n			\n		','Failed','uig'),(165,1,22,91,'\n			\nmmm\n			\n		','Failed','uiyg'),(166,1,21,91,'NA','Passed','uhb'),(167,1,18,91,'\n			\nmmm\n			\n		','Failed','ouihn'),(168,1,22,91,'\n			\nmmm\n			\n		','Failed','oiuhiu'),(169,1,21,91,'NA','Passed','hu'),(170,1,18,91,'\n			\nmmm\n			\n		','Failed','uih'),(171,1,22,91,'\n			\nmmm\n			\n		','Failed','iug'),(172,1,21,91,'NA','Passed','yiug'),(173,1,18,91,'\n			\nmmm\n			\n		','Failed','uh'),(174,1,22,91,'\n			\nmmm\n			\n		','Failed','uoih'),(175,1,21,91,'NA','Passed','NA'),(176,1,18,91,'\n			\nmmm\n			\n		','Failed','NA'),(177,1,22,91,'\n			\nmmm\n			\n		','Failed','NA'),(178,1,21,91,'NA','Passed','NA'),(179,1,18,91,'\n			\nmmm\n			\n		','Failed','NA'),(180,1,22,91,'\n			\nmmm\n			\n		','Failed','NA'),(181,1,21,91,'NA','Passed','NA'),(182,1,18,91,'\n			\nmmm\n			\n		','Failed','NA'),(183,1,22,91,'\n			\nmmm\n			\n		','Failed','NA'),(184,1,21,105,'NA','Passed','jhbUIH'),(185,1,18,105,'\n			\nmmm\n			\n		','Failed','IUHB'),(186,1,22,105,'\n			\nmmm\n			\n		','Failed','IUGB'),(187,1,21,105,'NA','Passed','IUHYGB'),(188,1,18,105,'\n			\nmmm\n			\n		','Failed','IUYGB'),(189,1,22,105,'\n			\nmmm\n			\n		','Failed','IHGB'),(190,1,21,105,'NA','Passed','HGV'),(191,1,18,105,'\n			\nmmm\n			\n		','Failed','GYV'),(192,1,22,105,'\n			\nmmm\n			\n		','Failed','TYGV'),(193,1,21,105,'NA','Passed','TYFV'),(194,1,18,105,'\n			\nmmm\n			\n		','Failed','YUTG'),(195,1,22,105,'\n			\nmmm\n			\n		','Failed','UY'),(196,1,21,105,'NA','Passed','VUYTu'),(197,1,18,105,'\n			\nmmm\n			\n		','Failed','yv'),(198,1,22,105,'\n			\nmmm\n			\n		','Failed','uyg'),(199,1,21,105,'NA','Passed','uyg'),(200,1,18,105,'\n			\nmmm\n			\n		','Failed','uy'),(201,1,22,105,'\n			\nmmm\n			\n		','Failed','guy'),(202,1,21,105,'NA','Passed','guy'),(203,1,18,105,'\n			\nmmm\n			\n		','Failed','guy'),(204,1,22,105,'\n			\nmmm\n			\n		','Failed','guy'),(205,1,21,105,'NA','Passed','gu'),(206,1,18,105,'\n			\nmmm\n			\n		','Failed','uy'),(207,1,22,105,'\n			\nmmm\n			\n		','Failed','g'),(208,1,21,105,'NA','Passed','yuguy'),(209,1,18,105,'\n			\nmmm\n			\n		','Failed','guy'),(210,1,22,105,'\n			\nmmm\n			\n		','Failed','gyu'),(211,1,21,105,'NA','Passed','g'),(212,1,18,105,'\n			\nmmm\n			\n		','Failed','uyg'),(213,1,22,105,'\n			\nmmm\n			\n		','Failed','uyg'),(214,1,21,105,'NA','Passed','NA'),(215,1,18,105,'\n			\nmmm\n			\n		','Failed','NA'),(216,1,22,105,'\n			\nmmm\n			\n		','Failed','NA'),(217,1,21,105,'NA','Passed','NA'),(218,1,18,105,'\n			\nmmm\n			\n		','Failed','NA'),(219,1,22,105,'\n			\nmmm\n			\n		','Failed','NA'),(220,1,21,105,'NA','Passed','NA'),(221,1,18,105,'\n			\nmmm\n			\n		','Failed','NA'),(222,1,22,105,'\n			\nmmm\n			\n		','Failed','NA'),(223,1,21,105,'NA','Passed',''),(224,1,18,105,'\n			\nmmm\n			\n		','Failed',''),(225,1,22,105,'\n			\nmmm\n			\n		','Failed',''),(226,1,21,105,'NA','Passed',''),(227,1,18,105,'\n			\nmmm\n			\n		','Failed',''),(228,1,22,105,'\n			\nmmm\n			\n		','Failed',''),(229,1,21,105,'NA','Passed',''),(230,1,18,105,'\n			\nmmm\n			\n		','Failed',''),(231,1,22,105,'\n			\nmmm\n			\n		','Failed',''),(232,1,21,105,'NA','Passed',''),(233,1,18,105,'\n			\nmmm\n			\n		','Failed',''),(234,1,22,105,'\n			\nmmm\n			\n		','Failed',''),(235,1,21,105,'NA','Passed',''),(236,1,18,105,'\n			\nmmm\n			\n		','Failed',''),(237,1,22,105,'\n			\nmmm\n			\n		','Failed',''),(238,1,21,105,'NA','Passed',''),(239,1,18,105,'\n			\nmmm\n			\n		','Failed',''),(240,1,22,105,'\n			\nmmm\n			\n		','Failed',''),(241,1,21,105,'NA','Passed',''),(242,1,18,105,'\n			\nmmm\n			\n		','Failed',''),(243,1,22,105,'\n			\nmmm\n			\n		','Failed',''),(244,1,21,105,'NA','Passed',''),(245,1,18,105,'\n			\nmmm\n			\n		','Failed',''),(246,1,22,105,'\n			\nmmm\n			\n		','Failed',''),(247,1,21,105,'NA','Passed',''),(248,1,18,105,'\n			\nmmm\n			\n		','Failed',''),(249,1,22,105,'\n			\nmmm\n			\n		','Failed',''),(250,1,21,105,'NA','Passed',''),(251,1,18,105,'\n			\nmmm\n			\n		','Failed',''),(252,1,22,105,'\n			\nmmm\n			\n		','Failed',''),(253,1,21,105,'NA','Passed','NA'),(254,1,18,105,'\n			\nmmm\n			\n		','Failed','NA'),(255,1,22,105,'\n			\nmmm\n			\n		','Failed','NA'),(256,1,21,105,'NA','Passed','NA'),(257,1,18,105,'\n			\nmmm\n			\n		','Failed','NA'),(258,1,22,105,'\n			\nmmm\n			\n		','Failed','NA'),(259,1,21,105,'NA','Passed','NA'),(260,1,18,105,'\n			\nmmm\n			\n		','Failed','NA'),(261,1,22,105,'\n			\nmmm\n			\n		','Failed','NA'),(262,1,21,105,'NA','Passed',''),(263,1,18,105,'\n			\nmmm\n			\n		','Failed',''),(264,1,22,105,'\n			\nmmm\n			\n		','Failed',''),(265,1,21,105,'NA','Passed',''),(266,1,18,105,'\n			\nmmm\n			\n		','Failed',''),(267,1,22,105,'\n			\nmmm\n			\n		','Failed',''),(268,1,21,105,'NA','Passed',''),(269,1,18,105,'\n			\nmmm\n			\n		','Failed',''),(270,1,22,105,'\n			\nmmm\n			\n		','Failed',''),(271,1,21,105,'NA','Passed',''),(272,1,18,105,'\n			\nmmm\n			\n		','Failed',''),(273,1,22,105,'\n			\nmmm\n			\n		','Failed',''),(274,1,21,105,'NA','Passed',''),(275,1,18,105,'\n			\nmmm\n			\n		','Failed',''),(276,1,22,105,'\n			\nmmm\n			\n		','Failed',''),(277,1,21,105,'NA','Passed',''),(278,1,18,105,'\n			\nmmm\n			\n		','Failed',''),(279,1,22,105,'\n			\nmmm\n			\n		','Failed',''),(280,1,21,105,'NA','Passed',''),(281,1,18,105,'\n			\nmmm\n			\n		','Failed',''),(282,1,22,105,'\n			\nmmm\n			\n		','Failed',''),(283,1,21,105,'NA','Passed',''),(284,1,18,105,'\n			\nmmm\n			\n		','Failed',''),(285,1,22,105,'\n			\nmmm\n			\n		','Failed',''),(286,1,21,105,'NA','Passed',''),(287,1,18,105,'\n			\nmmm\n			\n		','Failed',''),(288,1,22,105,'\n			\nmmm\n			\n		','Failed',''),(289,1,21,105,'NA','Passed',''),(290,1,18,105,'\n			\nmmm\n			\n		','Failed',''),(291,1,22,105,'\n			\nmmm\n			\n		','Failed',''),(292,1,21,105,'NA','Passed','NA'),(293,1,18,105,'\n			\nmmm\n			\n		','Failed','NA'),(294,1,22,105,'\n			\nmmm\n			\n		','Failed','NA'),(295,1,21,105,'NA','Passed','NA'),(296,1,18,105,'\n			\nmmm\n			\n		','Failed','NA'),(297,1,22,105,'\n			\nmmm\n			\n		','Failed','NA'),(298,1,21,105,'NA','Passed','NA'),(299,1,18,105,'\n			\nmmm\n			\n		','Failed','NA'),(300,1,22,105,'\n			\nmmm\n			\n		','Failed','NA'),(301,1,21,108,'NA','Passed','gfd'),(302,1,18,108,'\n			\nmmm\n			\n		','Failed','vcvc'),(303,1,22,108,'\n			\nmmm\n			\n		','Failed',''),(304,1,21,108,'NA','Passed','vc'),(305,1,18,108,'\n			\nmmm\n			\n		','Failed','vxcdzsg'),(306,1,22,108,'\n			\nmmm\n			\n		','Failed','vvcvcvc'),(307,1,21,108,'NA','Passed',''),(308,1,18,108,'\n			\nmmm\n			\n		','Failed','sfdgsfdgdfgdfgfgffdvvcxdd'),(309,1,22,108,'\n			\nmmm\n			\n		','Failed',''),(310,1,21,108,'NA','Passed',''),(311,1,18,108,'\n			\nmmm\n			\n		','Failed','vcx'),(312,1,22,108,'\n			\nmmm\n			\n		','Failed','vcx'),(313,1,21,108,'NA','Passed','vcx'),(314,1,18,108,'\n			\nmmm\n			\n		','Failed',''),(315,1,22,108,'\n			\nmmm\n			\n		','Failed','vcx'),(316,1,21,108,'NA','Passed',''),(317,1,18,108,'\n			\nmmm\n			\n		','Failed',''),(318,1,22,108,'\n			\nmmm\n			\n		','Failed',''),(319,1,21,108,'NA','Passed',''),(320,1,18,108,'\n			\nmmm\n			\n		','Failed',''),(321,1,22,108,'\n			\nmmm\n			\n		','Failed',''),(322,1,21,108,'NA','Passed',''),(323,1,18,108,'\n			\nmmm\n			\n		','Failed',''),(324,1,22,108,'\n			\nmmm\n			\n		','Failed',''),(325,1,21,108,'NA','Passed',''),(326,1,18,108,'\n			\nmmm\n			\n		','Failed',''),(327,1,22,108,'\n			\nmmm\n			\n		','Failed',''),(328,1,21,108,'NA','Passed',''),(329,1,18,108,'\n			\nmmm\n			\n		','Failed',''),(330,1,22,108,'\n			\nmmm\n			\n		','Failed',''),(331,1,21,108,'NA','Passed','NA'),(332,1,18,108,'\n			\nmmm\n			\n		','Failed','NA'),(333,1,22,108,'\n			\nmmm\n			\n		','Failed','NA'),(334,1,21,108,'NA','Passed','NA'),(335,1,18,108,'\n			\nmmm\n			\n		','Failed','NA'),(336,1,22,108,'\n			\nmmm\n			\n		','Failed','NA'),(337,1,21,108,'NA','Passed','NA'),(338,1,18,108,'\n			\nmmm\n			\n		','Failed','NA'),(339,1,22,108,'\n			\nmmm\n			\n		','Failed','NA');
/*!40000 ALTER TABLE `T_REPORT` ENABLE KEYS */;
UNLOCK TABLES;

--
-- Table structure for table `T_RTM_BODY`
--

DROP TABLE IF EXISTS `T_RTM_BODY`;
/*!40101 SET @saved_cs_client     = @@character_set_client */;
/*!40101 SET character_set_client = utf8 */;
CREATE TABLE `T_RTM_BODY` (
  `T_RUNTIME_id_run` int(10) unsigned NOT NULL,
  `T_EQUIPMENT_id_equipment` int(10) unsigned NOT NULL,
  `T_PACKAGES_id_pack` int(10) unsigned NOT NULL,
  `forceLoad` tinyint(3) unsigned NOT NULL,
  PRIMARY KEY (`T_RUNTIME_id_run`,`T_EQUIPMENT_id_equipment`)
) ENGINE=InnoDB DEFAULT CHARSET=utf8;
/*!40101 SET character_set_client = @saved_cs_client */;

--
-- Dumping data for table `T_RTM_BODY`
--

LOCK TABLES `T_RTM_BODY` WRITE;
/*!40000 ALTER TABLE `T_RTM_BODY` DISABLE KEYS */;
INSERT INTO `T_RTM_BODY` VALUES (2,1,1,1),(2,3,0,0),(2,4,0,0),(60,1,2,0),(60,4,0,0),(60,6,0,0),(69,1009,1,1),(70,1,4,0),(70,4,0,0),(70,6,0,0),(73,1,2,0),(73,3,0,0),(73,4,0,0),(75,1,2,0),(75,3,0,0),(75,4,0,0),(80,1,1,0),(80,3,0,0),(80,4,0,0),(82,1,2,0),(84,8,1,0),(84,1007,0,0),(86,1,2,0),(86,1044,0,0),(87,1,2,0),(87,1044,0,0),(89,1,1,0),(91,1,1,0),(93,1,1,0),(95,1,2,0),(99,1,1,0),(102,1,1,0),(104,1,1,0),(105,1,1,0),(106,1,4,0),(108,1,1,0);
/*!40000 ALTER TABLE `T_RTM_BODY` ENABLE KEYS */;
UNLOCK TABLES;

--
-- Table structure for table `T_RUNTIME`
--

DROP TABLE IF EXISTS `T_RUNTIME`;
/*!40101 SET @saved_cs_client     = @@character_set_client */;
/*!40101 SET character_set_client = utf8 */;
CREATE TABLE `T_RUNTIME` (
  `id_run` int(11) NOT NULL AUTO_INCREMENT,
  `starting_date` timestamp NULL DEFAULT NULL,
  `job_name` varchar(45) DEFAULT NULL,
  `job_iteration` int(11) DEFAULT NULL,
  `owner` varchar(45) NOT NULL,
  `status` varchar(45) NOT NULL,
  `errCount` float NOT NULL DEFAULT '0',
  `runCount` float NOT NULL DEFAULT '0',
  PRIMARY KEY (`id_run`) USING BTREE
) ENGINE=InnoDB AUTO_INCREMENT=109 DEFAULT CHARSET=utf8;
/*!40101 SET character_set_client = @saved_cs_client */;

--
-- Dumping data for table `T_RUNTIME`
--

LOCK TABLES `T_RUNTIME` WRITE;
/*!40000 ALTER TABLE `T_RUNTIME` DISABLE KEYS */;
INSERT INTO `T_RUNTIME` VALUES (1,NULL,'ippolf_tromba-di-culo',1,'ippolf','READY',0,0),(2,NULL,'ippolf_tromba-di-culo',1,'ippolf','READY',0,0),(28,NULL,'ippolf_EOAM_AUTO6-myTuning',183,'ippolf','FINISHED',0,3),(29,NULL,'ippolf_EOAM_AUTO6-myTuning',185,'ippolf','COMPLETED',0,3),(30,NULL,'ippolf_EOAM_AUTO6-myTuning',186,'ippolf','COMPLETED',0,3),(31,NULL,'ippolf_EOAM_AUTO6-myTuning',187,'ippolf','COMPLETED',0,3),(32,NULL,'ippolf_EOAM_AUTO6-myTuning',189,'ippolf','COMPLETED',0,3),(33,NULL,'ippolf_EOAM_AUTO6-myTuning',191,'ippolf','COMPLETED',0,3),(34,NULL,'ippolf_EOAM_AUTO6-myTuning',192,'jksadmin','COMPLETED',0,3),(35,NULL,'ippolf_EOAM_AUTO6-myTuning',193,'jksadmin','COMPLETED',0,3),(36,NULL,'Local',0,'Local','COMPLETED',0,3),(37,NULL,'ippolf_EOAM_AUTO6-myTuning',194,'jksadmin','COMPLETED',0,3),(38,NULL,'ippolf_EOAM_AUTO6-myTuning',195,'jksadmin','COMPLETED',0,3),(39,NULL,'ippolf_EOAM_AUTO6-myTuning',196,'jksadmin','COMPLETED',0,3),(40,NULL,'ippolf_EOAM_AUTO6-myTuning',197,'jksadmin','COMPLETED',0,3),(41,NULL,'Local',0,'Local','COMPLETED',0,3),(42,NULL,'Local',0,'Local','COMPLETED',0,3),(43,NULL,'ippolf_EOAM_AUTO6-myTuning',198,'jksadmin','COMPLETED',0,3),(44,NULL,'ippolf_EOAM_AUTO6-myTuning',199,'jksadmin','COMPLETED',0,3),(45,NULL,'ippolf_EOAM_AUTO6-myTuning',200,'jksadmin','COMPLETED',0,3),(46,NULL,'ippolf_EOAM_AUTO6-myTuning',201,'jksadmin','COMPLETED',0,3),(47,NULL,'ippolf_EOAM_AUTO6-myTuning',202,'ippolf','COMPLETED',0,3),(48,NULL,'ippolf_EOAM_AUTO6-myTuning',203,'ippolf','COMPLETED',0,3),(49,NULL,'ippolf_EOAM_AUTO6-myTuning',204,'ippolf','COMPLETED',0,3),(50,NULL,'ippolf_EOAM_AUTO6-myTuning',205,'ippolf','COMPLETED',0,3),(51,NULL,'ippolf_EOAM_AUTO6-myTuning',207,'ippolf','COMPLETED',0,1),(52,NULL,'ippolf_EOAM_AUTO6-myTuning',208,'ippolf','COMPLETED',0,1),(53,NULL,'ippolf_EOAM_AUTO6-myTuning',209,'ippolf','COMPLETED',0,1),(54,NULL,'ippolf_EOAM_AUTO6-myTuning',210,'ippolf','FAILED',1,2),(55,NULL,'ippolf_EOAM_AUTO6-myTuning',211,'ippolf','COMPLETED',0,2),(56,NULL,'ippolf_EOAM_AUTO6-myTuning',212,'ippolf','FAILED',1,2),(57,NULL,'ippolf_EOAM_AUTO6-myTuning',213,'ippolf','FAILED',1,2),(58,NULL,'ippolf_EOAM_AUTO6-myTuning',214,'ippolf','COMPLETED',0,2),(59,NULL,'ippolf_EOAM_AUTO6-myTuning',216,'ippolf','FAILED',2,2),(60,NULL,'colomx_last-myTuning',1,'colomx','READY',0,0),(61,NULL,'ippolf_EOAM_AUTO6-myTuning',217,'ippolf','FAILED',2,2),(62,NULL,'ippolf_EOAM_AUTO6-myTuning',218,'ippolf','COMPLETED',0,2),(63,NULL,'ippolf_EOAM_AUTO6-myTuning',219,'ippolf','RUNNING',0,1),(64,NULL,'ippolf_EOAM_AUTO6-myTuning',220,'ippolf','RUNNING',0,0),(65,NULL,'ippolf_EOAM_AUTO6-myTuning',221,'ippolf','RUNNING',0,0),(66,NULL,'ippolf_EOAM_AUTO6-myTuning',222,'ippolf','COMPLETED',0,2),(67,NULL,'ippolf_EOAM_AUTO6-myTuning',223,'ippolf','COMPLETED',0,2),(68,NULL,'ippolf_EOAM_AUTO6-myTuning',224,'ippolf','COMPLETED',0,2),(69,NULL,'ippolf_EOAM_AUTO6-myTuning',225,'ippolf','COMPLETED',0,2),(70,NULL,'ippolf_provolone-pippetto',1,'ippolf','READY',0,0),(71,NULL,'ippolf_EOAM_AUTO6-myTuning',226,'ippolf','COMPLETED',0,2),(72,NULL,'ippolf_provolone-pippetto',6,'ippolf','RUNNING',0,0),(73,NULL,'ippolf_provolone-pistola',1,'ippolf','READY',0,0),(74,NULL,'ippolf_provolone-pistola',1,'73','RUNNING',0,0),(75,NULL,'ippolf_sembra-unCulattone',1,'ippolf','READY',0,0),(76,NULL,'ippolf_sembra-unCulattone',1,'75','RUNNING',0,0),(77,NULL,'Local',0,'Local','ABORTED',0,0),(78,NULL,'ippolf_test1-testForDelete',3,'ippolf','RUNNING',0,0),(79,NULL,'ippolf_test1-testForDelete',4,'ippolf','COMPLETED',0,1),(80,NULL,'ippolf_test1-auto1',1,'ippolf','READY',0,0),(81,NULL,'ippolf_test1-auto1',1,'ippolf','COMPLETED',0,1),(82,NULL,'ippolf_test1-auto1',2,'ippolf','READY',0,0),(83,NULL,'ippolf_test1-auto1',2,'82','COMPLETED',0,1),(84,NULL,'ippolf_tutti-myTuning',1,'ippolf','READY',0,0),(85,NULL,'ippolf_tutti-myTuning',1,'84','RUNNING',0,0),(86,NULL,'ippolf_tutti-myTuning',1,'ippolf','READY',0,0),(87,NULL,'ippolf_tutti-myTuning',1,'ippolf','READY',0,0),(88,NULL,'ippolf_tutti-myTuning',1,'87','RUNNING',0,3),(89,NULL,'ippolf_tromba-diCulo',1,'ippolf','READY',0,0),(90,NULL,'ippolf_tromba-diCulo',1,'89','COMPLETED',0,13),(91,NULL,'ippolf_tromba-diMario',1,'ippolf','READY',0,0),(92,NULL,'ippolf_tromba-diMario',1,'91','COMPLETED',0,13),(93,NULL,'ippolf_tromba-diMario',1,'ippolf','READY',0,0),(94,NULL,'ippolf_tromba-diMario',2,'93','COMPLETED',0,13),(95,NULL,'ippolf_tromba-diMario',1,'ippolf','READY',0,0),(96,NULL,'ippolf_tromba-diMario',3,'95','COMPLETED',0,13),(97,NULL,'ippolf_tromba-diMario',5,'ippolf','RUNNING',0,4),(98,NULL,'ippolf_tromba-diMario',8,'ippolf','RUNNING',0,6),(99,NULL,'ippolf_tromba-diMario',1,'ippolf','READY',0,0),(100,NULL,'ippolf_tromba-diMario',10,'ippolf','RUNNING',0,2),(101,NULL,'ippolf_tromba-diMario',1,'ippolf','READY',0,0),(102,NULL,'ippolf_tromba-diMario',1,'ippolf','COMPLETED',0,0),(103,NULL,'ippolf_tromba-diMario',12,'ippolf','RUNNING',0,1),(104,NULL,'ippolf_tromba-diMario',1,'ippolf','COMPLETED',0,13),(105,NULL,'ippolf_tromba-diMario',14,'ippolf','COMPLETED',0,13),(106,NULL,'ippolf_tromba-diMario',15,'ippolf','COMPLETED',0,13),(107,NULL,'ippolf_tromba-diMario',1,'ippolf','READY',0,0),(108,NULL,'ippolf_tromba-diMario',16,'ippolf','COMPLETED',0,13);
/*!40000 ALTER TABLE `T_RUNTIME` ENABLE KEYS */;
UNLOCK TABLES;

--
-- Table structure for table `T_SCOPE`
--

DROP TABLE IF EXISTS `T_SCOPE`;
/*!40101 SET @saved_cs_client     = @@character_set_client */;
/*!40101 SET character_set_client = utf8 */;
CREATE TABLE `T_SCOPE` (
  `id_scope` int(11) NOT NULL AUTO_INCREMENT,
  `description` varchar(45) NOT NULL,
  PRIMARY KEY (`id_scope`),
  UNIQUE KEY `id_scope_UNIQUE` (`id_scope`)
) ENGINE=InnoDB AUTO_INCREMENT=100 DEFAULT CHARSET=utf8 COMMENT='Main Testing domain\n(DATA, TDM, TMPLS,...)';
/*!40101 SET character_set_client = @saved_cs_client */;

--
-- Dumping data for table `T_SCOPE`
--

LOCK TABLES `T_SCOPE` WRITE;
/*!40000 ALTER TABLE `T_SCOPE` DISABLE KEYS */;
INSERT INTO `T_SCOPE` VALUES (1,'DATA'),(2,'TDM'),(3,'WDM'),(4,'COMMON'),(5,'VIRTUAL'),(6,'CI'),(7,'DEBUG'),(8,'Platform'),(99,'UNKNOWN');
/*!40000 ALTER TABLE `T_SCOPE` ENABLE KEYS */;
UNLOCK TABLES;

--
-- Table structure for table `T_SERIAL`
--

DROP TABLE IF EXISTS `T_SERIAL`;
/*!40101 SET @saved_cs_client     = @@character_set_client */;
/*!40101 SET character_set_client = utf8 */;
CREATE TABLE `T_SERIAL` (
  `id_serial` int(11) NOT NULL AUTO_INCREMENT,
  `inUse` tinyint(1) NOT NULL,
  `T_NET_id_ip` int(11) NOT NULL COMMENT 'Serial Server IP',
  `port` int(11) NOT NULL COMMENT 'Serial Server Port',
  `T_EQUIPMENT_id_equipment` int(11) NOT NULL COMMENT 'Client ID on eqpt Table',
  `slot` tinyint(4) NOT NULL COMMENT 'Client Slot',
  `subslot` tinyint(4) DEFAULT NULL COMMENT 'Client Subslot',
  `note` varchar(64) DEFAULT NULL,
  PRIMARY KEY (`id_serial`),
  UNIQUE KEY `id_serial_UNIQUE` (`id_serial`),
  KEY `fk_T_SERIAL_T_EQUIPMENT1_idx` (`T_EQUIPMENT_id_equipment`),
  KEY `fk_T_SERIAL_T_NET1_idx` (`T_NET_id_ip`),
  CONSTRAINT `fk_T_SERIAL_T_EQUIPMENT1` FOREIGN KEY (`T_EQUIPMENT_id_equipment`) REFERENCES `T_EQUIPMENT` (`id_equipment`) ON DELETE NO ACTION ON UPDATE NO ACTION,
  CONSTRAINT `fk_T_SERIAL_T_NET1` FOREIGN KEY (`T_NET_id_ip`) REFERENCES `T_NET` (`id_ip`) ON DELETE NO ACTION ON UPDATE NO ACTION
) ENGINE=InnoDB AUTO_INCREMENT=248 DEFAULT CHARSET=utf8;
/*!40101 SET character_set_client = @saved_cs_client */;

--
-- Dumping data for table `T_SERIAL`
--

LOCK TABLES `T_SERIAL` WRITE;
/*!40000 ALTER TABLE `T_SERIAL` DISABLE KEYS */;
INSERT INTO `T_SERIAL` VALUES (7,1,13,2021,7,1,1,'xxxx'),(8,1,13,2022,8,1,1,'xxxx'),(9,1,13,2013,9,1,1,'xxxx'),(10,1,13,2014,10,1,1,'xxxx'),(11,1,13,2009,11,1,1,'xxxx'),(12,1,13,2010,12,1,1,'xxxx'),(13,1,13,2023,7,10,1,'xxxx'),(14,1,13,2024,8,10,1,'xxxx'),(15,1,13,2015,9,10,1,'xxxx'),(16,1,13,2016,10,10,1,'xxxx'),(17,1,13,2011,11,10,1,'xxxx'),(18,1,13,2012,12,10,1,'xxxx'),(100,1,176008,1002,1001,1,NULL,'Manhattan'),(101,1,176008,1001,1002,1,NULL,'Manhattan'),(102,1,176008,1003,1003,1,NULL,'Manhattan'),(103,1,176254,1027,1003,10,NULL,'MRV'),(104,1,176008,1010,1004,1,NULL,NULL),(105,1,176008,1007,1005,1,NULL,NULL),(106,1,176254,1004,1005,10,NULL,NULL),(107,1,176254,1012,1005,2,NULL,NULL),(108,1,176254,1019,1005,9,NULL,NULL),(109,1,176254,1022,1005,12,NULL,NULL),(110,1,176254,1025,1005,15,NULL,NULL),(111,1,176008,1006,1006,1,NULL,NULL),(113,1,125126,2027,1008,1,NULL,NULL),(114,1,125125,2011,1009,1,NULL,NULL),(115,1,125124,2025,1010,1,NULL,NULL),(116,1,176008,1011,1011,1,NULL,NULL),(117,1,176008,1016,1012,1,NULL,NULL),(118,1,176008,1017,1013,1,NULL,NULL),(119,1,176008,1005,1014,1,NULL,NULL),(120,1,176008,1009,1015,1,NULL,NULL),(121,1,125133,2020,1016,1,NULL,NULL),(122,1,125133,2019,1016,10,NULL,NULL),(123,1,125124,2017,1017,1,NULL,NULL),(124,1,125124,2018,1017,10,NULL,NULL),(125,1,125124,2019,1018,1,NULL,NULL),(126,1,125124,2020,1018,10,NULL,NULL),(127,1,125126,2031,1019,1,NULL,NULL),(128,1,125126,2032,1019,10,NULL,NULL),(129,1,176008,1018,1020,1,NULL,NULL),(130,1,125126,2043,1021,1,NULL,NULL),(131,1,125126,2044,1021,10,NULL,NULL),(132,1,176008,1004,1022,1,NULL,NULL),(133,1,176008,1013,1023,1,NULL,NULL),(134,1,176008,1008,1024,1,NULL,NULL),(135,0,124253,2025,1007,11,NULL,NULL),(136,0,124253,2026,1007,20,NULL,NULL),(137,0,124253,2027,1007,10,NULL,NULL),(138,1,124253,2028,1007,1,NULL,NULL),(139,1,125125,2013,1025,1,NULL,NULL),(140,1,125125,2014,1025,10,NULL,NULL),(141,1,124253,2001,217,1,NULL,NULL),(142,1,124253,2002,217,10,NULL,NULL),(143,1,124253,2003,217,11,NULL,NULL),(144,1,124253,2005,218,1,NULL,NULL),(145,1,124253,2006,218,11,NULL,NULL),(146,1,124223,1016,218,20,NULL,NULL),(147,1,124223,1013,218,10,NULL,NULL),(148,1,124223,1017,218,18,NULL,NULL),(149,1,124253,2007,219,1,NULL,NULL),(150,1,124253,2008,219,11,NULL,NULL),(151,1,124223,1018,219,20,NULL,NULL),(152,1,124223,1012,219,10,NULL,NULL),(153,1,124253,2013,220,20,NULL,NULL),(154,1,124253,2014,220,11,NULL,NULL),(155,1,124253,2015,221,20,NULL,NULL),(156,1,124253,2016,221,11,NULL,NULL),(157,1,124223,1008,221,1,NULL,NULL),(158,1,124223,1014,221,10,NULL,NULL),(159,1,124253,2017,222,1,NULL,NULL),(160,1,124233,1,222,10,NULL,NULL),(161,1,124253,2018,223,1,NULL,NULL),(162,1,124253,2020,223,11,NULL,NULL),(163,1,124253,2021,224,1,NULL,NULL),(164,1,124253,2022,224,10,NULL,NULL),(165,1,124233,1019,224,20,NULL,NULL),(166,1,124233,1015,224,11,NULL,NULL),(167,1,124253,2023,225,1,NULL,NULL),(168,1,124253,2024,225,10,NULL,NULL),(169,1,124233,1011,225,20,NULL,NULL),(170,1,124233,1009,225,11,NULL,NULL),(171,1,124233,1010,225,8,NULL,NULL),(184,1,13,1002,2,2,0,''),(185,1,13,2000,2,0,0,''),(211,1,176260,2034,1044,1,0,''),(212,1,176260,2036,1044,10,0,''),(246,1,176260,2001,1,1,0,''),(247,1,176260,2003,1,10,0,'');
/*!40000 ALTER TABLE `T_SERIAL` ENABLE KEYS */;
UNLOCK TABLES;

--
-- Table structure for table `T_SUITES`
--

DROP TABLE IF EXISTS `T_SUITES`;
/*!40101 SET @saved_cs_client     = @@character_set_client */;
/*!40101 SET character_set_client = utf8 */;
CREATE TABLE `T_SUITES` (
  `id_suite` int(11) NOT NULL AUTO_INCREMENT,
  `name` varchar(64) NOT NULL,
  `owner` varchar(45) NOT NULL,
  `description` varchar(256) DEFAULT NULL,
  PRIMARY KEY (`id_suite`),
  UNIQUE KEY `id_suite_UNIQUE` (`id_suite`)
) ENGINE=InnoDB AUTO_INCREMENT=92 DEFAULT CHARSET=utf8;
/*!40101 SET character_set_client = @saved_cs_client */;

--
-- Dumping data for table `T_SUITES`
--

LOCK TABLES `T_SUITES` WRITE;
/*!40000 ALTER TABLE `T_SUITES` DISABLE KEYS */;
INSERT INTO `T_SUITES` VALUES (57,'newSuite','COLOMX',''),(58,'rrrr','COLOMX',''),(59,'xxx','IPPOLF',''),(61,'local','COLOMX',''),(62,'yyy','IPPOLF',''),(63,'ccc','IPPOLF',''),(64,'pippo','COLOMX',''),(65,'EOAM_AUTO6','IPPOLF',''),(67,'tromba','IPPOLF',''),(70,'ppppp','COLOMX',''),(71,'newSuite','IPPOLF',''),(84,'last','COLOMX',''),(85,'last','COLOMX',''),(86,'dario','COLOMX',''),(87,'provolone','IPPOLF',''),(88,'sembra','IPPOLF',''),(89,'test','IPPOLF',''),(90,'test1','IPPOLF',''),(91,'tutti','IPPOLF','');
/*!40000 ALTER TABLE `T_SUITES` ENABLE KEYS */;
UNLOCK TABLES;

--
-- Table structure for table `T_SUITES_BODY`
--

DROP TABLE IF EXISTS `T_SUITES_BODY`;
/*!40101 SET @saved_cs_client     = @@character_set_client */;
/*!40101 SET character_set_client = utf8 */;
CREATE TABLE `T_SUITES_BODY` (
  `id_suites_body` int(11) NOT NULL AUTO_INCREMENT,
  `T_SUITES_id_suite` int(11) NOT NULL,
  `T_TEST_REVS_id_TestRev` int(11) NOT NULL,
  `TCorder` int(11) NOT NULL,
  `run_section` varchar(8) NOT NULL,
  PRIMARY KEY (`id_suites_body`),
  UNIQUE KEY `id_suites_body_UNIQUE` (`id_suites_body`),
  KEY `fk_T_SUITES_BODY_T_SUITES1_idx` (`T_SUITES_id_suite`),
  KEY `fk_T_SUITES_BODY_T_TEST_REVS1_idx` (`T_TEST_REVS_id_TestRev`),
  CONSTRAINT `fk_T_SUITES_BODY_T_SUITES1` FOREIGN KEY (`T_SUITES_id_suite`) REFERENCES `T_SUITES` (`id_suite`) ON DELETE NO ACTION ON UPDATE NO ACTION,
  CONSTRAINT `fk_T_SUITES_BODY_T_TEST_REVS1` FOREIGN KEY (`T_TEST_REVS_id_TestRev`) REFERENCES `T_TEST_REVS` (`id_TestRev`) ON DELETE NO ACTION ON UPDATE NO ACTION
) ENGINE=InnoDB AUTO_INCREMENT=353 DEFAULT CHARSET=utf8;
/*!40101 SET character_set_client = @saved_cs_client */;

--
-- Dumping data for table `T_SUITES_BODY`
--

LOCK TABLES `T_SUITES_BODY` WRITE;
/*!40000 ALTER TABLE `T_SUITES_BODY` DISABLE KEYS */;
INSERT INTO `T_SUITES_BODY` VALUES (154,57,6,1,'21212'),(155,58,6,1,'12212'),(159,61,6,1,'22222'),(160,61,8,2,'22222'),(161,62,6,1,'22222'),(162,63,10,1,'22222'),(163,64,10,1,'22222'),(164,65,5,1,'22222'),(165,65,5,2,'22222'),(166,65,5,3,'22222'),(208,70,6,1,'22222'),(209,70,6,2,'22222'),(210,70,6,3,'22222'),(211,70,6,4,'22222'),(212,70,6,5,'22222'),(213,70,6,6,'22222'),(214,71,6,1,'22222'),(215,71,6,2,'22222'),(299,84,6,1,'22222'),(300,84,6,2,'22222'),(301,85,6,1,'22222'),(302,85,6,2,'22222'),(315,86,6,1,'22222'),(316,86,8,2,'22222'),(317,87,14,1,'20002'),(318,87,15,2,'20002'),(319,88,14,1,'20002'),(320,88,15,2,'20002'),(321,89,14,1,'20002'),(322,89,15,2,'20002'),(324,90,14,1,'22222'),(332,91,14,1,'22222'),(333,91,15,2,'22222'),(334,91,14,3,'22222'),(335,91,15,4,'22222'),(336,91,14,5,'22222'),(337,91,15,6,'22222'),(338,67,14,1,'22222'),(339,67,14,2,'22222'),(340,67,14,3,'22222'),(341,67,14,4,'22222'),(342,67,14,5,'22222'),(343,67,14,6,'22222'),(344,67,14,7,'22222'),(345,67,14,8,'22222'),(346,67,14,9,'22222'),(347,67,14,10,'22222'),(348,67,14,11,'22222'),(349,67,14,12,'22222'),(350,67,14,13,'22222'),(351,59,11,1,'22222'),(352,59,15,2,'22222');
/*!40000 ALTER TABLE `T_SUITES_BODY` ENABLE KEYS */;
UNLOCK TABLES;

--
-- Table structure for table `T_SW_REL`
--

DROP TABLE IF EXISTS `T_SW_REL`;
/*!40101 SET @saved_cs_client     = @@character_set_client */;
/*!40101 SET character_set_client = utf8 */;
CREATE TABLE `T_SW_REL` (
  `id_sw_rel` varchar(45) NOT NULL,
  `sw_rel_name` varchar(45) DEFAULT NULL,
  PRIMARY KEY (`id_sw_rel`)
) ENGINE=InnoDB DEFAULT CHARSET=utf8;
/*!40101 SET character_set_client = @saved_cs_client */;

--
-- Dumping data for table `T_SW_REL`
--

LOCK TABLES `T_SW_REL` WRITE;
/*!40000 ALTER TABLE `T_SW_REL` DISABLE KEYS */;
INSERT INTO `T_SW_REL` VALUES ('0','NULL_REL'),('1','7.10.10'),('2','7.10.15'),('3','7.2');
/*!40000 ALTER TABLE `T_SW_REL` ENABLE KEYS */;
UNLOCK TABLES;

--
-- Table structure for table `T_TEST`
--

DROP TABLE IF EXISTS `T_TEST`;
/*!40101 SET @saved_cs_client     = @@character_set_client */;
/*!40101 SET character_set_client = utf8 */;
CREATE TABLE `T_TEST` (
  `test_id` int(11) NOT NULL AUTO_INCREMENT,
  `test_name` varchar(255) NOT NULL,
  `test_description` longtext,
  PRIMARY KEY (`test_id`),
  UNIQUE KEY `id_test_UNIQUE` (`test_id`),
  UNIQUE KEY `test_name_UNIQUE` (`test_name`)
) ENGINE=InnoDB AUTO_INCREMENT=7 DEFAULT CHARSET=utf8 COMMENT='Fully Qualified Test Name';
/*!40101 SET character_set_client = @saved_cs_client */;

--
-- Dumping data for table `T_TEST`
--

LOCK TABLES `T_TEST` WRITE;
/*!40000 ALTER TABLE `T_TEST` DISABLE KEYS */;
INSERT INTO `T_TEST` VALUES (4,'TestCases/1850TSS320/DATA/EOAM/Test1.py','Mario Culo'),(5,'TestCases/1850TSS320/DATA/EOAM/Test2.py','Flavio Culo'),(6,'TestCases/1850TSS320/DATA/TMPLS/Test3.py','Dario Culo');
/*!40000 ALTER TABLE `T_TEST` ENABLE KEYS */;
UNLOCK TABLES;

--
-- Table structure for table `T_TEST_AREA`
--

DROP TABLE IF EXISTS `T_TEST_AREA`;
/*!40101 SET @saved_cs_client     = @@character_set_client */;
/*!40101 SET character_set_client = utf8 */;
CREATE TABLE `T_TEST_AREA` (
  `id_area` int(11) NOT NULL AUTO_INCREMENT,
  `id_prod_rel` int(11) DEFAULT NULL,
  `jira_story` varchar(45) DEFAULT NULL,
  PRIMARY KEY (`id_area`),
  UNIQUE KEY `id_area_UNIQUE` (`id_area`)
) ENGINE=InnoDB DEFAULT CHARSET=utf8;
/*!40101 SET character_set_client = @saved_cs_client */;

--
-- Dumping data for table `T_TEST_AREA`
--

LOCK TABLES `T_TEST_AREA` WRITE;
/*!40000 ALTER TABLE `T_TEST_AREA` DISABLE KEYS */;
/*!40000 ALTER TABLE `T_TEST_AREA` ENABLE KEYS */;
UNLOCK TABLES;

--
-- Table structure for table `T_TEST_COMPATIBILITY`
--

DROP TABLE IF EXISTS `T_TEST_COMPATIBILITY`;
/*!40101 SET @saved_cs_client     = @@character_set_client */;
/*!40101 SET character_set_client = utf8 */;
CREATE TABLE `T_TEST_COMPATIBILITY` (
  `T_DOMAIN_id_domain` int(11) NOT NULL,
  `T_TEST_REVS_id_TestRev` int(11) NOT NULL,
  KEY `fk_T_TEST_COMPATIBILITY_T_STORY1_idx` (`T_DOMAIN_id_domain`),
  KEY `fk_T_TEST_COMPATIBILITY_T_TEST_REVS1_idx` (`T_TEST_REVS_id_TestRev`),
  CONSTRAINT `fk_T_TEST_COMPATIBILITY_T_STORY1` FOREIGN KEY (`T_DOMAIN_id_domain`) REFERENCES `T_DOMAIN` (`id_domain`) ON DELETE NO ACTION ON UPDATE NO ACTION,
  CONSTRAINT `fk_T_TEST_COMPATIBILITY_T_TEST_REVS1` FOREIGN KEY (`T_TEST_REVS_id_TestRev`) REFERENCES `T_TEST_REVS` (`id_TestRev`) ON DELETE NO ACTION ON UPDATE NO ACTION
) ENGINE=InnoDB DEFAULT CHARSET=utf8;
/*!40101 SET character_set_client = @saved_cs_client */;

--
-- Dumping data for table `T_TEST_COMPATIBILITY`
--

LOCK TABLES `T_TEST_COMPATIBILITY` WRITE;
/*!40000 ALTER TABLE `T_TEST_COMPATIBILITY` DISABLE KEYS */;
INSERT INTO `T_TEST_COMPATIBILITY` VALUES (5,5),(5,6),(5,7),(5,8),(6,9),(6,10),(5,11),(5,12),(6,13),(5,14),(5,15),(6,15);
/*!40000 ALTER TABLE `T_TEST_COMPATIBILITY` ENABLE KEYS */;
UNLOCK TABLES;

--
-- Table structure for table `T_TEST_REVS`
--

DROP TABLE IF EXISTS `T_TEST_REVS`;
/*!40101 SET @saved_cs_client     = @@character_set_client */;
/*!40101 SET character_set_client = utf8 */;
CREATE TABLE `T_TEST_REVS` (
  `id_TestRev` int(11) NOT NULL AUTO_INCREMENT,
  `T_TEST_test_id` int(11) NOT NULL,
  `revision` varchar(45) NOT NULL,
  `duration` int(10) unsigned NOT NULL,
  `metric` int(10) unsigned NOT NULL,
  `assignment` varchar(45) NOT NULL,
  `dependency` varchar(45) NOT NULL,
  `author` varchar(45) NOT NULL,
  `release_date` varchar(45) NOT NULL,
  `lab` varchar(45) NOT NULL,
  `description` varchar(45) NOT NULL,
  `topology` varchar(45) NOT NULL,
  `run_section` varchar(8) NOT NULL,
  `last_update` timestamp NOT NULL DEFAULT CURRENT_TIMESTAMP,
  PRIMARY KEY (`id_TestRev`),
  UNIQUE KEY `id_TestRev_UNIQUE` (`id_TestRev`),
  KEY `fk_T_TEST_REVS_T_TEST1_idx` (`T_TEST_test_id`),
  CONSTRAINT `fk_T_TEST_REVS_T_TEST1` FOREIGN KEY (`T_TEST_test_id`) REFERENCES `T_TEST` (`test_id`) ON DELETE NO ACTION ON UPDATE NO ACTION
) ENGINE=InnoDB AUTO_INCREMENT=17 DEFAULT CHARSET=utf8;
/*!40101 SET character_set_client = @saved_cs_client */;

--
-- Dumping data for table `T_TEST_REVS`
--

LOCK TABLES `T_TEST_REVS` WRITE;
/*!40000 ALTER TABLE `T_TEST_REVS` DISABLE KEYS */;
INSERT INTO `T_TEST_REVS` VALUES (5,4,'V1',38,54,'IPPOLF','NA','TOSIM','2015-09-04 9:00:00','SVT','prrrrrr','4','11111','2015-09-04 17:00:00'),(6,4,'V2',45,2,'IPPOLF','NA','TOSIM','2015-09-04 9:00:00','CI','prrrr2','1','11111','2015-09-04 17:00:00'),(7,5,'V1',45,12,'TOSIM','NA','COLOMX','2015-09-04 9:00:00','NMS','sdfsadfg','2','11111','2015-09-04 17:00:00'),(8,5,'V2',45,65,'COLOMX','NA','COLOMX','2015-09-04 9:00:00','NMS','fghdfsgh','2','11111','2015-09-04 17:00:00'),(9,6,'V1',54,654,'COLMX','NA','COLOMX','2015-09-04 9:00:00','CI','sdgdfg','3','11111','2015-09-04 17:00:00'),(10,6,'V2',4596,486,'COLOMB','NA','TOSIMA','2015-09-04 9:00:00','TEC','fgfdojg','3','11111','2015-09-04 17:00:00'),(11,4,'V3',45,2,'IPPOLF','NA','TOSIM','2015-30-10 9:00:00','SVT','prrrrrr','1','11111','2015-09-04 17:00:00'),(12,5,'V3',45,12,'TOSIM','NA','COLOMX','2015-09-04 9:00:00','NMS','sdfsadfg','2','11111','2015-09-04 17:00:00'),(13,6,'V3',4596,486,'COLOMB','NA','TOSIMA','2015-09-04 9:00:00','TEC','fgfdojg','3','11111','2015-09-04 17:00:00'),(14,4,'V4',600,50,'TOSIMA','NA','TOSIMA','2015-12-09 9:00:00','SVT','asdasdasd','1','11111','2015-12-09 08:00:00'),(15,5,'V4',300,60,'COLOMX','NA','COLOMX','2015-12-09 9:00:00','TEC','sdfdhthrt','2','11111','2015-12-09 08:00:00'),(16,6,'V4',450,100,'IPPOLF','NA','IPPOLF','2015-12-09 9:00:00','NMS','qweqwe','3','11111','2015-12-09 08:00:00');
/*!40000 ALTER TABLE `T_TEST_REVS` ENABLE KEYS */;
UNLOCK TABLES;

--
-- Table structure for table `T_TOPOLOGY`
--

DROP TABLE IF EXISTS `T_TOPOLOGY`;
/*!40101 SET @saved_cs_client     = @@character_set_client */;
/*!40101 SET character_set_client = utf8 */;
CREATE TABLE `T_TOPOLOGY` (
  `id_topology` int(11) NOT NULL AUTO_INCREMENT,
  `T_SCOPE_id_scope` int(11) NOT NULL,
  `title` varchar(45) NOT NULL,
  `description` longtext,
  PRIMARY KEY (`id_topology`),
  UNIQUE KEY `id_topology_UNIQUE` (`id_topology`),
  UNIQUE KEY `title_UNIQUE` (`title`),
  KEY `fk_T_TOPOLOGY_T_SCOPE1_idx` (`T_SCOPE_id_scope`),
  CONSTRAINT `fk_T_TOPOLOGY_T_SCOPE1` FOREIGN KEY (`T_SCOPE_id_scope`) REFERENCES `T_SCOPE` (`id_scope`) ON DELETE NO ACTION ON UPDATE NO ACTION
) ENGINE=InnoDB AUTO_INCREMENT=6 DEFAULT CHARSET=utf8;
/*!40101 SET character_set_client = @saved_cs_client */;

--
-- Dumping data for table `T_TOPOLOGY`
--

LOCK TABLES `T_TOPOLOGY` WRITE;
/*!40000 ALTER TABLE `T_TOPOLOGY` DISABLE KEYS */;
INSERT INTO `T_TOPOLOGY` VALUES (1,1,'topo1','descr1'),(2,2,'topo2','descr2'),(3,3,'topo3','descr3'),(4,4,'topo4','descr4'),(5,5,'topo5','descr5');
/*!40000 ALTER TABLE `T_TOPOLOGY` ENABLE KEYS */;
UNLOCK TABLES;

--
-- Table structure for table `T_TPS`
--

DROP TABLE IF EXISTS `T_TPS`;
/*!40101 SET @saved_cs_client     = @@character_set_client */;
/*!40101 SET character_set_client = utf8 */;
CREATE TABLE `T_TPS` (
  `id_tps` int(11) NOT NULL AUTO_INCREMENT,
  `tps_reference` varchar(255) NOT NULL,
  `T_DOMAIN_id_domain` int(11) NOT NULL,
  `T_TEST_REVS_id_TestRev` int(11) NOT NULL,
  PRIMARY KEY (`id_tps`),
  KEY `fk_T_TEST_CASES_T_STORY1_idx` (`T_DOMAIN_id_domain`),
  KEY `fk_T_TPS_T_TEST_REVS1_idx` (`T_TEST_REVS_id_TestRev`),
  CONSTRAINT `fk_T_TEST_CASES_T_STORY1` FOREIGN KEY (`T_DOMAIN_id_domain`) REFERENCES `T_DOMAIN` (`id_domain`) ON DELETE NO ACTION ON UPDATE NO ACTION,
  CONSTRAINT `fk_T_TPS_T_TEST_REVS1` FOREIGN KEY (`T_TEST_REVS_id_TestRev`) REFERENCES `T_TEST_REVS` (`id_TestRev`) ON DELETE NO ACTION ON UPDATE NO ACTION
) ENGINE=InnoDB AUTO_INCREMENT=28 DEFAULT CHARSET=utf8;
/*!40101 SET character_set_client = @saved_cs_client */;

--
-- Dumping data for table `T_TPS`
--

LOCK TABLES `T_TPS` WRITE;
/*!40000 ALTER TABLE `T_TPS` DISABLE KEYS */;
INSERT INTO `T_TPS` VALUES (9,'5.3.1',11,5),(10,'5.3.1',11,6),(11,'5.8.1',5,7),(12,'5.8.1',5,8),(13,'5.4.2',6,9),(14,'5.4.2',6,10),(15,'5.3.1',11,11),(16,'5.8.0',5,12),(17,'5.4.2',6,13),(18,'5.3.3',5,14),(21,'5.3.2',5,14),(22,'5.3.1',11,14),(23,'1.2.3',10,16),(24,'5.3.22',6,16),(25,'5.3.13',6,16),(26,'5.4.2',5,15),(27,'5.4.3',5,15);
/*!40000 ALTER TABLE `T_TPS` ENABLE KEYS */;
UNLOCK TABLES;

--
-- Table structure for table `T_TPY_ENTITY`
--

DROP TABLE IF EXISTS `T_TPY_ENTITY`;
/*!40101 SET @saved_cs_client     = @@character_set_client */;
/*!40101 SET character_set_client = utf8 */;
CREATE TABLE `T_TPY_ENTITY` (
  `id_entity` int(11) NOT NULL AUTO_INCREMENT,
  `T_TOPOLOGY_id_topology` int(11) NOT NULL,
  `entityName` varchar(45) NOT NULL,
  `elemName` varchar(45) NOT NULL,
  `elemDescription` varchar(45) DEFAULT NULL,
  PRIMARY KEY (`id_entity`),
  UNIQUE KEY `id_entity_UNIQUE` (`id_entity`),
  KEY `fk_T_TOPOLOGY_ENTITY_T_TOPOLOGY1_idx` (`T_TOPOLOGY_id_topology`),
  CONSTRAINT `fk_T_TOPOLOGY_ENTITY_T_TOPOLOGY1` FOREIGN KEY (`T_TOPOLOGY_id_topology`) REFERENCES `T_TOPOLOGY` (`id_topology`) ON DELETE NO ACTION ON UPDATE NO ACTION
) ENGINE=InnoDB AUTO_INCREMENT=12 DEFAULT CHARSET=utf8;
/*!40101 SET character_set_client = @saved_cs_client */;

--
-- Dumping data for table `T_TPY_ENTITY`
--

LOCK TABLES `T_TPY_ENTITY` WRITE;
/*!40000 ALTER TABLE `T_TPY_ENTITY` DISABLE KEYS */;
INSERT INTO `T_TPY_ENTITY` VALUES (1,1,'NE1','#1850TSS320','desc1'),(2,1,'NE1','P1','desc2'),(3,2,'NE1','#1850TSS320H','desc3'),(4,2,'NE1','P1','desc4'),(5,2,'IXIA1','#IXIA','desc5'),(6,2,'IXIA1','P1','desc5'),(7,3,'NE1','#1850TSS160','desc6'),(8,3,'NE1','P1','desc7'),(9,3,'NE2','#1850TSS5','desc8'),(10,3,'NE2','P1','desc9'),(11,4,'NE1','#1850TSS160H','desc10');
/*!40000 ALTER TABLE `T_TPY_ENTITY` ENABLE KEYS */;
UNLOCK TABLES;

--
-- Table structure for table `auth_group`
--

DROP TABLE IF EXISTS `auth_group`;
/*!40101 SET @saved_cs_client     = @@character_set_client */;
/*!40101 SET character_set_client = utf8 */;
CREATE TABLE `auth_group` (
  `id` int(11) NOT NULL AUTO_INCREMENT,
  `name` varchar(80) NOT NULL,
  PRIMARY KEY (`id`),
  UNIQUE KEY `name` (`name`)
) ENGINE=InnoDB DEFAULT CHARSET=utf8;
/*!40101 SET character_set_client = @saved_cs_client */;

--
-- Dumping data for table `auth_group`
--

LOCK TABLES `auth_group` WRITE;
/*!40000 ALTER TABLE `auth_group` DISABLE KEYS */;
/*!40000 ALTER TABLE `auth_group` ENABLE KEYS */;
UNLOCK TABLES;

--
-- Table structure for table `auth_group_permissions`
--

DROP TABLE IF EXISTS `auth_group_permissions`;
/*!40101 SET @saved_cs_client     = @@character_set_client */;
/*!40101 SET character_set_client = utf8 */;
CREATE TABLE `auth_group_permissions` (
  `id` int(11) NOT NULL AUTO_INCREMENT,
  `group_id` int(11) NOT NULL,
  `permission_id` int(11) NOT NULL,
  PRIMARY KEY (`id`),
  UNIQUE KEY `group_id` (`group_id`,`permission_id`),
  KEY `auth_group__permission_id_346b187ddff234be_fk_auth_permission_id` (`permission_id`),
  CONSTRAINT `auth_group__permission_id_346b187ddff234be_fk_auth_permission_id` FOREIGN KEY (`permission_id`) REFERENCES `auth_permission` (`id`),
  CONSTRAINT `auth_group_permission_group_id_61acf89089eb9474_fk_auth_group_id` FOREIGN KEY (`group_id`) REFERENCES `auth_group` (`id`)
) ENGINE=InnoDB DEFAULT CHARSET=utf8;
/*!40101 SET character_set_client = @saved_cs_client */;

--
-- Dumping data for table `auth_group_permissions`
--

LOCK TABLES `auth_group_permissions` WRITE;
/*!40000 ALTER TABLE `auth_group_permissions` DISABLE KEYS */;
/*!40000 ALTER TABLE `auth_group_permissions` ENABLE KEYS */;
UNLOCK TABLES;

--
-- Table structure for table `auth_permission`
--

DROP TABLE IF EXISTS `auth_permission`;
/*!40101 SET @saved_cs_client     = @@character_set_client */;
/*!40101 SET character_set_client = utf8 */;
CREATE TABLE `auth_permission` (
  `id` int(11) NOT NULL AUTO_INCREMENT,
  `name` varchar(255) NOT NULL,
  `content_type_id` int(11) NOT NULL,
  `codename` varchar(100) NOT NULL,
  PRIMARY KEY (`id`),
  UNIQUE KEY `content_type_id` (`content_type_id`,`codename`),
  CONSTRAINT `auth__content_type_id_41cdcab470d97b7c_fk_django_content_type_id` FOREIGN KEY (`content_type_id`) REFERENCES `django_content_type` (`id`)
) ENGINE=InnoDB DEFAULT CHARSET=utf8;
/*!40101 SET character_set_client = @saved_cs_client */;

--
-- Dumping data for table `auth_permission`
--

LOCK TABLES `auth_permission` WRITE;
/*!40000 ALTER TABLE `auth_permission` DISABLE KEYS */;
/*!40000 ALTER TABLE `auth_permission` ENABLE KEYS */;
UNLOCK TABLES;

--
-- Table structure for table `auth_user`
--

DROP TABLE IF EXISTS `auth_user`;
/*!40101 SET @saved_cs_client     = @@character_set_client */;
/*!40101 SET character_set_client = utf8 */;
CREATE TABLE `auth_user` (
  `id` int(11) NOT NULL AUTO_INCREMENT,
  `password` varchar(128) NOT NULL,
  `last_login` datetime(6) DEFAULT NULL,
  `is_superuser` tinyint(1) NOT NULL,
  `username` varchar(30) NOT NULL,
  `first_name` varchar(30) NOT NULL,
  `last_name` varchar(30) NOT NULL,
  `email` varchar(254) NOT NULL,
  `is_staff` tinyint(1) NOT NULL,
  `is_active` tinyint(1) NOT NULL,
  `date_joined` datetime(6) NOT NULL,
  PRIMARY KEY (`id`),
  UNIQUE KEY `username` (`username`)
) ENGINE=InnoDB AUTO_INCREMENT=6 DEFAULT CHARSET=utf8;
/*!40101 SET character_set_client = @saved_cs_client */;

--
-- Dumping data for table `auth_user`
--

LOCK TABLES `auth_user` WRITE;
/*!40000 ALTER TABLE `auth_user` DISABLE KEYS */;
INSERT INTO `auth_user` VALUES (1,'pbkdf2_sha256$20000$r1eYSEU7emDq$l6NriI5WuQoT3gyXtAn+SuPhIIyO4lqOoAhyyvNkkYc=','2015-06-24 13:20:19.644927',1,'smotools','','','smotools@smoptics.srl',1,1,'2015-05-22 11:48:46.063094'),(2,'!AA6nFPsDaTq8FQmJcHEs9RrdQNAoB2dM3A58m8p2','2015-12-16 12:51:07.747514',1,'colomx','colomx','','',1,1,'2015-06-22 12:24:11.946180'),(4,'!jbCE1zcWz5fYzxg3O1fTHTsEj7hodriXaDxhgVD8','2015-12-17 16:30:37.775613',1,'ippolf','ippolf','','',1,1,'2015-06-26 09:57:35.791255'),(5,'!VHymjEgMO15o1SB9ZAvkTmA9AqqDbpQDZwg5sZJ2','2015-11-09 13:49:00.354489',1,'tosima','tosima','','',1,1,'2015-07-29 09:21:54.153019');
/*!40000 ALTER TABLE `auth_user` ENABLE KEYS */;
UNLOCK TABLES;

--
-- Table structure for table `auth_user_groups`
--

DROP TABLE IF EXISTS `auth_user_groups`;
/*!40101 SET @saved_cs_client     = @@character_set_client */;
/*!40101 SET character_set_client = utf8 */;
CREATE TABLE `auth_user_groups` (
  `id` int(11) NOT NULL AUTO_INCREMENT,
  `user_id` int(11) NOT NULL,
  `group_id` int(11) NOT NULL,
  PRIMARY KEY (`id`),
  UNIQUE KEY `user_id` (`user_id`,`group_id`),
  KEY `auth_user_groups_group_id_143a92995d940b98_fk_auth_group_id` (`group_id`),
  CONSTRAINT `auth_user_groups_group_id_143a92995d940b98_fk_auth_group_id` FOREIGN KEY (`group_id`) REFERENCES `auth_group` (`id`),
  CONSTRAINT `auth_user_groups_user_id_2e135eb778a80b04_fk_auth_user_id` FOREIGN KEY (`user_id`) REFERENCES `auth_user` (`id`)
) ENGINE=InnoDB DEFAULT CHARSET=utf8;
/*!40101 SET character_set_client = @saved_cs_client */;

--
-- Dumping data for table `auth_user_groups`
--

LOCK TABLES `auth_user_groups` WRITE;
/*!40000 ALTER TABLE `auth_user_groups` DISABLE KEYS */;
/*!40000 ALTER TABLE `auth_user_groups` ENABLE KEYS */;
UNLOCK TABLES;

--
-- Table structure for table `auth_user_user_permissions`
--

DROP TABLE IF EXISTS `auth_user_user_permissions`;
/*!40101 SET @saved_cs_client     = @@character_set_client */;
/*!40101 SET character_set_client = utf8 */;
CREATE TABLE `auth_user_user_permissions` (
  `id` int(11) NOT NULL AUTO_INCREMENT,
  `user_id` int(11) NOT NULL,
  `permission_id` int(11) NOT NULL,
  PRIMARY KEY (`id`),
  UNIQUE KEY `user_id` (`user_id`,`permission_id`),
  KEY `auth_user_us_permission_id_d1c93364f94593c_fk_auth_permission_id` (`permission_id`),
  CONSTRAINT `auth_user_us_permission_id_d1c93364f94593c_fk_auth_permission_id` FOREIGN KEY (`permission_id`) REFERENCES `auth_permission` (`id`),
  CONSTRAINT `auth_user_user_permissio_user_id_26cde44955ff25e_fk_auth_user_id` FOREIGN KEY (`user_id`) REFERENCES `auth_user` (`id`)
) ENGINE=InnoDB DEFAULT CHARSET=utf8;
/*!40101 SET character_set_client = @saved_cs_client */;

--
-- Dumping data for table `auth_user_user_permissions`
--

LOCK TABLES `auth_user_user_permissions` WRITE;
/*!40000 ALTER TABLE `auth_user_user_permissions` DISABLE KEYS */;
/*!40000 ALTER TABLE `auth_user_user_permissions` ENABLE KEYS */;
UNLOCK TABLES;

--
-- Table structure for table `django_admin_log`
--

DROP TABLE IF EXISTS `django_admin_log`;
/*!40101 SET @saved_cs_client     = @@character_set_client */;
/*!40101 SET character_set_client = utf8 */;
CREATE TABLE `django_admin_log` (
  `id` int(11) NOT NULL AUTO_INCREMENT,
  `action_time` datetime(6) NOT NULL,
  `object_id` longtext,
  `object_repr` varchar(200) NOT NULL,
  `action_flag` smallint(5) unsigned NOT NULL,
  `change_message` longtext NOT NULL,
  `content_type_id` int(11) DEFAULT NULL,
  `user_id` int(11) NOT NULL,
  PRIMARY KEY (`id`),
  KEY `djang_content_type_id_456967f216b802fe_fk_django_content_type_id` (`content_type_id`),
  KEY `django_admin_log_user_id_681e8f59a48620c5_fk_auth_user_id` (`user_id`),
  CONSTRAINT `djang_content_type_id_456967f216b802fe_fk_django_content_type_id` FOREIGN KEY (`content_type_id`) REFERENCES `django_content_type` (`id`),
  CONSTRAINT `django_admin_log_user_id_681e8f59a48620c5_fk_auth_user_id` FOREIGN KEY (`user_id`) REFERENCES `auth_user` (`id`)
) ENGINE=InnoDB AUTO_INCREMENT=18 DEFAULT CHARSET=utf8;
/*!40101 SET character_set_client = @saved_cs_client */;

--
-- Dumping data for table `django_admin_log`
--

LOCK TABLES `django_admin_log` WRITE;
/*!40000 ALTER TABLE `django_admin_log` DISABLE KEYS */;
INSERT INTO `django_admin_log` VALUES (9,'2015-06-19 13:27:54.604143','1','TTest object',1,'',10,1),(10,'2015-06-19 13:28:52.607326','1','TTestRevs object',1,'',11,1),(12,'2015-07-15 08:47:46.775222','1','TLocation object',1,'',17,2),(13,'2015-07-15 08:48:14.764617','2','TLocation object',1,'',17,2),(14,'2015-07-15 08:49:20.183026','1','TEquipType object',1,'',18,2),(15,'2015-07-15 08:49:37.833371','2','TEquipType object',1,'',18,2),(16,'2015-07-15 08:51:25.500054','1','TPackages object',1,'',20,2),(17,'2015-07-15 08:52:15.516959','1','TEquipment object',1,'',19,2);
/*!40000 ALTER TABLE `django_admin_log` ENABLE KEYS */;
UNLOCK TABLES;

--
-- Table structure for table `django_content_type`
--

DROP TABLE IF EXISTS `django_content_type`;
/*!40101 SET @saved_cs_client     = @@character_set_client */;
/*!40101 SET character_set_client = utf8 */;
CREATE TABLE `django_content_type` (
  `id` int(11) NOT NULL AUTO_INCREMENT,
  `app_label` varchar(100) NOT NULL,
  `model` varchar(100) NOT NULL,
  PRIMARY KEY (`id`),
  UNIQUE KEY `django_content_type_app_label_1a714f53d7101e9c_uniq` (`app_label`,`model`)
) ENGINE=InnoDB AUTO_INCREMENT=23 DEFAULT CHARSET=utf8;
/*!40101 SET character_set_client = @saved_cs_client */;

--
-- Dumping data for table `django_content_type`
--

LOCK TABLES `django_content_type` WRITE;
/*!40000 ALTER TABLE `django_content_type` DISABLE KEYS */;
INSERT INTO `django_content_type` VALUES (13,'auth','user'),(12,'color_liker','authuser'),(10,'color_liker','ttest'),(11,'color_liker','ttestrevs'),(14,'taws','tarea'),(19,'taws','tequipment'),(18,'taws','tequiptype'),(17,'taws','tlocation'),(20,'taws','tpackages'),(21,'taws','tprod'),(22,'taws','ttest'),(15,'taws','ttestrevs'),(16,'taws','ttopology');
/*!40000 ALTER TABLE `django_content_type` ENABLE KEYS */;
UNLOCK TABLES;

--
-- Table structure for table `django_migrations`
--

DROP TABLE IF EXISTS `django_migrations`;
/*!40101 SET @saved_cs_client     = @@character_set_client */;
/*!40101 SET character_set_client = utf8 */;
CREATE TABLE `django_migrations` (
  `id` int(11) NOT NULL AUTO_INCREMENT,
  `app` varchar(255) NOT NULL,
  `name` varchar(255) NOT NULL,
  `applied` datetime(6) NOT NULL,
  PRIMARY KEY (`id`)
) ENGINE=InnoDB DEFAULT CHARSET=utf8;
/*!40101 SET character_set_client = @saved_cs_client */;

--
-- Dumping data for table `django_migrations`
--

LOCK TABLES `django_migrations` WRITE;
/*!40000 ALTER TABLE `django_migrations` DISABLE KEYS */;
/*!40000 ALTER TABLE `django_migrations` ENABLE KEYS */;
UNLOCK TABLES;

--
-- Table structure for table `django_session`
--

DROP TABLE IF EXISTS `django_session`;
/*!40101 SET @saved_cs_client     = @@character_set_client */;
/*!40101 SET character_set_client = utf8 */;
CREATE TABLE `django_session` (
  `session_key` varchar(40) NOT NULL,
  `session_data` longtext NOT NULL,
  `expire_date` datetime(6) NOT NULL,
  PRIMARY KEY (`session_key`),
  KEY `django_session_de54fa62` (`expire_date`)
) ENGINE=InnoDB DEFAULT CHARSET=utf8;
/*!40101 SET character_set_client = @saved_cs_client */;

--
-- Dumping data for table `django_session`
--

LOCK TABLES `django_session` WRITE;
/*!40000 ALTER TABLE `django_session` DISABLE KEYS */;
INSERT INTO `django_session` VALUES ('06zqs06xi949kzetp5ll64o2wq8mstn7','MGQwNjk2ZjcwZDViMjIxNDdhNjgzZDA3NjFlNDk1OTk1NTY2NmEyMDp7fQ==','2015-07-20 09:19:49.216124'),('09ql2uwp8obnbz7apdflwfnnwwh1ifw2','MjkxMTljODVjMWEzMjQzNmQ3ZTc1ZDAyNGMwZDViMmY2NDI2Yzc3MTp7Il9hdXRoX3VzZXJfYmFja2VuZCI6ImRqYW5nb19hdXRoX2xkYXAuYmFja2VuZC5MREFQQmFja2VuZCIsInBhc3N3b3JkIjoic21vQDIwMTUiLCJyb2xlIjoiQURNSU4iLCJfYXV0aF91c2VyX2hhc2giOiJiYjVlNmFkZjYzYWFkNjI0ODA0YzRjZjcxYjk1ZmM3YjYyZWZiYmM4IiwibG9naW4iOiJpcHBvbGYiLCJfYXV0aF91c2VyX2lkIjoiNCJ9','2015-08-26 16:24:19.320725'),('0a8mvfst3k1z3btfq6z2c0lzvtwpb5am','Njk0YzI5Nzg0MTBkOGRlMWE3ZDNlZTljNjMyMmM4Yzg4MjU2OWUwYjp7Il9hdXRoX3VzZXJfaWQiOiI0IiwiX2F1dGhfdXNlcl9oYXNoIjoiYmI1ZTZhZGY2M2FhZDYyNDgwNGM0Y2Y3MWI5NWZjN2I2MmVmYmJjOCIsIl9hdXRoX3VzZXJfYmFja2VuZCI6ImRqYW5nb19hdXRoX2xkYXAuYmFja2VuZC5MREFQQmFja2VuZCIsImxvZ2luIjoiaXBwb2xmIiwicm9sZSI6IkFETUlOIiwicGFzc3dvcmQiOiJzbW9AMjAxNSJ9','2015-11-06 12:22:45.373808'),('0d6tchastxa9c8to4g9lhgda6orwcqof','MGQwNjk2ZjcwZDViMjIxNDdhNjgzZDA3NjFlNDk1OTk1NTY2NmEyMDp7fQ==','2015-07-01 14:03:56.501132'),('0ei0rahqj4fhre90p2s111hyb4fem33z','MGQwNjk2ZjcwZDViMjIxNDdhNjgzZDA3NjFlNDk1OTk1NTY2NmEyMDp7fQ==','2015-11-11 11:32:55.090803'),('0fidnzozn1j8j191qhjcvytzaoedj76h','MGQwNjk2ZjcwZDViMjIxNDdhNjgzZDA3NjFlNDk1OTk1NTY2NmEyMDp7fQ==','2015-07-15 09:51:35.023567'),('0hx8stn1ktulwssg3p4utfv2n6j6rbd6','MGQwNjk2ZjcwZDViMjIxNDdhNjgzZDA3NjFlNDk1OTk1NTY2NmEyMDp7fQ==','2015-07-01 09:51:21.006783'),('0hxa2legykpccc0mpstcg89gvr7vcfqk','ZjYzMDYyMTBkYTNlNTQyZTJjZTM0MTEwNTdlOWE5ZTAxYTU0ZDVhZjp7ImxvZ2luIjoiQ09MT01YIiwiX2F1dGhfdXNlcl9oYXNoIjoiMmY4ZDhmNTcxY2VjMzc1NGQ4MjhmZmY0NTM5ODViMWI0ZTJlNzJkZiIsIl9hdXRoX3VzZXJfaWQiOiIyIiwiX2F1dGhfdXNlcl9iYWNrZW5kIjoiZGphbmdvX2F1dGhfbGRhcC5iYWNrZW5kLkxEQVBCYWNrZW5kIn0=','2015-07-01 12:13:00.947586'),('0ix6yosq9lxc8h95cmoezq2xbhcd2xib','MGQwNjk2ZjcwZDViMjIxNDdhNjgzZDA3NjFlNDk1OTk1NTY2NmEyMDp7fQ==','2015-10-15 07:35:33.914081'),('0lh5ipxn153ztgu710t3fvun0zrav8ag','MGQwNjk2ZjcwZDViMjIxNDdhNjgzZDA3NjFlNDk1OTk1NTY2NmEyMDp7fQ==','2015-10-14 10:06:01.745700'),('0n212ypz5d351obq8t83f0jccpr3eyjo','ZjYzMDYyMTBkYTNlNTQyZTJjZTM0MTEwNTdlOWE5ZTAxYTU0ZDVhZjp7ImxvZ2luIjoiQ09MT01YIiwiX2F1dGhfdXNlcl9oYXNoIjoiMmY4ZDhmNTcxY2VjMzc1NGQ4MjhmZmY0NTM5ODViMWI0ZTJlNzJkZiIsIl9hdXRoX3VzZXJfaWQiOiIyIiwiX2F1dGhfdXNlcl9iYWNrZW5kIjoiZGphbmdvX2F1dGhfbGRhcC5iYWNrZW5kLkxEQVBCYWNrZW5kIn0=','2015-06-23 15:50:06.897731'),('0oyku8292a6ns2ezm65ow2w22kzc4b5m','MGQwNjk2ZjcwZDViMjIxNDdhNjgzZDA3NjFlNDk1OTk1NTY2NmEyMDp7fQ==','2015-07-02 07:52:06.052855'),('0qf8quiu2ijvkvr90m2mf6cne9az4j1p','Y2VjNGQwMjYyOWU0OGQwODk0ZTVmNTQ5Y2M0MTg1ZTU1MzI3ZGExMDp7InBhc3N3b3JkIjoic21vQDIwMTUiLCJyb2xlIjoiQURNSU4iLCJfYXV0aF91c2VyX2lkIjoiNCIsIl9hdXRoX3VzZXJfYmFja2VuZCI6ImRqYW5nb19hdXRoX2xkYXAuYmFja2VuZC5MREFQQmFja2VuZCIsImxvZ2luIjoiaXBwb2xmIiwiX2F1dGhfdXNlcl9oYXNoIjoiYmI1ZTZhZGY2M2FhZDYyNDgwNGM0Y2Y3MWI5NWZjN2I2MmVmYmJjOCJ9','2015-12-01 14:07:22.153746'),('0qodpbwhmogut3dph5akhvp3dm3db9cj','MGQwNjk2ZjcwZDViMjIxNDdhNjgzZDA3NjFlNDk1OTk1NTY2NmEyMDp7fQ==','2015-09-04 12:51:44.376877'),('0ymrky2qd14goac65xvopnre0sn0bbpr','YjNiNjJhYWEzNTM3MGJjNWIxZTYzZTI3MjU5NGYzYzJkN2FhYzFkMTp7InJvbGUiOiJBRE1JTiIsIl9hdXRoX3VzZXJfYmFja2VuZCI6ImRqYW5nb19hdXRoX2xkYXAuYmFja2VuZC5MREFQQmFja2VuZCIsInBhc3N3b3JkIjoic21vQDIwMTUiLCJfYXV0aF91c2VyX2lkIjoiNCIsIl9hdXRoX3VzZXJfaGFzaCI6ImJiNWU2YWRmNjNhYWQ2MjQ4MDRjNGNmNzFiOTVmYzdiNjJlZmJiYzgiLCJsb2dpbiI6ImlwcG9sZiJ9','2015-10-30 15:26:11.450316'),('0zmihl5jcdmz8vzyj2dvjp2ysyz2pq8w','ZTJlMGU5ZmYyNzYzOTAzMzVjNjRlYWE4Y2ZiZGFmODk2Njk1ZWEwMzp7Il9hdXRoX3VzZXJfaWQiOiIyIiwicGFzc3dvcmQiOiJzbW9AMjAxNSIsIl9hdXRoX3VzZXJfaGFzaCI6IjJmOGQ4ZjU3MWNlYzM3NTRkODI4ZmZmNDUzOTg1YjFiNGUyZTcyZGYiLCJyb2xlIjoiQURNSU4iLCJsb2dpbiI6ImNvbG9teCIsIl9hdXRoX3VzZXJfYmFja2VuZCI6ImRqYW5nb19hdXRoX2xkYXAuYmFja2VuZC5MREFQQmFja2VuZCJ9','2015-12-02 17:16:20.982753'),('10wsm6frqwk17h1c28ar5fa86h8bxhb8','MGQwNjk2ZjcwZDViMjIxNDdhNjgzZDA3NjFlNDk1OTk1NTY2NmEyMDp7fQ==','2015-11-25 08:57:27.688383'),('12azr1sy089azs183loefu5wgq2dowwb','Mjc0N2NlOTBlODIwODNhZjZjYWIwOTFmNmMzZmQzMzZkZjAzNjE0MDp7Il9hdXRoX3VzZXJfaWQiOiI0IiwiX2F1dGhfdXNlcl9iYWNrZW5kIjoiZGphbmdvX2F1dGhfbGRhcC5iYWNrZW5kLkxEQVBCYWNrZW5kIiwibG9naW4iOiJpcHBvbGYiLCJwYXNzd29yZCI6InNtb0AyMDE1IiwiX2F1dGhfdXNlcl9oYXNoIjoiYmI1ZTZhZGY2M2FhZDYyNDgwNGM0Y2Y3MWI5NWZjN2I2MmVmYmJjOCIsInJvbGUiOiJBRE1JTiJ9','2015-08-31 14:51:57.227532'),('12hn2cyq1ve4s8hygc4d6l47o9dmjcyl','MTE5OTc5NmIyNWViYmJlNzUxNTQ2YzQ1NjhhOThmN2Q0NDBkOWNjODp7Il9hdXRoX3VzZXJfaGFzaCI6ImJiNWU2YWRmNjNhYWQ2MjQ4MDRjNGNmNzFiOTVmYzdiNjJlZmJiYzgiLCJfYXV0aF91c2VyX2JhY2tlbmQiOiJkamFuZ29fYXV0aF9sZGFwLmJhY2tlbmQuTERBUEJhY2tlbmQiLCJsb2dpbiI6IklQUE9MRiIsIl9hdXRoX3VzZXJfaWQiOiI0In0=','2015-07-29 07:55:25.996486'),('13340euuz3x4o7mh1lf67n7wyeyybvb7','NjBlM2UzNWRhNGMyOTRmNGVjZjg0YzcyY2NjNzg0MmRmNDZkYTEyOTp7Il9hdXRoX3VzZXJfaWQiOiIyIiwibG9naW4iOiJjb2xvbXgiLCJyb2xlIjoiQURNSU4iLCJfYXV0aF91c2VyX2JhY2tlbmQiOiJkamFuZ29fYXV0aF9sZGFwLmJhY2tlbmQuTERBUEJhY2tlbmQiLCJwYXNzd29yZCI6InNtb0AyMDE1IiwiX2F1dGhfdXNlcl9oYXNoIjoiMmY4ZDhmNTcxY2VjMzc1NGQ4MjhmZmY0NTM5ODViMWI0ZTJlNzJkZiJ9','2015-11-20 17:09:07.392392'),('1579aar38lvpw45caoczfrshoaikfzlo','MGMzMzI4OWQ5OWQ1MDQ1Y2FiOTM1NGE0NGJmMzdhZDNlMDI1YjYyMTp7Il9hdXRoX3VzZXJfaGFzaCI6ImJiNWU2YWRmNjNhYWQ2MjQ4MDRjNGNmNzFiOTVmYzdiNjJlZmJiYzgiLCJwYXNzd29yZCI6InNtb0AyMDE1IiwiX2F1dGhfdXNlcl9iYWNrZW5kIjoiZGphbmdvX2F1dGhfbGRhcC5iYWNrZW5kLkxEQVBCYWNrZW5kIiwiX2F1dGhfdXNlcl9pZCI6IjQiLCJsb2dpbiI6ImlwcG9sZiIsInJvbGUiOiJBRE1JTiJ9','2015-09-01 12:55:01.980581'),('17r8yu68p9ygy8cgmdu84v1adoqaf7so','MGQwNjk2ZjcwZDViMjIxNDdhNjgzZDA3NjFlNDk1OTk1NTY2NmEyMDp7fQ==','2015-07-01 14:45:15.661956'),('1bs2b61971c96q938joajjb468tmurdw','YTNjMjE2NDQ2MTAyZGQxOWQxYzYxMGYxZTRkOTk5MzQ1ZTFhYTQzZDp7Il9hdXRoX3VzZXJfaGFzaCI6ImJiNWU2YWRmNjNhYWQ2MjQ4MDRjNGNmNzFiOTVmYzdiNjJlZmJiYzgiLCJwYXNzd29yZCI6InNtb0AyMDE1IiwibG9naW4iOiJpcHBvbGYiLCJyb2xlIjoiQURNSU4iLCJfYXV0aF91c2VyX2lkIjoiNCIsIl9hdXRoX3VzZXJfYmFja2VuZCI6ImRqYW5nb19hdXRoX2xkYXAuYmFja2VuZC5MREFQQmFja2VuZCJ9','2015-12-10 18:17:47.681422'),('1frjv062ai1brzubqht32vngiojjbd5n','MDk3MjFlOWYyYjBkNDFkMjU0ZTczN2E4MmU2YTIwZGZjMWViZWEzOTp7InJvbGUiOiJBRE1JTiIsIl9hdXRoX3VzZXJfYmFja2VuZCI6ImRqYW5nb19hdXRoX2xkYXAuYmFja2VuZC5MREFQQmFja2VuZCIsImxvZ2luIjoiaXBwb2xmIiwicGFzc3dvcmQiOiJzbW9AMjAxNSIsIl9hdXRoX3VzZXJfaGFzaCI6ImJiNWU2YWRmNjNhYWQ2MjQ4MDRjNGNmNzFiOTVmYzdiNjJlZmJiYzgiLCJfYXV0aF91c2VyX2lkIjoiNCJ9','2015-09-24 13:26:09.301887'),('1hpzkd7o6ysdgh6vwkkiqkoh1v8wcpil','MGQwNjk2ZjcwZDViMjIxNDdhNjgzZDA3NjFlNDk1OTk1NTY2NmEyMDp7fQ==','2015-07-01 11:14:23.373579'),('1kj6368cv4yyy0uqoqmsk3zkohubpfyh','NDcxN2Y3ZDg2MDNiYWVhNTA3ODg3Nzg2ZmU4YTYyODViYTBmNzlkYTp7Il9hdXRoX3VzZXJfYmFja2VuZCI6ImRqYW5nb19hdXRoX2xkYXAuYmFja2VuZC5MREFQQmFja2VuZCIsInBhc3N3b3JkIjoic21vQDIwMTUiLCJyb2xlIjoiQURNSU4iLCJsb2dpbiI6ImlwcG9sZiIsIl9hdXRoX3VzZXJfaWQiOiI0IiwiX2F1dGhfdXNlcl9oYXNoIjoiYmI1ZTZhZGY2M2FhZDYyNDgwNGM0Y2Y3MWI5NWZjN2I2MmVmYmJjOCJ9','2015-10-12 15:57:53.591295'),('1mhvmpzibuxa9tte2incpj5heud98arc','MmI0OGY5ZjUwOTE3ZGE5NTAyYzVhN2EyNWNkOGRhMmRmZTEwNDNmNzp7Il9hdXRoX3VzZXJfaGFzaCI6IjJmOGQ4ZjU3MWNlYzM3NTRkODI4ZmZmNDUzOTg1YjFiNGUyZTcyZGYiLCJfYXV0aF91c2VyX2lkIjoiMiIsInBhc3N3b3JkIjoic21vQDIwMTUiLCJyb2xlIjoiQURNSU4iLCJfYXV0aF91c2VyX2JhY2tlbmQiOiJkamFuZ29fYXV0aF9sZGFwLmJhY2tlbmQuTERBUEJhY2tlbmQiLCJsb2dpbiI6ImNvbG9teCJ9','2015-11-17 15:18:34.823005'),('1p1ixo8k9hh29j1lmgh5lf94mnzf29bo','YzcyNGRmNTIxZWU5ZjFkNjE0ZTRhODUzZjMyNjVmYzhhY2Y2ZGQ3MDp7InJvbGUiOiJBRE1JTiIsInBhc3N3b3JkIjoic21vQDIwMTUiLCJsb2dpbiI6ImlwcG9sZiIsIl9hdXRoX3VzZXJfaWQiOiI0IiwiX2F1dGhfdXNlcl9oYXNoIjoiYmI1ZTZhZGY2M2FhZDYyNDgwNGM0Y2Y3MWI5NWZjN2I2MmVmYmJjOCIsIl9hdXRoX3VzZXJfYmFja2VuZCI6ImRqYW5nb19hdXRoX2xkYXAuYmFja2VuZC5MREFQQmFja2VuZCJ9','2015-10-05 10:07:36.237044'),('1rscm4sewngzf3dyrqlp5zesvhbnncez','YTJhZGY5YTVlNDBiODk2NzIxODQ3NTQ4NTIxMWQwY2ViNTNiOTA3MTp7Il9hdXRoX3VzZXJfYmFja2VuZCI6ImRqYW5nb19hdXRoX2xkYXAuYmFja2VuZC5MREFQQmFja2VuZCIsInBhc3N3b3JkIjoic21vQDIwMTUiLCJfYXV0aF91c2VyX2hhc2giOiJiYjVlNmFkZjYzYWFkNjI0ODA0YzRjZjcxYjk1ZmM3YjYyZWZiYmM4Iiwicm9sZSI6IkFETUlOIiwiX2F1dGhfdXNlcl9pZCI6IjQiLCJsb2dpbiI6ImlwcG9sZiJ9','2015-11-25 16:31:54.018965'),('1swppb08pqrlx14yuo0y03n6v586fg4o','NDE4YjUxNjI0ZWU5Y2QxYWQ4MDJiODM0MDEyZWVkYTM0ODU5ZDZjZTp7Il9hdXRoX3VzZXJfaWQiOiIyIiwiX2F1dGhfdXNlcl9iYWNrZW5kIjoiZGphbmdvX2F1dGhfbGRhcC5iYWNrZW5kLkxEQVBCYWNrZW5kIiwiX2F1dGhfdXNlcl9oYXNoIjoiMmY4ZDhmNTcxY2VjMzc1NGQ4MjhmZmY0NTM5ODViMWI0ZTJlNzJkZiIsImxvZ2luIjoiQ09MT01YIn0=','2015-07-21 16:09:45.542750'),('1v9ebbfzkcg152ooaky48lc7xfkuy0a9','MGQwNjk2ZjcwZDViMjIxNDdhNjgzZDA3NjFlNDk1OTk1NTY2NmEyMDp7fQ==','2015-07-01 12:13:00.796356'),('1vqjahh84obn8wmo1rhph8hdd8qab1rr','ZGU4YWZiY2E0NmI4OTZhZGEwYTBhNjBjMWQ2ZjMwNWNjZDcyOGJmNzp7Il9hdXRoX3VzZXJfaGFzaCI6ImJiNWU2YWRmNjNhYWQ2MjQ4MDRjNGNmNzFiOTVmYzdiNjJlZmJiYzgiLCJyb2xlIjoiQURNSU4iLCJfYXV0aF91c2VyX2lkIjoiNCIsImxvZ2luIjoiaXBwb2xmIiwicGFzc3dvcmQiOiJzbW9AMjAxNSIsIl9hdXRoX3VzZXJfYmFja2VuZCI6ImRqYW5nb19hdXRoX2xkYXAuYmFja2VuZC5MREFQQmFja2VuZCJ9','2015-11-18 15:44:20.624514'),('1wetw5w81n4pa1w6ksgwr1en7uhp3xti','NzE1NDQ5ZGNmMmFmYmY2MDAyM2I5ZWI5YjI2OTVkMmZlNzM3ZDY3MTp7InJvbGUiOiJBRE1JTiIsInBhc3N3b3JkIjoic21vQDIwMTUiLCJfYXV0aF91c2VyX2hhc2giOiIyZjhkOGY1NzFjZWMzNzU0ZDgyOGZmZjQ1Mzk4NWIxYjRlMmU3MmRmIiwiX2F1dGhfdXNlcl9iYWNrZW5kIjoiZGphbmdvX2F1dGhfbGRhcC5iYWNrZW5kLkxEQVBCYWNrZW5kIiwiX2F1dGhfdXNlcl9pZCI6IjIiLCJsb2dpbiI6ImNvbG9teCJ9','2015-09-15 13:17:54.218572'),('1zwzzprl9njuu4a3fg9jtuu8v5u2934d','MGQwNjk2ZjcwZDViMjIxNDdhNjgzZDA3NjFlNDk1OTk1NTY2NmEyMDp7fQ==','2015-12-17 17:04:07.892039'),('205nyupmuwjmw13e2xnbgf579kocble5','OTA5NWU5ODFkZTMxNmQ1ODgyMTQ2NTdkOGU3NTRhZjhhMzBlMjQ0OTp7ImxvZ2luIjoiQ09MT01YIiwiX2F1dGhfdXNlcl9pZCI6IjIiLCJfYXV0aF91c2VyX2JhY2tlbmQiOiJkamFuZ29fYXV0aF9sZGFwLmJhY2tlbmQuTERBUEJhY2tlbmQiLCJfYXV0aF91c2VyX2hhc2giOiIyZjhkOGY1NzFjZWMzNzU0ZDgyOGZmZjQ1Mzk4NWIxYjRlMmU3MmRmIn0=','2015-07-27 16:05:35.413769'),('20nvwb3ooa4epdgh4ba8l8i7d2vc78pi','YmU3ZmNmNzRiZDgwYzkzYjA1OGQxYWUzM2UxYzIwODFkYzM2YmExZDp7Il9hdXRoX3VzZXJfYmFja2VuZCI6ImRqYW5nb19hdXRoX2xkYXAuYmFja2VuZC5MREFQQmFja2VuZCIsInBhc3N3b3JkIjoic21vQDIwMTUiLCJsb2dpbiI6ImNvbG9teCIsIl9hdXRoX3VzZXJfaWQiOiIyIiwicm9sZSI6IkFETUlOIiwiX2F1dGhfdXNlcl9oYXNoIjoiMmY4ZDhmNTcxY2VjMzc1NGQ4MjhmZmY0NTM5ODViMWI0ZTJlNzJkZiJ9','2015-12-03 11:52:39.463538'),('220bg2zd5lm9q1rwlrsmrq0bzk1kcowf','MGQwNjk2ZjcwZDViMjIxNDdhNjgzZDA3NjFlNDk1OTk1NTY2NmEyMDp7fQ==','2015-07-01 11:02:20.529654'),('23gy625w8u07nvoe41fw2kfzjis6w5ox','MGQwNjk2ZjcwZDViMjIxNDdhNjgzZDA3NjFlNDk1OTk1NTY2NmEyMDp7fQ==','2015-08-25 16:53:52.332145'),('25m19dtia6nqyy19h2rwhj0t95zqe6dn','MGQwNjk2ZjcwZDViMjIxNDdhNjgzZDA3NjFlNDk1OTk1NTY2NmEyMDp7fQ==','2015-12-15 12:21:12.039151'),('28g9u24132h3qpql7jys0ni30deo701t','MzlkNGU1NWQ2NDA2ZDhlMDQ1MTE3ZmZiNDNkNzM1ZjFhNjFkNzQ3Mjp7Il9hdXRoX3VzZXJfYmFja2VuZCI6ImRqYW5nb19hdXRoX2xkYXAuYmFja2VuZC5MREFQQmFja2VuZCIsIl9hdXRoX3VzZXJfaGFzaCI6ImJiNWU2YWRmNjNhYWQ2MjQ4MDRjNGNmNzFiOTVmYzdiNjJlZmJiYzgiLCJyb2xlIjoiQURNSU4iLCJsb2dpbiI6ImlwcG9sZiIsIl9hdXRoX3VzZXJfaWQiOiI0IiwicGFzc3dvcmQiOiJzbW9AMjAxNSJ9','2015-09-25 08:22:31.854779'),('28w3a3m6rfk14p0ect2kum1jpvyast80','Y2VjNGQwMjYyOWU0OGQwODk0ZTVmNTQ5Y2M0MTg1ZTU1MzI3ZGExMDp7InBhc3N3b3JkIjoic21vQDIwMTUiLCJyb2xlIjoiQURNSU4iLCJfYXV0aF91c2VyX2lkIjoiNCIsIl9hdXRoX3VzZXJfYmFja2VuZCI6ImRqYW5nb19hdXRoX2xkYXAuYmFja2VuZC5MREFQQmFja2VuZCIsImxvZ2luIjoiaXBwb2xmIiwiX2F1dGhfdXNlcl9oYXNoIjoiYmI1ZTZhZGY2M2FhZDYyNDgwNGM0Y2Y3MWI5NWZjN2I2MmVmYmJjOCJ9','2015-10-28 11:18:48.758238'),('2euaawnnhp50jmzytd8hqj693cxf2z3u','ODg4MjM0MmJhNTkxMmFmNTljMDkyMjYxNTQ5NTMyNjMwZWIwMzc1Yzp7ImxvZ2luIjoiaXBwb2xmIiwiX2F1dGhfdXNlcl9pZCI6IjQiLCJwYXNzd29yZCI6InNtb0AyMDE1IiwiX2F1dGhfdXNlcl9oYXNoIjoiYmI1ZTZhZGY2M2FhZDYyNDgwNGM0Y2Y3MWI5NWZjN2I2MmVmYmJjOCIsIl9hdXRoX3VzZXJfYmFja2VuZCI6ImRqYW5nb19hdXRoX2xkYXAuYmFja2VuZC5MREFQQmFja2VuZCIsInJvbGUiOiJBRE1JTiJ9','2015-09-10 14:11:53.605262'),('2fiwrkymz6rwce1psqkayn03cg8poedl','YTI1OTc3Y2RiNzI1NTJjNWE1NzQ2ZTQyNmUzYTRlZTdmYWI5YjAxZDp7ImxvZ2luIjoiaXBwb2xmIiwiX2F1dGhfdXNlcl9iYWNrZW5kIjoiZGphbmdvX2F1dGhfbGRhcC5iYWNrZW5kLkxEQVBCYWNrZW5kIiwiX2F1dGhfdXNlcl9oYXNoIjoiYmI1ZTZhZGY2M2FhZDYyNDgwNGM0Y2Y3MWI5NWZjN2I2MmVmYmJjOCIsInBhc3N3b3JkIjoic21vQDIwMTUiLCJyb2xlIjoiQURNSU4iLCJfYXV0aF91c2VyX2lkIjoiNCJ9','2015-09-03 08:40:33.913318'),('2mrv68evthad1suqmjaenz6u3wws6xpx','MGQwNjk2ZjcwZDViMjIxNDdhNjgzZDA3NjFlNDk1OTk1NTY2NmEyMDp7fQ==','2015-07-28 14:40:35.704990'),('2nr7m9qptisztvxhdoiw7crv1gnxn0cw','MGQwNjk2ZjcwZDViMjIxNDdhNjgzZDA3NjFlNDk1OTk1NTY2NmEyMDp7fQ==','2015-06-30 14:12:45.903489'),('2u8hvm5vfwzqxq8jejff6i6bfhf8wo2p','MzZmMzAxZTBiZTY4ZjI2YTFiYmE1ZjFmMWMzZmQ5M2U5MjhhZDNmODp7InBhc3N3b3JkIjoic21vQDIwMTUiLCJyb2xlIjoiQURNSU4iLCJfYXV0aF91c2VyX2JhY2tlbmQiOiJkamFuZ29fYXV0aF9sZGFwLmJhY2tlbmQuTERBUEJhY2tlbmQiLCJsb2dpbiI6ImNvbG9teCIsIl9hdXRoX3VzZXJfaWQiOiIyIiwiX2F1dGhfdXNlcl9oYXNoIjoiMmY4ZDhmNTcxY2VjMzc1NGQ4MjhmZmY0NTM5ODViMWI0ZTJlNzJkZiJ9','2015-10-30 12:26:32.165241'),('2uml78ou31uwv28vjsbjng58xee5nkok','ZTQ2ZjhlZDI2YTZkNzc2ZjhkMTUwNGNlZDFkMjUyMjg3OTA2MDgxOTp7Il9hdXRoX3VzZXJfYmFja2VuZCI6ImRqYW5nb19hdXRoX2xkYXAuYmFja2VuZC5MREFQQmFja2VuZCIsIl9hdXRoX3VzZXJfaWQiOiI0Iiwicm9sZSI6IkFETUlOIiwiX2F1dGhfdXNlcl9oYXNoIjoiYmI1ZTZhZGY2M2FhZDYyNDgwNGM0Y2Y3MWI5NWZjN2I2MmVmYmJjOCIsInBhc3N3b3JkIjoic21vQDIwMTUiLCJsb2dpbiI6ImlwcG9sZiJ9','2015-10-02 11:21:26.455628'),('2vffvsuaymi5gu0hy5xtgt6ogrrz0syn','MGMyNzU2NjRjNWRhMjQxNDFjY2VmYzhiYjQyZGU3OTU2YTBlYzY1MTp7Il9hdXRoX3VzZXJfaWQiOiI0IiwibG9naW4iOiJpcHBvbGYiLCJfYXV0aF91c2VyX2hhc2giOiJiYjVlNmFkZjYzYWFkNjI0ODA0YzRjZjcxYjk1ZmM3YjYyZWZiYmM4Iiwicm9sZSI6IkFETUlOIiwicGFzc3dvcmQiOiJzbW9AMjAxNSIsIl9hdXRoX3VzZXJfYmFja2VuZCI6ImRqYW5nb19hdXRoX2xkYXAuYmFja2VuZC5MREFQQmFja2VuZCJ9','2015-11-16 12:17:52.671380'),('2xe1sx792i665kyynf5u9hl0fzdexara','ZTkyNWQ2ZjMxMTJjZDcyZGFiNzMyY2Q5Yzc0NWVlNmVjMmJiZGJhNTp7InJvbGUiOiJBRE1JTiIsImxvZ2luIjoiaXBwb2xmIiwiX2F1dGhfdXNlcl9pZCI6IjQiLCJfYXV0aF91c2VyX2JhY2tlbmQiOiJkamFuZ29fYXV0aF9sZGFwLmJhY2tlbmQuTERBUEJhY2tlbmQiLCJfYXV0aF91c2VyX2hhc2giOiJiYjVlNmFkZjYzYWFkNjI0ODA0YzRjZjcxYjk1ZmM3YjYyZWZiYmM4IiwicGFzc3dvcmQiOiJzbW9AMjAxNSJ9','2015-09-07 13:55:59.924135'),('2y9t08afpr68f8n7yokhff9lfxu3n5am','ODkwMWQ3OWU2NTc1YjRjNDk2ZTA2NWIyYmVjOGE2YzQ5NWUzYTEwYTp7Il9hdXRoX3VzZXJfaWQiOiIyIiwibG9naW4iOiJDT0xPTVgiLCJfYXV0aF91c2VyX2hhc2giOiIyZjhkOGY1NzFjZWMzNzU0ZDgyOGZmZjQ1Mzk4NWIxYjRlMmU3MmRmIiwiX2F1dGhfdXNlcl9iYWNrZW5kIjoiZGphbmdvX2F1dGhfbGRhcC5iYWNrZW5kLkxEQVBCYWNrZW5kIn0=','2015-07-16 13:06:09.157599'),('2zje2k6y7kgn4xz5k5remxkhly1mnjjz','NTgwYmQwZmIxOTgwMzczNTAwYTk3OGM2YjAzMmY2MTdmNGJkZWZhNTp7ImxvZ2luIjoiaXBwb2xmIiwiX2F1dGhfdXNlcl9oYXNoIjoiYmI1ZTZhZGY2M2FhZDYyNDgwNGM0Y2Y3MWI5NWZjN2I2MmVmYmJjOCIsInBhc3N3b3JkIjoic21vQDIwMTUiLCJyb2xlIjoiQURNSU4iLCJfYXV0aF91c2VyX2JhY2tlbmQiOiJkamFuZ29fYXV0aF9sZGFwLmJhY2tlbmQuTERBUEJhY2tlbmQiLCJfYXV0aF91c2VyX2lkIjoiNCJ9','2015-10-19 11:22:15.484895'),('311b53agwmimmqzneci2b135aj50k36u','ZTkyNWQ2ZjMxMTJjZDcyZGFiNzMyY2Q5Yzc0NWVlNmVjMmJiZGJhNTp7InJvbGUiOiJBRE1JTiIsImxvZ2luIjoiaXBwb2xmIiwiX2F1dGhfdXNlcl9pZCI6IjQiLCJfYXV0aF91c2VyX2JhY2tlbmQiOiJkamFuZ29fYXV0aF9sZGFwLmJhY2tlbmQuTERBUEJhY2tlbmQiLCJfYXV0aF91c2VyX2hhc2giOiJiYjVlNmFkZjYzYWFkNjI0ODA0YzRjZjcxYjk1ZmM3YjYyZWZiYmM4IiwicGFzc3dvcmQiOiJzbW9AMjAxNSJ9','2015-09-04 15:56:23.515384'),('31pw682spimhs8at9j41pgpez2xzbmri','MGQwNjk2ZjcwZDViMjIxNDdhNjgzZDA3NjFlNDk1OTk1NTY2NmEyMDp7fQ==','2015-07-01 09:28:51.287239'),('338410462iufwvhhcctzayk0uv6ybi81','MGQwNjk2ZjcwZDViMjIxNDdhNjgzZDA3NjFlNDk1OTk1NTY2NmEyMDp7fQ==','2015-11-26 10:47:04.474459'),('34naqybbivhbirhxfs89gzkah1vlpkfs','NGFjNzVmYTk5YTNkZDJiMmFjMGFlOTgyYjk3N2QxNDc5NGUxN2ExMDp7Il9hdXRoX3VzZXJfaWQiOiIyIiwiX2F1dGhfdXNlcl9iYWNrZW5kIjoiZGphbmdvX2F1dGhfbGRhcC5iYWNrZW5kLkxEQVBCYWNrZW5kIiwibG9naW4iOiJjb2xvbXgiLCJfYXV0aF91c2VyX2hhc2giOiIyZjhkOGY1NzFjZWMzNzU0ZDgyOGZmZjQ1Mzk4NWIxYjRlMmU3MmRmIiwicGFzc3dvcmQiOiJzbW9AMjAxNSIsInJvbGUiOiJBRE1JTiJ9','2015-11-11 12:14:56.672728'),('35fjzvkd0670vxwczbh70w1d5vpn0ddb','MGViOGUwZDE3YzZjMzU5NzMzMGEzYmJjNjA0ZjMwOTY1ODkwOGI3MTp7InJvbGUiOiJBRE1JTiIsInBhc3N3b3JkIjoic21vQDIwMTUiLCJsb2dpbiI6ImNvbG9teCIsIl9hdXRoX3VzZXJfYmFja2VuZCI6ImRqYW5nb19hdXRoX2xkYXAuYmFja2VuZC5MREFQQmFja2VuZCIsIl9hdXRoX3VzZXJfaWQiOiIyIiwiX2F1dGhfdXNlcl9oYXNoIjoiMmY4ZDhmNTcxY2VjMzc1NGQ4MjhmZmY0NTM5ODViMWI0ZTJlNzJkZiJ9','2015-11-25 10:49:01.864967'),('3776r77oqjqyjvt419632fje9a5rqs8u','MGQwNjk2ZjcwZDViMjIxNDdhNjgzZDA3NjFlNDk1OTk1NTY2NmEyMDp7fQ==','2015-10-19 08:41:58.346564'),('37zh5o3jf97c87lomqoyd18zrlglw32o','MGQwNjk2ZjcwZDViMjIxNDdhNjgzZDA3NjFlNDk1OTk1NTY2NmEyMDp7fQ==','2015-08-25 10:43:17.261524'),('3a91k0w3yjk9jxws3ntvl42k4pxd4sz9','NjY3MWUwMTVmZTcxOTdjOWQzNzQ0ZTNlMDM4NjEyOTc2NzM5NWRiYTp7Il9hdXRoX3VzZXJfYmFja2VuZCI6ImRqYW5nb19hdXRoX2xkYXAuYmFja2VuZC5MREFQQmFja2VuZCIsIl9hdXRoX3VzZXJfaWQiOiI0IiwibG9naW4iOiJpcHBvbGYiLCJyb2xlIjoiQURNSU4iLCJfYXV0aF91c2VyX2hhc2giOiJiYjVlNmFkZjYzYWFkNjI0ODA0YzRjZjcxYjk1ZmM3YjYyZWZiYmM4IiwicGFzc3dvcmQiOiJzbW9AMjAxNSJ9','2015-09-22 15:34:50.356096'),('3b1mkb3w1o5nlrau78ikezyd3tfqsyxq','ODk4MzA5MWM4Y2U2MmZjNDA5YjVkMDcwNWM5MmVjMmNkNjg2ZGRhMTp7Il9hdXRoX3VzZXJfYmFja2VuZCI6ImRqYW5nb19hdXRoX2xkYXAuYmFja2VuZC5MREFQQmFja2VuZCIsInBhc3N3b3JkIjoic21vQDIwMTUiLCJyb2xlIjoiQURNSU4iLCJsb2dpbiI6ImNvbG9teCIsIl9hdXRoX3VzZXJfaGFzaCI6IjJmOGQ4ZjU3MWNlYzM3NTRkODI4ZmZmNDUzOTg1YjFiNGUyZTcyZGYiLCJfYXV0aF91c2VyX2lkIjoiMiJ9','2015-11-30 17:50:50.460457'),('3ir6xl98arcnbp6dm6z6v452v1pmidqe','YmY2MzUyMjBhNzhiY2UzMmI5NDExMmYxYjRmNDYxZTFmMWUzNGUxNzp7Il9hdXRoX3VzZXJfYmFja2VuZCI6ImRqYW5nb19hdXRoX2xkYXAuYmFja2VuZC5MREFQQmFja2VuZCIsIl9hdXRoX3VzZXJfaGFzaCI6IjJmOGQ4ZjU3MWNlYzM3NTRkODI4ZmZmNDUzOTg1YjFiNGUyZTcyZGYiLCJsb2dpbiI6IkNPTE9NWCIsIl9hdXRoX3VzZXJfaWQiOiIyIn0=','2015-07-15 07:59:18.787397'),('3ix0n1udtv1ssn9uyjjedao6w8a65evr','MGQwNjk2ZjcwZDViMjIxNDdhNjgzZDA3NjFlNDk1OTk1NTY2NmEyMDp7fQ==','2015-07-01 16:18:20.554874'),('3mvpp4rf1abpsy78jghhaz3ipdew0925','NGFjNzVmYTk5YTNkZDJiMmFjMGFlOTgyYjk3N2QxNDc5NGUxN2ExMDp7Il9hdXRoX3VzZXJfaWQiOiIyIiwiX2F1dGhfdXNlcl9iYWNrZW5kIjoiZGphbmdvX2F1dGhfbGRhcC5iYWNrZW5kLkxEQVBCYWNrZW5kIiwibG9naW4iOiJjb2xvbXgiLCJfYXV0aF91c2VyX2hhc2giOiIyZjhkOGY1NzFjZWMzNzU0ZDgyOGZmZjQ1Mzk4NWIxYjRlMmU3MmRmIiwicGFzc3dvcmQiOiJzbW9AMjAxNSIsInJvbGUiOiJBRE1JTiJ9','2015-11-10 17:08:38.555369'),('3ontnn94ymghdshoh0nwsdsvq5irmrl5','NDJlZDM5OGNlZTExMzBkNDg3MzVmMTVkZjBlYjY4ZGVkNDQwNTI5Yzp7InJvbGUiOiJBRE1JTiIsImxvZ2luIjoiY29sb214IiwiX2F1dGhfdXNlcl9iYWNrZW5kIjoiZGphbmdvX2F1dGhfbGRhcC5iYWNrZW5kLkxEQVBCYWNrZW5kIiwiX2F1dGhfdXNlcl9oYXNoIjoiMmY4ZDhmNTcxY2VjMzc1NGQ4MjhmZmY0NTM5ODViMWI0ZTJlNzJkZiIsIl9hdXRoX3VzZXJfaWQiOiIyIiwicGFzc3dvcmQiOiJzbW9AMjAxNSJ9','2015-11-26 11:49:49.930122'),('3unl93hb9emxdujdcn6b402blcwzv2b8','MGQwNjk2ZjcwZDViMjIxNDdhNjgzZDA3NjFlNDk1OTk1NTY2NmEyMDp7fQ==','2015-12-10 08:45:12.423529'),('3uy00hwtp4fkrv6dvdygnclu2vtx1h4i','YzcxZDY2NDhiOWZhNzg1OTllN2M5YzM2YzBhZTEwZjA3NDBjNjE2MTp7InBhc3N3b3JkIjoic21vQDIwMTUiLCJyb2xlIjoiQURNSU4iLCJfYXV0aF91c2VyX2hhc2giOiJiYjVlNmFkZjYzYWFkNjI0ODA0YzRjZjcxYjk1ZmM3YjYyZWZiYmM4IiwibG9naW4iOiJpcHBvbGYiLCJfYXV0aF91c2VyX2lkIjoiNCIsIl9hdXRoX3VzZXJfYmFja2VuZCI6ImRqYW5nb19hdXRoX2xkYXAuYmFja2VuZC5MREFQQmFja2VuZCJ9','2015-10-29 14:38:01.231789'),('3yjzqwtycdjv4mtq50do2xan3nx8vnq1','OTgxYzVlZWFlNWQyMTlmNzQ5OTk0Y2QzNGZlODNiNzk1MDZkY2M0ODp7ImxvZ2luIjoiaXBwb2xmIiwiX2F1dGhfdXNlcl9pZCI6IjQiLCJfYXV0aF91c2VyX2JhY2tlbmQiOiJkamFuZ29fYXV0aF9sZGFwLmJhY2tlbmQuTERBUEJhY2tlbmQiLCJwYXNzd29yZCI6InNtb0AyMDE1IiwiX2F1dGhfdXNlcl9oYXNoIjoiYmI1ZTZhZGY2M2FhZDYyNDgwNGM0Y2Y3MWI5NWZjN2I2MmVmYmJjOCIsInJvbGUiOiJBRE1JTiJ9','2015-12-04 16:33:15.304825'),('3z8cqs8i397xngifxgj3kvkhuw32kxwu','ZTIxOTg3ODQzZWZiNWRlYTQzMzk2NzhkYzJjZGYzM2Q2YzdjNTc3Mzp7Il9hdXRoX3VzZXJfYmFja2VuZCI6ImRqYW5nb19hdXRoX2xkYXAuYmFja2VuZC5MREFQQmFja2VuZCIsIl9hdXRoX3VzZXJfaGFzaCI6ImJiNWU2YWRmNjNhYWQ2MjQ4MDRjNGNmNzFiOTVmYzdiNjJlZmJiYzgiLCJfYXV0aF91c2VyX2lkIjoiNCIsInBhc3N3b3JkIjoic21vQDIwMTUiLCJsb2dpbiI6ImlwcG9sZiIsInJvbGUiOiJBRE1JTiJ9','2015-11-24 17:10:36.172193'),('427cgfrq55rql5nxwmae07q91f8ma3tj','MGQwNjk2ZjcwZDViMjIxNDdhNjgzZDA3NjFlNDk1OTk1NTY2NmEyMDp7fQ==','2015-10-08 13:24:52.668799'),('438gtqkgcct5l7mt2a41pcbu7yvmajba','MGQwNjk2ZjcwZDViMjIxNDdhNjgzZDA3NjFlNDk1OTk1NTY2NmEyMDp7fQ==','2015-12-14 12:07:32.347192'),('44jnvhqjpevusaoo4m3yme9m3zvjdxia','MDAwMDMzYjhhZjI3ZTU5NDE1NDFjZjZlM2MwZjEyMTQ1MmJhMjc4MDp7Il9hdXRoX3VzZXJfYmFja2VuZCI6ImRqYW5nb19hdXRoX2xkYXAuYmFja2VuZC5MREFQQmFja2VuZCIsInBhc3N3b3JkIjoic21vQDIwMTUiLCJsb2dpbiI6InRvc2ltYSIsIl9hdXRoX3VzZXJfaGFzaCI6ImY0NGRjMjBlYWQ3Y2I5ZTY1ZWE2NDdmYWEyMmZkYTdiODIyZDg3Y2UiLCJfYXV0aF91c2VyX2lkIjoiNSIsInJvbGUiOiJBRE1JTiJ9','2015-09-15 09:20:48.080224'),('47d0al6jwqvgh3fhzbe38vrm2y3tjsfz','ODFlY2JjN2M0MTczNGVlOTY3NTExYzY4NGYxNjEyN2IyOTAyYjViNjp7InBhc3N3b3JkIjoic21vQDIwMTUiLCJfYXV0aF91c2VyX2JhY2tlbmQiOiJkamFuZ29fYXV0aF9sZGFwLmJhY2tlbmQuTERBUEJhY2tlbmQiLCJsb2dpbiI6ImlwcG9sZiIsIl9hdXRoX3VzZXJfaGFzaCI6ImJiNWU2YWRmNjNhYWQ2MjQ4MDRjNGNmNzFiOTVmYzdiNjJlZmJiYzgiLCJfYXV0aF91c2VyX2lkIjoiNCIsInJvbGUiOiJBRE1JTiJ9','2015-09-03 14:09:17.064183'),('4fg6dvp59q0mfhnrs7481je9x9osrjoe','MTI2NTc2ZjhkYTk2NWRjZGM3NjRhMDIwNWIwYTcwNGQ3MmVkNWJjZDp7Il9hdXRoX3VzZXJfaGFzaCI6ImJiNWU2YWRmNjNhYWQ2MjQ4MDRjNGNmNzFiOTVmYzdiNjJlZmJiYzgiLCJfYXV0aF91c2VyX2lkIjoiNCIsImxvZ2luIjoiaXBwb2xmIiwicm9sZSI6IkFETUlOIiwiX2F1dGhfdXNlcl9iYWNrZW5kIjoiZGphbmdvX2F1dGhfbGRhcC5iYWNrZW5kLkxEQVBCYWNrZW5kIiwicGFzc3dvcmQiOiJzbW9AMjAxNSJ9','2015-09-22 14:12:42.798286'),('4flnw8w4ky8nxsmpowxngdwtvpx9y9bl','OWJjMDcwMWVjODY4OWE1YjY4M2E2MjA1OGFjNGUwYjRlODFmMWVmMTp7Il9hdXRoX3VzZXJfaWQiOiIyIiwiX2F1dGhfdXNlcl9oYXNoIjoiMmY4ZDhmNTcxY2VjMzc1NGQ4MjhmZmY0NTM5ODViMWI0ZTJlNzJkZiIsIl9hdXRoX3VzZXJfYmFja2VuZCI6ImRqYW5nb19hdXRoX2xkYXAuYmFja2VuZC5MREFQQmFja2VuZCIsImxvZ2luIjoiQ09MT01YIn0=','2015-07-24 11:25:40.223248'),('4lf8i41cyr9825d1e67imq9984v34er3','MGQwNjk2ZjcwZDViMjIxNDdhNjgzZDA3NjFlNDk1OTk1NTY2NmEyMDp7fQ==','2015-09-01 12:51:55.980933'),('4pflw8q2bv318kg0v8f8y83i7big49zf','Njk0YzI5Nzg0MTBkOGRlMWE3ZDNlZTljNjMyMmM4Yzg4MjU2OWUwYjp7Il9hdXRoX3VzZXJfaWQiOiI0IiwiX2F1dGhfdXNlcl9oYXNoIjoiYmI1ZTZhZGY2M2FhZDYyNDgwNGM0Y2Y3MWI5NWZjN2I2MmVmYmJjOCIsIl9hdXRoX3VzZXJfYmFja2VuZCI6ImRqYW5nb19hdXRoX2xkYXAuYmFja2VuZC5MREFQQmFja2VuZCIsImxvZ2luIjoiaXBwb2xmIiwicm9sZSI6IkFETUlOIiwicGFzc3dvcmQiOiJzbW9AMjAxNSJ9','2015-11-06 14:39:11.060312'),('4rbx2f93if3rxz4y4872160rh65p38rz','MGQwNjk2ZjcwZDViMjIxNDdhNjgzZDA3NjFlNDk1OTk1NTY2NmEyMDp7fQ==','2015-06-30 13:40:50.198671'),('4vspdt66rqrnoq1t7xw1ftb60h9ocu2h','MzIyZTcxOGU2YWNkNzQ4ODZkOGE2N2RlNmNjM2JiNzY5MTFmYzIyZjp7Il9hdXRoX3VzZXJfaWQiOiI0IiwibG9naW4iOiJpcHBvbGYiLCJyb2xlIjoiQURNSU4iLCJfYXV0aF91c2VyX2JhY2tlbmQiOiJkamFuZ29fYXV0aF9sZGFwLmJhY2tlbmQuTERBUEJhY2tlbmQiLCJwYXNzd29yZCI6InNtb0AyMDE1IiwiX2F1dGhfdXNlcl9oYXNoIjoiYmI1ZTZhZGY2M2FhZDYyNDgwNGM0Y2Y3MWI5NWZjN2I2MmVmYmJjOCJ9','2015-11-20 17:23:15.766501'),('4zy2b1axth8qzi6yznd51ppwkwt0kn5y','MGQwNjk2ZjcwZDViMjIxNDdhNjgzZDA3NjFlNDk1OTk1NTY2NmEyMDp7fQ==','2015-12-02 08:32:14.977815'),('517z73exzhyqxu4qmhvnbs04elh6xdzp','MGZjNzVlNzhkNzc0OTYzMjI3YzEwY2VkYjdkYTM4M2NjODI1ODhiMDp7Il9hdXRoX3VzZXJfaGFzaCI6IjJmOGQ4ZjU3MWNlYzM3NTRkODI4ZmZmNDUzOTg1YjFiNGUyZTcyZGYiLCJwYXNzd29yZCI6InNtb0AyMDE1IiwiX2F1dGhfdXNlcl9iYWNrZW5kIjoiZGphbmdvX2F1dGhfbGRhcC5iYWNrZW5kLkxEQVBCYWNrZW5kIiwiX2F1dGhfdXNlcl9pZCI6IjIiLCJsb2dpbiI6ImNvbG9teCIsInJvbGUiOiJBRE1JTiJ9','2015-09-01 12:52:26.993383'),('51r3a66em1m62fh5xi2x8at9r636vwak','MGMzMzI4OWQ5OWQ1MDQ1Y2FiOTM1NGE0NGJmMzdhZDNlMDI1YjYyMTp7Il9hdXRoX3VzZXJfaGFzaCI6ImJiNWU2YWRmNjNhYWQ2MjQ4MDRjNGNmNzFiOTVmYzdiNjJlZmJiYzgiLCJwYXNzd29yZCI6InNtb0AyMDE1IiwiX2F1dGhfdXNlcl9iYWNrZW5kIjoiZGphbmdvX2F1dGhfbGRhcC5iYWNrZW5kLkxEQVBCYWNrZW5kIiwiX2F1dGhfdXNlcl9pZCI6IjQiLCJsb2dpbiI6ImlwcG9sZiIsInJvbGUiOiJBRE1JTiJ9','2015-09-01 16:01:17.563905'),('525imuuvhzxqckrcrxctl9dqd3alhddk','OGJjNDg0NzhlMWMwMWVmMGNjNzljYjY5MDE3ZDgyMWI2N2FhNGVjZDp7ImxvZ2luIjoiaXBwb2xmIiwiX2F1dGhfdXNlcl9oYXNoIjoiYmI1ZTZhZGY2M2FhZDYyNDgwNGM0Y2Y3MWI5NWZjN2I2MmVmYmJjOCIsIl9hdXRoX3VzZXJfYmFja2VuZCI6ImRqYW5nb19hdXRoX2xkYXAuYmFja2VuZC5MREFQQmFja2VuZCIsInBhc3N3b3JkIjoic21vQDIwMTUiLCJyb2xlIjoiQURNSU4iLCJfYXV0aF91c2VyX2lkIjoiNCJ9','2015-10-01 09:22:48.745383'),('55i44jsph9o9fyybqg8nmy6wzifkbip1','YmY2MzUyMjBhNzhiY2UzMmI5NDExMmYxYjRmNDYxZTFmMWUzNGUxNzp7Il9hdXRoX3VzZXJfYmFja2VuZCI6ImRqYW5nb19hdXRoX2xkYXAuYmFja2VuZC5MREFQQmFja2VuZCIsIl9hdXRoX3VzZXJfaGFzaCI6IjJmOGQ4ZjU3MWNlYzM3NTRkODI4ZmZmNDUzOTg1YjFiNGUyZTcyZGYiLCJsb2dpbiI6IkNPTE9NWCIsIl9hdXRoX3VzZXJfaWQiOiIyIn0=','2015-07-23 16:29:05.064310'),('588dr7oqag5ypjzac97w22yvidu4imx7','NTI0ZTE4MzVjYjc4OTU0ZDQ1YzAwMjgzMjFlYjExODc0ZTA1MGZiZTp7Il9hdXRoX3VzZXJfaGFzaCI6ImJiNWU2YWRmNjNhYWQ2MjQ4MDRjNGNmNzFiOTVmYzdiNjJlZmJiYzgiLCJwYXNzd29yZCI6InNtb0AyMDE1IiwiX2F1dGhfdXNlcl9iYWNrZW5kIjoiZGphbmdvX2F1dGhfbGRhcC5iYWNrZW5kLkxEQVBCYWNrZW5kIiwicm9sZSI6IkFETUlOIiwiX2F1dGhfdXNlcl9pZCI6IjQiLCJsb2dpbiI6ImlwcG9sZiJ9','2015-11-02 10:09:42.920016'),('58d5kdq9h5zuhwjk3lm6gfj0smfvihz9','MGQwNjk2ZjcwZDViMjIxNDdhNjgzZDA3NjFlNDk1OTk1NTY2NmEyMDp7fQ==','2015-07-01 10:59:06.248196'),('5acsi5xn973m96hmhx54monyto1iznus','MGQwNjk2ZjcwZDViMjIxNDdhNjgzZDA3NjFlNDk1OTk1NTY2NmEyMDp7fQ==','2015-07-01 14:03:56.506810'),('5dzq86dyexi90fduuu899s26d4339px8','ZTk1Y2MxMzY1ZjI3MzVlNDZjODUxODIyY2Q3MGY4MGEzYjAyMWQ4Yjp7Il9hdXRoX3VzZXJfYmFja2VuZCI6ImRqYW5nb19hdXRoX2xkYXAuYmFja2VuZC5MREFQQmFja2VuZCIsIl9hdXRoX3VzZXJfaGFzaCI6ImJiNWU2YWRmNjNhYWQ2MjQ4MDRjNGNmNzFiOTVmYzdiNjJlZmJiYzgiLCJwYXNzd29yZCI6InNtb0AyMDE1IiwibG9naW4iOiJpcHBvbGYiLCJfYXV0aF91c2VyX2lkIjoiNCIsInJvbGUiOiJBRE1JTiJ9','2015-10-15 07:41:04.110158'),('5ef48zservj61povfht2ebfowo1ha5n5','MGQwNjk2ZjcwZDViMjIxNDdhNjgzZDA3NjFlNDk1OTk1NTY2NmEyMDp7fQ==','2015-08-31 14:00:53.526408'),('5fl8ov7dgc21yqiuio7dwl2pm75spu8e','ODJkYzk1NTVmODJiNjljMmYxMmM1NTY4NTk4MTI2NWRhYTJlYmE0Mzp7InJvbGUiOiJBRE1JTiIsIl9hdXRoX3VzZXJfYmFja2VuZCI6ImRqYW5nb19hdXRoX2xkYXAuYmFja2VuZC5MREFQQmFja2VuZCIsInBhc3N3b3JkIjoic21vQDIwMTUiLCJfYXV0aF91c2VyX2hhc2giOiIyZjhkOGY1NzFjZWMzNzU0ZDgyOGZmZjQ1Mzk4NWIxYjRlMmU3MmRmIiwibG9naW4iOiJjb2xvbXgiLCJfYXV0aF91c2VyX2lkIjoiMiJ9','2015-11-13 12:20:46.390879'),('5ga4o2w5aoxwxwygy3xna8f2xjj4we2j','MDYxMzY0NWRlZDhlOGNjZjdmOWM2MzZkOTUyMzU5MjlmNmM5M2EwYjp7Il9hdXRoX3VzZXJfaGFzaCI6ImJiNWU2YWRmNjNhYWQ2MjQ4MDRjNGNmNzFiOTVmYzdiNjJlZmJiYzgiLCJsb2dpbiI6ImlwcG9sZiIsInBhc3N3b3JkIjoic21vQDIwMTUiLCJyb2xlIjoiQURNSU4iLCJfYXV0aF91c2VyX2JhY2tlbmQiOiJkamFuZ29fYXV0aF9sZGFwLmJhY2tlbmQuTERBUEJhY2tlbmQiLCJfYXV0aF91c2VyX2lkIjoiNCJ9','2015-09-04 11:07:55.760072'),('5john6qi73j9ik4zq0tnbofshn905mom','ZjAyYTg5MmViMjJjZjQwNjM3MDJhMmMyOTg4M2M4ZjEyODAxYjEwZTp7Il9hdXRoX3VzZXJfYmFja2VuZCI6ImRqYW5nb19hdXRoX2xkYXAuYmFja2VuZC5MREFQQmFja2VuZCIsInJvbGUiOiJBRE1JTiIsIl9hdXRoX3VzZXJfaWQiOiIyIiwibG9naW4iOiJjb2xvbXgiLCJfYXV0aF91c2VyX2hhc2giOiIyZjhkOGY1NzFjZWMzNzU0ZDgyOGZmZjQ1Mzk4NWIxYjRlMmU3MmRmIiwicGFzc3dvcmQiOiJzbW9AMjAxNSJ9','2015-08-28 07:57:03.798041'),('5nubqg7tngz93a25zdtnftkstsoa2w8f','NmExNDk3ZmE3YzNiYTE2ZTdiZTNhOWE2NDg2NTZkNWYxYjA5ZGFhZjp7InJvbGUiOiJBRE1JTiIsInBhc3N3b3JkIjoic21vQDIwMTUiLCJfYXV0aF91c2VyX2lkIjoiMiIsIl9hdXRoX3VzZXJfaGFzaCI6IjJmOGQ4ZjU3MWNlYzM3NTRkODI4ZmZmNDUzOTg1YjFiNGUyZTcyZGYiLCJfYXV0aF91c2VyX2JhY2tlbmQiOiJkamFuZ29fYXV0aF9sZGFwLmJhY2tlbmQuTERBUEJhY2tlbmQiLCJsb2dpbiI6ImNvbG9teCJ9','2015-11-30 15:32:41.568555'),('5o07x7gewrhjpngr3p7m4e048bgr16h8','MGQwNjk2ZjcwZDViMjIxNDdhNjgzZDA3NjFlNDk1OTk1NTY2NmEyMDp7fQ==','2015-07-15 09:50:47.617705'),('5o27du3i2hqilfc2z5kpcgnttf7wk7kb','MGQwNjk2ZjcwZDViMjIxNDdhNjgzZDA3NjFlNDk1OTk1NTY2NmEyMDp7fQ==','2015-08-25 08:34:29.627201'),('5r1cqgy5fzxa28lze1018v90gyafkzq1','MGQwNjk2ZjcwZDViMjIxNDdhNjgzZDA3NjFlNDk1OTk1NTY2NmEyMDp7fQ==','2015-07-01 14:45:15.670359'),('5uhp1f77j7xssqi5mj16nhagviputcn9','MGQwNjk2ZjcwZDViMjIxNDdhNjgzZDA3NjFlNDk1OTk1NTY2NmEyMDp7fQ==','2015-06-29 13:52:28.553093'),('5v5lginqmgg0mtyj2bgi3cpaami2xgc6','ZWQxN2NhMmMyYjY2NDgzNDJhMTU0MzAxNjg1ZjBkOWVkYzg1OWMyNzp7ImxvZ2luIjoiaXBwb2xmIiwicGFzc3dvcmQiOiJzbW9AMjAxNSIsIl9hdXRoX3VzZXJfYmFja2VuZCI6ImRqYW5nb19hdXRoX2xkYXAuYmFja2VuZC5MREFQQmFja2VuZCIsInJvbGUiOiJBRE1JTiIsIl9hdXRoX3VzZXJfaGFzaCI6ImJiNWU2YWRmNjNhYWQ2MjQ4MDRjNGNmNzFiOTVmYzdiNjJlZmJiYzgiLCJfYXV0aF91c2VyX2lkIjoiNCJ9','2015-10-15 10:44:24.118744'),('5z81ahbyhncqo9ifdzajh13kv0qry332','MjUwOGFlNzBlNjk4NjUyOWQ4ZGNmOWJlNjUwODhhMTkwZmZmN2UxNTp7InBhc3N3b3JkIjoic21vQDIwMTUiLCJfYXV0aF91c2VyX2lkIjoiNCIsImxvZ2luIjoiaXBwb2xmIiwicm9sZSI6IkFETUlOIiwiX2F1dGhfdXNlcl9iYWNrZW5kIjoiZGphbmdvX2F1dGhfbGRhcC5iYWNrZW5kLkxEQVBCYWNrZW5kIiwiX2F1dGhfdXNlcl9oYXNoIjoiYmI1ZTZhZGY2M2FhZDYyNDgwNGM0Y2Y3MWI5NWZjN2I2MmVmYmJjOCJ9','2015-11-09 16:42:52.988268'),('60zc8dchuqg348fao9mt5gq31yjroenw','YjlmNzIxYmViZjdmZjUzOWZkZjMxODI5NmUwZWM5NjJmZjVkYmU4Mzp7InBhc3N3b3JkIjoic21vQDIwMTUiLCJfYXV0aF91c2VyX2JhY2tlbmQiOiJkamFuZ29fYXV0aF9sZGFwLmJhY2tlbmQuTERBUEJhY2tlbmQiLCJfYXV0aF91c2VyX2hhc2giOiIyZjhkOGY1NzFjZWMzNzU0ZDgyOGZmZjQ1Mzk4NWIxYjRlMmU3MmRmIiwicm9sZSI6IkFETUlOIiwiX2F1dGhfdXNlcl9pZCI6IjIiLCJsb2dpbiI6ImNvbG9teCJ9','2015-12-02 12:14:43.376455'),('616ju8vwxawc7otzylvrzpv4fnmo2ew9','NGY2ZjNjZGE0ZTU2NmJiOWNkOGViYmNmOGJmN2E5YzI4MDc0NmQ4Yjp7ImxvZ2luIjoiaXBwb2xmIiwicGFzc3dvcmQiOiJzbW9AMjAxNSIsIl9hdXRoX3VzZXJfYmFja2VuZCI6ImRqYW5nb19hdXRoX2xkYXAuYmFja2VuZC5MREFQQmFja2VuZCIsIl9hdXRoX3VzZXJfaGFzaCI6ImJiNWU2YWRmNjNhYWQ2MjQ4MDRjNGNmNzFiOTVmYzdiNjJlZmJiYzgiLCJyb2xlIjoiQURNSU4iLCJfYXV0aF91c2VyX2lkIjoiNCJ9','2015-12-10 12:24:18.782650'),('62v573d1wntqt3vbamuel40k4z363uak','Y2I1MzhjMTg3MTUyNWE0YWY2MmIwYzNiODA5OTFiZGNjNWUwMmM0Mzp7InBhc3N3b3JkIjoic21vQDIwMTUiLCJfYXV0aF91c2VyX2lkIjoiNCIsInJvbGUiOiJBRE1JTiIsIl9hdXRoX3VzZXJfaGFzaCI6ImJiNWU2YWRmNjNhYWQ2MjQ4MDRjNGNmNzFiOTVmYzdiNjJlZmJiYzgiLCJfYXV0aF91c2VyX2JhY2tlbmQiOiJkamFuZ29fYXV0aF9sZGFwLmJhY2tlbmQuTERBUEJhY2tlbmQiLCJsb2dpbiI6ImlwcG9sZiJ9','2015-11-19 12:16:45.604308'),('64s4bsnayn4bys33expubhvibpveq647','MjQ3M2UyMDk5ZTVlMWE2MjU1MTU3NDdkNGMxNTA5YTk0MzU0NzJjZDp7Il9hdXRoX3VzZXJfaGFzaCI6ImJiNWU2YWRmNjNhYWQ2MjQ4MDRjNGNmNzFiOTVmYzdiNjJlZmJiYzgiLCJyb2xlIjoiQURNSU4iLCJsb2dpbiI6ImlwcG9sZiIsInBhc3N3b3JkIjoic21vQDIwMTUiLCJfYXV0aF91c2VyX2JhY2tlbmQiOiJkamFuZ29fYXV0aF9sZGFwLmJhY2tlbmQuTERBUEJhY2tlbmQiLCJfYXV0aF91c2VyX2lkIjoiNCJ9','2015-12-01 16:51:43.145884'),('6dcxzoa486zmnhw1339stwdgs1ydrvgu','MDdjMzFkZWNmOGIyZWY5NThiZGY4ZDFiOGMyNTlkYWM2YTFjYTNjMzp7Il9hdXRoX3VzZXJfaGFzaCI6ImJiNWU2YWRmNjNhYWQ2MjQ4MDRjNGNmNzFiOTVmYzdiNjJlZmJiYzgiLCJfYXV0aF91c2VyX2JhY2tlbmQiOiJkamFuZ29fYXV0aF9sZGFwLmJhY2tlbmQuTERBUEJhY2tlbmQiLCJfYXV0aF91c2VyX2lkIjoiNCIsImxvZ2luIjoiSVBQT0xGIn0=','2015-07-28 16:05:54.682823'),('6kpdurddqkjkk680z52gkuf5g15a0snr','MGQwNjk2ZjcwZDViMjIxNDdhNjgzZDA3NjFlNDk1OTk1NTY2NmEyMDp7fQ==','2015-07-02 07:34:23.713069'),('6krz4zl59h1llt8twod2s4koo1o31v87','MjcyMmFkYTA5ZjNmMjhhYTk5OGEyZTI5N2MyNzJjZGQ3NTA5ZmFkNTp7Il9hdXRoX3VzZXJfYmFja2VuZCI6ImRqYW5nb19hdXRoX2xkYXAuYmFja2VuZC5MREFQQmFja2VuZCIsInJvbGUiOiJBRE1JTiIsIl9hdXRoX3VzZXJfaWQiOiI0IiwibG9naW4iOiJpcHBvbGYiLCJwYXNzd29yZCI6InNtb0AyMDE1IiwiX2F1dGhfdXNlcl9oYXNoIjoiYmI1ZTZhZGY2M2FhZDYyNDgwNGM0Y2Y3MWI5NWZjN2I2MmVmYmJjOCJ9','2015-10-06 11:08:33.350181'),('6m39tjva8w9e2l4oycwyuici68nibju1','MGQwNjk2ZjcwZDViMjIxNDdhNjgzZDA3NjFlNDk1OTk1NTY2NmEyMDp7fQ==','2015-07-15 09:49:49.189209'),('6or6ulvc91nrgqh15yv88zxvydcgb1n6','NDA1MGQ5MmU1YzFmYzM4MWQxMjAwYzQyOTI5MzBmMDVmMDM2NTAwNjp7Il9hdXRoX3VzZXJfaGFzaCI6IjJmOGQ4ZjU3MWNlYzM3NTRkODI4ZmZmNDUzOTg1YjFiNGUyZTcyZGYiLCJfYXV0aF91c2VyX2JhY2tlbmQiOiJkamFuZ29fYXV0aF9sZGFwLmJhY2tlbmQuTERBUEJhY2tlbmQiLCJyb2xlIjoiQURNSU4iLCJsb2dpbiI6ImNvbG9teCIsIl9hdXRoX3VzZXJfaWQiOiIyIiwicGFzc3dvcmQiOiJzbW9AMjAxNSJ9','2015-11-12 17:03:36.760608'),('6vfxvdykszdrjlahe6envywzbotxtr6v','ZDMzZmI4YTQwNDM5MWE5NWNmMGE3MTRmZThhNjM1ZjMxYjRkYmFhMzp7Il9hdXRoX3VzZXJfaGFzaCI6Ijk3YmQ2Y2EyYzUzNDcwNDU2NWU1YmFhZWRlZTZiYjZiMDMxZDdlMTkiLCJfYXV0aF91c2VyX2JhY2tlbmQiOiJkamFuZ29fYXV0aF9sZGFwLmJhY2tlbmQuTERBUEJhY2tlbmQiLCJsb2dpbiI6IklQUE9MRiIsIl9hdXRoX3VzZXJfaWQiOiIzIn0=','2015-06-26 10:49:35.144687'),('6vxwsllr2vneci82bs86l0lvygr7ozpi','MGQwNjk2ZjcwZDViMjIxNDdhNjgzZDA3NjFlNDk1OTk1NTY2NmEyMDp7fQ==','2015-07-01 09:28:51.269357'),('6w6um923naf639fj1ixk97m0f3uq7lm8','MGQwNjk2ZjcwZDViMjIxNDdhNjgzZDA3NjFlNDk1OTk1NTY2NmEyMDp7fQ==','2015-08-26 14:30:47.668256'),('6wr9hg05j4zbkj49dt1l56pbrscivobc','MGQwNjk2ZjcwZDViMjIxNDdhNjgzZDA3NjFlNDk1OTk1NTY2NmEyMDp7fQ==','2015-10-28 09:05:27.688099'),('6xx1kurphcqk9x5rdu2bykhryw04rav6','MGQwNjk2ZjcwZDViMjIxNDdhNjgzZDA3NjFlNDk1OTk1NTY2NmEyMDp7fQ==','2015-10-08 09:18:03.304928'),('6zodm2736rp082lh8ip4pbylhhkn9lkk','MzljNzQ3MmIwMThmZmQ4ODQzNTUyMmQ5ODBmYmM2MjBmNDM0NWM1Yjp7Il9hdXRoX3VzZXJfaWQiOiI0IiwiX2F1dGhfdXNlcl9iYWNrZW5kIjoiZGphbmdvX2F1dGhfbGRhcC5iYWNrZW5kLkxEQVBCYWNrZW5kIiwicGFzc3dvcmQiOiJzbW9AMjAxNSIsIl9hdXRoX3VzZXJfaGFzaCI6ImJiNWU2YWRmNjNhYWQ2MjQ4MDRjNGNmNzFiOTVmYzdiNjJlZmJiYzgiLCJsb2dpbiI6ImlwcG9sZiIsInJvbGUiOiJBRE1JTiJ9','2015-10-02 14:24:03.652079'),('72ajihixsuret7xmvcsvmvj5qnkwokmo','YmY2MzUyMjBhNzhiY2UzMmI5NDExMmYxYjRmNDYxZTFmMWUzNGUxNzp7Il9hdXRoX3VzZXJfYmFja2VuZCI6ImRqYW5nb19hdXRoX2xkYXAuYmFja2VuZC5MREFQQmFja2VuZCIsIl9hdXRoX3VzZXJfaGFzaCI6IjJmOGQ4ZjU3MWNlYzM3NTRkODI4ZmZmNDUzOTg1YjFiNGUyZTcyZGYiLCJsb2dpbiI6IkNPTE9NWCIsIl9hdXRoX3VzZXJfaWQiOiIyIn0=','2015-07-27 09:37:48.808525'),('73x7by3d9806xjg96hf1ijs0phb4bmrh','MGQwNjk2ZjcwZDViMjIxNDdhNjgzZDA3NjFlNDk1OTk1NTY2NmEyMDp7fQ==','2015-07-01 10:59:06.219042'),('7529iskn5eflk9cq6slapujdac95fh4l','Y2I1MzhjMTg3MTUyNWE0YWY2MmIwYzNiODA5OTFiZGNjNWUwMmM0Mzp7InBhc3N3b3JkIjoic21vQDIwMTUiLCJfYXV0aF91c2VyX2lkIjoiNCIsInJvbGUiOiJBRE1JTiIsIl9hdXRoX3VzZXJfaGFzaCI6ImJiNWU2YWRmNjNhYWQ2MjQ4MDRjNGNmNzFiOTVmYzdiNjJlZmJiYzgiLCJfYXV0aF91c2VyX2JhY2tlbmQiOiJkamFuZ29fYXV0aF9sZGFwLmJhY2tlbmQuTERBUEJhY2tlbmQiLCJsb2dpbiI6ImlwcG9sZiJ9','2015-11-19 18:09:07.653309'),('77ibt492i8q94unnq8a3qbovzorjh5i4','YzZkODg2ZTgwN2I2ZGYyMmRkZjc4NDU5NTU0NTMzYzFhNmQxN2I1Zjp7Il9hdXRoX3VzZXJfaWQiOiI0IiwibG9naW4iOiJJUFBPTEYiLCJfYXV0aF91c2VyX2JhY2tlbmQiOiJkamFuZ29fYXV0aF9sZGFwLmJhY2tlbmQuTERBUEJhY2tlbmQiLCJfYXV0aF91c2VyX2hhc2giOiJiYjVlNmFkZjYzYWFkNjI0ODA0YzRjZjcxYjk1ZmM3YjYyZWZiYmM4In0=','2015-06-26 11:03:28.282356'),('77lgur5wybnifmc64j5fterdrplm5fkg','MDdlY2EzNGFkZWU1MzY2NjJlMTE5NzRlYTVkNWI3MzI2YzcxNWRmMjp7ImxvZ2luIjoiaXBwb2xmIiwiX2F1dGhfdXNlcl9pZCI6IjQiLCJfYXV0aF91c2VyX2hhc2giOiJiYjVlNmFkZjYzYWFkNjI0ODA0YzRjZjcxYjk1ZmM3YjYyZWZiYmM4IiwiX2F1dGhfdXNlcl9iYWNrZW5kIjoiZGphbmdvX2F1dGhfbGRhcC5iYWNrZW5kLkxEQVBCYWNrZW5kIiwicm9sZSI6IkFETUlOIiwicGFzc3dvcmQiOiJzbW9AMjAxNSJ9','2015-12-10 12:15:52.529472'),('78mj0bt9ct60gd4ksri4bqs77mzm5ud5','YzcxZDY2NDhiOWZhNzg1OTllN2M5YzM2YzBhZTEwZjA3NDBjNjE2MTp7InBhc3N3b3JkIjoic21vQDIwMTUiLCJyb2xlIjoiQURNSU4iLCJfYXV0aF91c2VyX2hhc2giOiJiYjVlNmFkZjYzYWFkNjI0ODA0YzRjZjcxYjk1ZmM3YjYyZWZiYmM4IiwibG9naW4iOiJpcHBvbGYiLCJfYXV0aF91c2VyX2lkIjoiNCIsIl9hdXRoX3VzZXJfYmFja2VuZCI6ImRqYW5nb19hdXRoX2xkYXAuYmFja2VuZC5MREFQQmFja2VuZCJ9','2015-09-15 14:28:20.965683'),('79nyghucf8d3bn9bi41vgevmqonteg08','ODM5Y2E2Y2MxNDYxNDg5ZDEwNThhZTQxNmY5MzU2ODdhNDhiNzFlNzp7InBhc3N3b3JkIjoic21vQDIwMTUiLCJfYXV0aF91c2VyX2hhc2giOiJiYjVlNmFkZjYzYWFkNjI0ODA0YzRjZjcxYjk1ZmM3YjYyZWZiYmM4IiwiX2F1dGhfdXNlcl9pZCI6IjQiLCJsb2dpbiI6ImlwcG9sZiIsIl9hdXRoX3VzZXJfYmFja2VuZCI6ImRqYW5nb19hdXRoX2xkYXAuYmFja2VuZC5MREFQQmFja2VuZCIsInJvbGUiOiJBRE1JTiJ9','2015-08-31 10:58:12.907803'),('7alrwn6q5tljdpi9262xy516q3iv3p4l','MGQwNjk2ZjcwZDViMjIxNDdhNjgzZDA3NjFlNDk1OTk1NTY2NmEyMDp7fQ==','2015-10-16 08:02:36.097018'),('7bii4xqb7qrxhjkdyoiib3d38gp929rd','ZTk1Y2MxMzY1ZjI3MzVlNDZjODUxODIyY2Q3MGY4MGEzYjAyMWQ4Yjp7Il9hdXRoX3VzZXJfYmFja2VuZCI6ImRqYW5nb19hdXRoX2xkYXAuYmFja2VuZC5MREFQQmFja2VuZCIsIl9hdXRoX3VzZXJfaGFzaCI6ImJiNWU2YWRmNjNhYWQ2MjQ4MDRjNGNmNzFiOTVmYzdiNjJlZmJiYzgiLCJwYXNzd29yZCI6InNtb0AyMDE1IiwibG9naW4iOiJpcHBvbGYiLCJfYXV0aF91c2VyX2lkIjoiNCIsInJvbGUiOiJBRE1JTiJ9','2015-10-14 08:43:25.642047'),('7cuem64o9lhd9j21upw17fvziy7akvb4','MGQwNjk2ZjcwZDViMjIxNDdhNjgzZDA3NjFlNDk1OTk1NTY2NmEyMDp7fQ==','2015-09-14 16:19:52.920342'),('7hz72a0b8kleyod0hnsosbf5svx158j7','NTI4Yjc4ZTU3NjhlMjU0Y2Q1OWZkYzAxNDZiNTZjMDZjMjFkNzE3Yzp7Il9hdXRoX3VzZXJfaWQiOiIxIiwiX2F1dGhfdXNlcl9iYWNrZW5kIjoiZGphbmdvLmNvbnRyaWIuYXV0aC5iYWNrZW5kcy5Nb2RlbEJhY2tlbmQiLCJfYXV0aF91c2VyX2hhc2giOiI0YjA1MThjMDQ4ODc2YjIzYTdiYTVkMDcwZTQxMmIyYTY2YzJkZGMzIn0=','2015-07-06 08:41:48.070725'),('7ko6cd6yy9fh4ghi4ausu18lpdekokwi','MGQwNjk2ZjcwZDViMjIxNDdhNjgzZDA3NjFlNDk1OTk1NTY2NmEyMDp7fQ==','2015-09-23 08:09:41.045538'),('7o01lyfbte59k787p2j67turi4rv66fl','ODg4MjM0MmJhNTkxMmFmNTljMDkyMjYxNTQ5NTMyNjMwZWIwMzc1Yzp7ImxvZ2luIjoiaXBwb2xmIiwiX2F1dGhfdXNlcl9pZCI6IjQiLCJwYXNzd29yZCI6InNtb0AyMDE1IiwiX2F1dGhfdXNlcl9oYXNoIjoiYmI1ZTZhZGY2M2FhZDYyNDgwNGM0Y2Y3MWI5NWZjN2I2MmVmYmJjOCIsIl9hdXRoX3VzZXJfYmFja2VuZCI6ImRqYW5nb19hdXRoX2xkYXAuYmFja2VuZC5MREFQQmFja2VuZCIsInJvbGUiOiJBRE1JTiJ9','2015-09-10 12:31:45.601222'),('7p2q1wi2ceo4kq6a65zuq6vvw5fg2jjh','ZGQ5NDc1ODUwZWY3ZDUxNThiMzdiN2EyZDg0YTdlZTI3NzE3YmU1ODp7Il9hdXRoX3VzZXJfaWQiOiI0IiwiX2F1dGhfdXNlcl9iYWNrZW5kIjoiZGphbmdvX2F1dGhfbGRhcC5iYWNrZW5kLkxEQVBCYWNrZW5kIiwibG9naW4iOiJpcHBvbGYiLCJfYXV0aF91c2VyX2hhc2giOiJiYjVlNmFkZjYzYWFkNjI0ODA0YzRjZjcxYjk1ZmM3YjYyZWZiYmM4IiwicGFzc3dvcmQiOiJzbW9AMjAxNSIsInJvbGUiOiJBRE1JTiJ9','2015-11-11 09:20:33.385221'),('7rvxhiisk0kk3xdn953yt59tqingt2j9','MGQwNjk2ZjcwZDViMjIxNDdhNjgzZDA3NjFlNDk1OTk1NTY2NmEyMDp7fQ==','2015-07-01 12:13:00.848441'),('7smylyegha7699vvp5gwh7xou56pbf8a','MGQwNjk2ZjcwZDViMjIxNDdhNjgzZDA3NjFlNDk1OTk1NTY2NmEyMDp7fQ==','2015-07-01 11:14:23.396659'),('7sq1r0sw100zfm64z6cwjlzpue7xfqmg','MGQwNjk2ZjcwZDViMjIxNDdhNjgzZDA3NjFlNDk1OTk1NTY2NmEyMDp7fQ==','2015-07-16 13:04:51.726369'),('7wdyskj534zkyesl3cwz4bo61dvrj8z6','OTExYzAxYzA0ZTJlMGU2MzQyMjQ0ZTIxYWI0ZWIwNTNjZWFlMGRlMzp7InJvbGUiOiJBRE1JTiIsInBhc3N3b3JkIjoic21vQDIwMTUiLCJsb2dpbiI6ImlwcG9sZiIsIl9hdXRoX3VzZXJfYmFja2VuZCI6ImRqYW5nb19hdXRoX2xkYXAuYmFja2VuZC5MREFQQmFja2VuZCIsIl9hdXRoX3VzZXJfaWQiOiI0IiwiX2F1dGhfdXNlcl9oYXNoIjoiYmI1ZTZhZGY2M2FhZDYyNDgwNGM0Y2Y3MWI5NWZjN2I2MmVmYmJjOCJ9','2015-10-19 09:00:37.437803'),('81ji8fbgbcdhq0vcievv57xy8gexcyol','ZTA0NGY3MDk2ZTlhMzRlZDlkZjUwOTZlMjU5NDI1N2YzMDcyZjU3ZTp7Il9hdXRoX3VzZXJfaGFzaCI6ImY0NGRjMjBlYWQ3Y2I5ZTY1ZWE2NDdmYWEyMmZkYTdiODIyZDg3Y2UiLCJfYXV0aF91c2VyX2JhY2tlbmQiOiJkamFuZ29fYXV0aF9sZGFwLmJhY2tlbmQuTERBUEJhY2tlbmQiLCJsb2dpbiI6IlRPU0lNQSIsIl9hdXRoX3VzZXJfaWQiOiI1In0=','2015-07-29 10:31:10.877781'),('81mk8ba95jxb7slhozvxtfnf04j71pxs','MGQwNjk2ZjcwZDViMjIxNDdhNjgzZDA3NjFlNDk1OTk1NTY2NmEyMDp7fQ==','2015-12-16 12:03:20.239695'),('849tmiak534r281ejo17lylzfoxv3bzp','MTRjMjA3NDQxYjQwZTA1ZjVmY2VjM2Q2MjhjNTdlMTkzZjdjNmZjNjp7InBhc3N3b3JkIjoic21vQDIwMTUiLCJyb2xlIjoiQURNSU4iLCJfYXV0aF91c2VyX2hhc2giOiJiYjVlNmFkZjYzYWFkNjI0ODA0YzRjZjcxYjk1ZmM3YjYyZWZiYmM4IiwiX2F1dGhfdXNlcl9pZCI6IjQiLCJfYXV0aF91c2VyX2JhY2tlbmQiOiJkamFuZ29fYXV0aF9sZGFwLmJhY2tlbmQuTERBUEJhY2tlbmQiLCJsb2dpbiI6ImlwcG9sZiJ9','2015-11-16 09:58:03.606152'),('84vv1m7ljrmux451r9f5ihr4pmkmijl6','YzcyNGRmNTIxZWU5ZjFkNjE0ZTRhODUzZjMyNjVmYzhhY2Y2ZGQ3MDp7InJvbGUiOiJBRE1JTiIsInBhc3N3b3JkIjoic21vQDIwMTUiLCJsb2dpbiI6ImlwcG9sZiIsIl9hdXRoX3VzZXJfaWQiOiI0IiwiX2F1dGhfdXNlcl9oYXNoIjoiYmI1ZTZhZGY2M2FhZDYyNDgwNGM0Y2Y3MWI5NWZjN2I2MmVmYmJjOCIsIl9hdXRoX3VzZXJfYmFja2VuZCI6ImRqYW5nb19hdXRoX2xkYXAuYmFja2VuZC5MREFQQmFja2VuZCJ9','2015-10-05 08:25:00.121457'),('87q2v5chf4j4rh0l9x4l3iyf5dadhb5d','MGMzMzI4OWQ5OWQ1MDQ1Y2FiOTM1NGE0NGJmMzdhZDNlMDI1YjYyMTp7Il9hdXRoX3VzZXJfaGFzaCI6ImJiNWU2YWRmNjNhYWQ2MjQ4MDRjNGNmNzFiOTVmYzdiNjJlZmJiYzgiLCJwYXNzd29yZCI6InNtb0AyMDE1IiwiX2F1dGhfdXNlcl9iYWNrZW5kIjoiZGphbmdvX2F1dGhfbGRhcC5iYWNrZW5kLkxEQVBCYWNrZW5kIiwiX2F1dGhfdXNlcl9pZCI6IjQiLCJsb2dpbiI6ImlwcG9sZiIsInJvbGUiOiJBRE1JTiJ9','2015-09-01 14:42:56.555168'),('8f54lxm8rrid920ezo7ofiy10swm7yql','MGQwNjk2ZjcwZDViMjIxNDdhNjgzZDA3NjFlNDk1OTk1NTY2NmEyMDp7fQ==','2015-07-01 11:01:12.062953'),('8fi9p8l0u22t6h186rq129u8qzye516s','ZjYzMDYyMTBkYTNlNTQyZTJjZTM0MTEwNTdlOWE5ZTAxYTU0ZDVhZjp7ImxvZ2luIjoiQ09MT01YIiwiX2F1dGhfdXNlcl9oYXNoIjoiMmY4ZDhmNTcxY2VjMzc1NGQ4MjhmZmY0NTM5ODViMWI0ZTJlNzJkZiIsIl9hdXRoX3VzZXJfaWQiOiIyIiwiX2F1dGhfdXNlcl9iYWNrZW5kIjoiZGphbmdvX2F1dGhfbGRhcC5iYWNrZW5kLkxEQVBCYWNrZW5kIn0=','2015-07-21 11:22:01.118706'),('8ie897pw54yhpj0dkiwv2tu97ayx389s','ODFhMWM3ZTQ4YWQzZWM1NDI3YWRhM2YwOWIwOTA0NzE4YTI5ZWE5Nzp7Il9hdXRoX3VzZXJfYmFja2VuZCI6ImRqYW5nb19hdXRoX2xkYXAuYmFja2VuZC5MREFQQmFja2VuZCIsImxvZ2luIjoiaXBwb2xmIiwicm9sZSI6IkFETUlOIiwicGFzc3dvcmQiOiJzbW9AMjAxNSIsIl9hdXRoX3VzZXJfaGFzaCI6ImJiNWU2YWRmNjNhYWQ2MjQ4MDRjNGNmNzFiOTVmYzdiNjJlZmJiYzgiLCJfYXV0aF91c2VyX2lkIjoiNCJ9','2015-12-04 08:58:40.840535'),('8kfnen15pd2ovv16swm0tvh5vbfz8wmj','MDgwYTYwYWZhN2VkMjk0YWMxMThiZGJjYzQwYTY3YmQyNTI4ZTk3Yjp7ImxvZ2luIjoiaXBwb2xmIiwiX2F1dGhfdXNlcl9pZCI6IjQiLCJfYXV0aF91c2VyX2JhY2tlbmQiOiJkamFuZ29fYXV0aF9sZGFwLmJhY2tlbmQuTERBUEJhY2tlbmQiLCJyb2xlIjoiQURNSU4iLCJfYXV0aF91c2VyX2hhc2giOiJiYjVlNmFkZjYzYWFkNjI0ODA0YzRjZjcxYjk1ZmM3YjYyZWZiYmM4IiwicGFzc3dvcmQiOiJzbW9AMjAxNSJ9','2015-12-15 17:36:44.504075'),('8l8vibdl9irr7f4n7bezvzlohlqur34z','NWUyODllZjIxYjQ4YjU4OWUwZDI4ZmQ3ZjcwNzRlZmY1NmRhMjcxMDp7Il9hdXRoX3VzZXJfaWQiOiIyIiwiX2F1dGhfdXNlcl9oYXNoIjoiMmY4ZDhmNTcxY2VjMzc1NGQ4MjhmZmY0NTM5ODViMWI0ZTJlNzJkZiIsImxvZ2luIjoiY29sb214IiwicGFzc3dvcmQiOiJzbW9AMjAxNSIsIl9hdXRoX3VzZXJfYmFja2VuZCI6ImRqYW5nb19hdXRoX2xkYXAuYmFja2VuZC5MREFQQmFja2VuZCIsInJvbGUiOiJBRE1JTiJ9','2015-11-27 15:01:51.004649'),('8lpi6ar0tkg9pedup5nzdn2whmc08goy','MGQwNjk2ZjcwZDViMjIxNDdhNjgzZDA3NjFlNDk1OTk1NTY2NmEyMDp7fQ==','2015-10-08 13:02:32.524217'),('8of9s09fvbu3tcyduas9c6mt34acaqvf','MGQwNjk2ZjcwZDViMjIxNDdhNjgzZDA3NjFlNDk1OTk1NTY2NmEyMDp7fQ==','2015-07-01 14:26:20.330036'),('8q3x4jcqt0g0kuwm33u9t4z08bh7mgdd','MGQwNjk2ZjcwZDViMjIxNDdhNjgzZDA3NjFlNDk1OTk1NTY2NmEyMDp7fQ==','2015-07-01 14:26:20.373807'),('8ubkw3izr6ryuxsk820kh1vl0fxvg9kd','MGQwNjk2ZjcwZDViMjIxNDdhNjgzZDA3NjFlNDk1OTk1NTY2NmEyMDp7fQ==','2015-10-19 08:41:43.853036'),('8x4sooc819a9hbfgwidg3tvaxrwlfehu','NWM4MmQ2ZmJiZmRlYWYwYmFjOTY4MWUzYmZmNzVmYWRkZWFkOGNjNzp7ImxvZ2luIjoiSVBQT0xGIiwiX2F1dGhfdXNlcl9pZCI6IjQiLCJfYXV0aF91c2VyX2hhc2giOiJiYjVlNmFkZjYzYWFkNjI0ODA0YzRjZjcxYjk1ZmM3YjYyZWZiYmM4IiwiX2F1dGhfdXNlcl9iYWNrZW5kIjoiZGphbmdvX2F1dGhfbGRhcC5iYWNrZW5kLkxEQVBCYWNrZW5kIn0=','2015-07-28 14:54:49.391634'),('962hakywqf812hald01osqwlelgczyv2','MGQwNjk2ZjcwZDViMjIxNDdhNjgzZDA3NjFlNDk1OTk1NTY2NmEyMDp7fQ==','2015-10-29 14:34:14.711808'),('9a40ylpeca30s0tsob3462b7zw8r3s04','MGQwNjk2ZjcwZDViMjIxNDdhNjgzZDA3NjFlNDk1OTk1NTY2NmEyMDp7fQ==','2015-10-20 08:26:58.032703'),('9apblfr0os2a3vlkhpghf1tw3z7vii8v','YjUyOGJjMjkxNjljOWE0NzMxOWZhMmFiNmUwOTVkYzk0ZWFlZTM4OTp7Il9hdXRoX3VzZXJfYmFja2VuZCI6ImRqYW5nb19hdXRoX2xkYXAuYmFja2VuZC5MREFQQmFja2VuZCIsIl9hdXRoX3VzZXJfaWQiOiI1IiwibG9naW4iOiJUT1NJTUEiLCJfYXV0aF91c2VyX2hhc2giOiJmNDRkYzIwZWFkN2NiOWU2NWVhNjQ3ZmFhMjJmZGE3YjgyMmQ4N2NlIn0=','2015-07-29 10:24:02.348378'),('9cex4jpg4s5tdyfznp1llntrjr29m6tl','MzE2YWNiODMyMzhjMmVmNTk0MGNiMDI4NjAyMzgxYzMzMDQ4ODQ5ZDp7InJvbGUiOiJBRE1JTiIsIl9hdXRoX3VzZXJfYmFja2VuZCI6ImRqYW5nb19hdXRoX2xkYXAuYmFja2VuZC5MREFQQmFja2VuZCIsImxvZ2luIjoiY29sb214IiwiX2F1dGhfdXNlcl9oYXNoIjoiMmY4ZDhmNTcxY2VjMzc1NGQ4MjhmZmY0NTM5ODViMWI0ZTJlNzJkZiIsInBhc3N3b3JkIjoic21vQDIwMTUiLCJfYXV0aF91c2VyX2lkIjoiMiJ9','2015-10-29 17:06:48.031497'),('9d1ieyb16ujw73bip06vzdttd88qfudt','N2E5ZDc5ZTdhZThhODhiN2EwNjgzM2IzZGFjZWM0NzQzNWRjZTY5NDp7ImxvZ2luIjoiQ09MT01YIiwiX2F1dGhfdXNlcl9pZCI6IjIiLCJfYXV0aF91c2VyX2hhc2giOiIyZjhkOGY1NzFjZWMzNzU0ZDgyOGZmZjQ1Mzk4NWIxYjRlMmU3MmRmIiwiX2F1dGhfdXNlcl9iYWNrZW5kIjoiZGphbmdvX2F1dGhfbGRhcC5iYWNrZW5kLkxEQVBCYWNrZW5kIn0=','2015-07-07 15:53:42.133653'),('9gf3aa2qdvonfb32r9xg6r5wz84zx8kh','MDk3MjFlOWYyYjBkNDFkMjU0ZTczN2E4MmU2YTIwZGZjMWViZWEzOTp7InJvbGUiOiJBRE1JTiIsIl9hdXRoX3VzZXJfYmFja2VuZCI6ImRqYW5nb19hdXRoX2xkYXAuYmFja2VuZC5MREFQQmFja2VuZCIsImxvZ2luIjoiaXBwb2xmIiwicGFzc3dvcmQiOiJzbW9AMjAxNSIsIl9hdXRoX3VzZXJfaGFzaCI6ImJiNWU2YWRmNjNhYWQ2MjQ4MDRjNGNmNzFiOTVmYzdiNjJlZmJiYzgiLCJfYXV0aF91c2VyX2lkIjoiNCJ9','2015-09-24 13:04:52.379557'),('9jb687av8psk30k8hslqd8pwevos7hq8','MGQwNjk2ZjcwZDViMjIxNDdhNjgzZDA3NjFlNDk1OTk1NTY2NmEyMDp7fQ==','2015-12-17 12:21:40.424895'),('9nw2tlk8pgajswwbxjjcyssb3xt2oi0a','MGQwNjk2ZjcwZDViMjIxNDdhNjgzZDA3NjFlNDk1OTk1NTY2NmEyMDp7fQ==','2015-09-25 15:08:53.587809'),('9p05yljqpets70jbytd046cm02d06kd8','MGQwNjk2ZjcwZDViMjIxNDdhNjgzZDA3NjFlNDk1OTk1NTY2NmEyMDp7fQ==','2015-12-15 13:52:27.768621'),('9pjpqu8j37tll676y59751caz15270xn','MGQwNjk2ZjcwZDViMjIxNDdhNjgzZDA3NjFlNDk1OTk1NTY2NmEyMDp7fQ==','2015-12-16 17:35:48.030160'),('9u7uq51uoqb9x7tazxjmol4qzav588ro','NzgwZDkzZWExYmZjYzE0OGVhNDY4MDA5Y2ZiNjAyZjJjZGNkZjcwMDp7Il9hdXRoX3VzZXJfYmFja2VuZCI6ImRqYW5nb19hdXRoX2xkYXAuYmFja2VuZC5MREFQQmFja2VuZCIsIl9hdXRoX3VzZXJfaGFzaCI6IjJmOGQ4ZjU3MWNlYzM3NTRkODI4ZmZmNDUzOTg1YjFiNGUyZTcyZGYiLCJfYXV0aF91c2VyX2lkIjoiMiIsImxvZ2luIjoiQ09MT01YIn0=','2015-07-09 08:09:16.296539'),('9v94bk0rycxt4as89b88l9tu2ymrpk24','MGQwNjk2ZjcwZDViMjIxNDdhNjgzZDA3NjFlNDk1OTk1NTY2NmEyMDp7fQ==','2015-07-01 15:39:24.919011'),('9wqmhbxru25gtetfgmpkag3mi8j3lip4','MGQwNjk2ZjcwZDViMjIxNDdhNjgzZDA3NjFlNDk1OTk1NTY2NmEyMDp7fQ==','2015-10-27 09:46:10.900921'),('9xc92ag4md2vwcpn4y894ww8abg5vo4c','MGQwNjk2ZjcwZDViMjIxNDdhNjgzZDA3NjFlNDk1OTk1NTY2NmEyMDp7fQ==','2015-10-26 09:36:02.741306'),('a1rbd3825qbstm8ityreco5xwcz9302w','NzgwZDkzZWExYmZjYzE0OGVhNDY4MDA5Y2ZiNjAyZjJjZGNkZjcwMDp7Il9hdXRoX3VzZXJfYmFja2VuZCI6ImRqYW5nb19hdXRoX2xkYXAuYmFja2VuZC5MREFQQmFja2VuZCIsIl9hdXRoX3VzZXJfaGFzaCI6IjJmOGQ4ZjU3MWNlYzM3NTRkODI4ZmZmNDUzOTg1YjFiNGUyZTcyZGYiLCJfYXV0aF91c2VyX2lkIjoiMiIsImxvZ2luIjoiQ09MT01YIn0=','2015-07-06 11:23:31.798564'),('a2iwjlvysiqzi777ln3dsxingg7j8nif','NzJkMzRlNGY3Mzk2Yzc3Y2I3ODQ1YjAzMzdmYTY3YmFmN2Y0MDEyODp7Il9hdXRoX3VzZXJfYmFja2VuZCI6ImRqYW5nb19hdXRoX2xkYXAuYmFja2VuZC5MREFQQmFja2VuZCIsIl9hdXRoX3VzZXJfaGFzaCI6ImJiNWU2YWRmNjNhYWQ2MjQ4MDRjNGNmNzFiOTVmYzdiNjJlZmJiYzgiLCJfYXV0aF91c2VyX2lkIjoiNCIsInJvbGUiOiJBRE1JTiIsImxvZ2luIjoiaXBwb2xmIiwicGFzc3dvcmQiOiJzbW9AMjAxNSJ9','2015-12-16 12:00:08.228854'),('a3gobs7bp82uf68hij0597wh3bpiehb2','MGQwNjk2ZjcwZDViMjIxNDdhNjgzZDA3NjFlNDk1OTk1NTY2NmEyMDp7fQ==','2015-07-01 09:28:51.306431'),('a4978h0u20voi4s8qoc6l68mzov96pj5','ZGUwZWIyNmI0MDZhYWI5YzU4ZmU5ZGRiZTUzM2Y0MThkNzI5ZjIzNjp7Il9hdXRoX3VzZXJfaGFzaCI6IjJmOGQ4ZjU3MWNlYzM3NTRkODI4ZmZmNDUzOTg1YjFiNGUyZTcyZGYiLCJfYXV0aF91c2VyX2JhY2tlbmQiOiJkamFuZ29fYXV0aF9sZGFwLmJhY2tlbmQuTERBUEJhY2tlbmQiLCJfYXV0aF91c2VyX2lkIjoiMiIsImxvZ2luIjoiQ09MT01YIn0=','2015-07-06 10:56:22.657142'),('a741vkfh8tcwiiqmxb6554pa5yritzir','MGQwNjk2ZjcwZDViMjIxNDdhNjgzZDA3NjFlNDk1OTk1NTY2NmEyMDp7fQ==','2015-07-01 11:02:20.552728'),('a77gxrh1x07ue012k12n09kadbrwzybx','MGQwNjk2ZjcwZDViMjIxNDdhNjgzZDA3NjFlNDk1OTk1NTY2NmEyMDp7fQ==','2015-10-27 09:38:45.504359'),('a79ffrlwt9ijqyb47zq61bqvl4b1dygj','MGQwNjk2ZjcwZDViMjIxNDdhNjgzZDA3NjFlNDk1OTk1NTY2NmEyMDp7fQ==','2015-06-26 10:39:45.488387'),('a7ld2493o3dx3c5x2n9bk08x6x3c2hk2','MWZjYTJmZmYxNDk4OGU5MDVlNTEzZDQyY2NhZjUxNjM3MzRhOTBhMzp7InJvbGUiOiJBRE1JTiIsImxvZ2luIjoiaXBwb2xmIiwiX2F1dGhfdXNlcl9oYXNoIjoiYmI1ZTZhZGY2M2FhZDYyNDgwNGM0Y2Y3MWI5NWZjN2I2MmVmYmJjOCIsIl9hdXRoX3VzZXJfaWQiOiI0IiwiX2F1dGhfdXNlcl9iYWNrZW5kIjoiZGphbmdvX2F1dGhfbGRhcC5iYWNrZW5kLkxEQVBCYWNrZW5kIiwicGFzc3dvcmQiOiJzbW9AMjAxNSJ9','2015-12-02 11:04:02.728365'),('aca1w13ic024kx17z5iagqeuwhgbz6cj','NGI3NzFlZTdkNzBhOTI2MjE4OGYxOTRiNmU3MGFjZDEyMjNmNTUzYjp7Il9hdXRoX3VzZXJfaWQiOiI0Iiwicm9sZSI6IkFETUlOIiwiX2F1dGhfdXNlcl9oYXNoIjoiYmI1ZTZhZGY2M2FhZDYyNDgwNGM0Y2Y3MWI5NWZjN2I2MmVmYmJjOCIsImxvZ2luIjoiaXBwb2xmIiwiX2F1dGhfdXNlcl9iYWNrZW5kIjoiZGphbmdvX2F1dGhfbGRhcC5iYWNrZW5kLkxEQVBCYWNrZW5kIiwicGFzc3dvcmQiOiJzbW9AMjAxNSJ9','2015-10-12 08:49:02.217775'),('acursln1luo9r2vq57twp2qwnev1wah9','MGQwNjk2ZjcwZDViMjIxNDdhNjgzZDA3NjFlNDk1OTk1NTY2NmEyMDp7fQ==','2015-10-15 07:36:40.570522'),('afk5bqcmj5ya493r2yqp7qo8wfh6ntjh','YTNjMjE2NDQ2MTAyZGQxOWQxYzYxMGYxZTRkOTk5MzQ1ZTFhYTQzZDp7Il9hdXRoX3VzZXJfaGFzaCI6ImJiNWU2YWRmNjNhYWQ2MjQ4MDRjNGNmNzFiOTVmYzdiNjJlZmJiYzgiLCJwYXNzd29yZCI6InNtb0AyMDE1IiwibG9naW4iOiJpcHBvbGYiLCJyb2xlIjoiQURNSU4iLCJfYXV0aF91c2VyX2lkIjoiNCIsIl9hdXRoX3VzZXJfYmFja2VuZCI6ImRqYW5nb19hdXRoX2xkYXAuYmFja2VuZC5MREFQQmFja2VuZCJ9','2015-12-10 15:39:53.443487'),('agx13pltq0jtmcbwqdmc8fnb87xwnjbn','ZjI0N2M1YTRhNDE4MzVlN2IwZTBlYzIxYTMzZjU3MTJmZGQ2MWU5Mjp7Il9hdXRoX3VzZXJfaGFzaCI6IjJmOGQ4ZjU3MWNlYzM3NTRkODI4ZmZmNDUzOTg1YjFiNGUyZTcyZGYiLCJfYXV0aF91c2VyX2lkIjoiMiIsImxvZ2luIjoiQ09MT01YIiwiX2F1dGhfdXNlcl9iYWNrZW5kIjoiZGphbmdvX2F1dGhfbGRhcC5iYWNrZW5kLkxEQVBCYWNrZW5kIn0=','2015-07-29 14:38:07.481374'),('ahnqif5d406kgdehd0wsd9j30vsa8b7q','MGQwNjk2ZjcwZDViMjIxNDdhNjgzZDA3NjFlNDk1OTk1NTY2NmEyMDp7fQ==','2015-09-10 08:32:21.255344'),('ahw03rrzkuu7yna8zrpwyyr20w31znr6','NTU1NTA5NDQwMGIyYTk4ZTRiODA1YWQ5Mzg3Yzg4YzY2NDJmMDg5MDp7InBhc3N3b3JkIjoic21vQDIwMTUiLCJfYXV0aF91c2VyX2lkIjoiNCIsInJvbGUiOiJBRE1JTiIsImxvZ2luIjoiaXBwb2xmIiwiX2F1dGhfdXNlcl9iYWNrZW5kIjoiZGphbmdvX2F1dGhfbGRhcC5iYWNrZW5kLkxEQVBCYWNrZW5kIiwiX2F1dGhfdXNlcl9oYXNoIjoiYmI1ZTZhZGY2M2FhZDYyNDgwNGM0Y2Y3MWI5NWZjN2I2MmVmYmJjOCJ9','2015-11-27 16:39:12.447355'),('aj6rudstubzyl0x42nr6f75lca3yr5qm','ODQ5ZjY5MTEyMDg4ZWJlYmFhNjE0ZDFlZGIxYjQzZDAzYTc1NjAwOTp7ImxvZ2luIjoiaXBwb2xmIiwicGFzc3dvcmQiOiJzbW9AMjAxNSIsIl9hdXRoX3VzZXJfaWQiOiI0Iiwicm9sZSI6IkFETUlOIiwiX2F1dGhfdXNlcl9iYWNrZW5kIjoiZGphbmdvX2F1dGhfbGRhcC5iYWNrZW5kLkxEQVBCYWNrZW5kIiwiX2F1dGhfdXNlcl9oYXNoIjoiYmI1ZTZhZGY2M2FhZDYyNDgwNGM0Y2Y3MWI5NWZjN2I2MmVmYmJjOCJ9','2015-12-09 15:49:41.238892'),('ak5uuzik7m3olkr76r5vwxrwjnylarr6','MGQwNjk2ZjcwZDViMjIxNDdhNjgzZDA3NjFlNDk1OTk1NTY2NmEyMDp7fQ==','2015-07-07 11:02:31.766121'),('aklt64wrv6ox4950asqucopc9wmxghlw','ZGQ5NDc1ODUwZWY3ZDUxNThiMzdiN2EyZDg0YTdlZTI3NzE3YmU1ODp7Il9hdXRoX3VzZXJfaWQiOiI0IiwiX2F1dGhfdXNlcl9iYWNrZW5kIjoiZGphbmdvX2F1dGhfbGRhcC5iYWNrZW5kLkxEQVBCYWNrZW5kIiwibG9naW4iOiJpcHBvbGYiLCJfYXV0aF91c2VyX2hhc2giOiJiYjVlNmFkZjYzYWFkNjI0ODA0YzRjZjcxYjk1ZmM3YjYyZWZiYmM4IiwicGFzc3dvcmQiOiJzbW9AMjAxNSIsInJvbGUiOiJBRE1JTiJ9','2015-11-10 12:22:02.521102'),('amv0mxqyhfvuycfjhqmkvb4ciw0ecee5','NTE5MDhiZjJiOTVmMDFhODcyNTYzMmRkNWJlZTdhZjQ3ZGJiNGQyYzp7InJvbGUiOiJBRE1JTiIsIl9hdXRoX3VzZXJfaWQiOiIyIiwibG9naW4iOiJjb2xvbXgiLCJfYXV0aF91c2VyX2hhc2giOiIyZjhkOGY1NzFjZWMzNzU0ZDgyOGZmZjQ1Mzk4NWIxYjRlMmU3MmRmIiwicGFzc3dvcmQiOiJzbW9AMjAxNSIsIl9hdXRoX3VzZXJfYmFja2VuZCI6ImRqYW5nb19hdXRoX2xkYXAuYmFja2VuZC5MREFQQmFja2VuZCJ9','2015-12-01 11:58:54.155411'),('atfm8ii7j3rq1334clvki6drrp707r5c','NjlkNzc0NmZiZTc1MjRkYzQyYjUyNTQxM2QyMmI0OWY2NTlmMjYwNzp7Il9hdXRoX3VzZXJfYmFja2VuZCI6ImRqYW5nb19hdXRoX2xkYXAuYmFja2VuZC5MREFQQmFja2VuZCIsImxvZ2luIjoiaXBwb2xmIiwicGFzc3dvcmQiOiJzbW9AMjAxNSIsInJvbGUiOiJBRE1JTiIsIl9hdXRoX3VzZXJfaWQiOiI0IiwiX2F1dGhfdXNlcl9oYXNoIjoiYmI1ZTZhZGY2M2FhZDYyNDgwNGM0Y2Y3MWI5NWZjN2I2MmVmYmJjOCJ9','2015-09-09 09:32:43.519826'),('auzdx9ewi5p6zvq8zlqilt07ox23zws7','MGQwNjk2ZjcwZDViMjIxNDdhNjgzZDA3NjFlNDk1OTk1NTY2NmEyMDp7fQ==','2015-07-02 07:52:06.087965'),('awh790ynwwlqu1snvd71ggqrgs9insc7','NzliNTlkYmYwZThjN2IwYjkzNmI1YjYxYjcxMTU0ODExNjVlZDY4Mzp7Il9hdXRoX3VzZXJfaWQiOiIyIiwiX2F1dGhfdXNlcl9oYXNoIjoiMmY4ZDhmNTcxY2VjMzc1NGQ4MjhmZmY0NTM5ODViMWI0ZTJlNzJkZiIsImxvZ2luIjoiQ09MT01YIiwiX2F1dGhfdXNlcl9iYWNrZW5kIjoiZGphbmdvX2F1dGhfbGRhcC5iYWNrZW5kLkxEQVBCYWNrZW5kIn0=','2015-07-28 14:27:03.409387'),('awuuv870z7pmsg7ju4a87xhv4ti2z8s7','ZGQ5NDc1ODUwZWY3ZDUxNThiMzdiN2EyZDg0YTdlZTI3NzE3YmU1ODp7Il9hdXRoX3VzZXJfaWQiOiI0IiwiX2F1dGhfdXNlcl9iYWNrZW5kIjoiZGphbmdvX2F1dGhfbGRhcC5iYWNrZW5kLkxEQVBCYWNrZW5kIiwibG9naW4iOiJpcHBvbGYiLCJfYXV0aF91c2VyX2hhc2giOiJiYjVlNmFkZjYzYWFkNjI0ODA0YzRjZjcxYjk1ZmM3YjYyZWZiYmM4IiwicGFzc3dvcmQiOiJzbW9AMjAxNSIsInJvbGUiOiJBRE1JTiJ9','2015-11-11 16:30:28.300117'),('azoj772dse3lollhrav8twfp05v2gp05','ZGUwZWIyNmI0MDZhYWI5YzU4ZmU5ZGRiZTUzM2Y0MThkNzI5ZjIzNjp7Il9hdXRoX3VzZXJfaGFzaCI6IjJmOGQ4ZjU3MWNlYzM3NTRkODI4ZmZmNDUzOTg1YjFiNGUyZTcyZGYiLCJfYXV0aF91c2VyX2JhY2tlbmQiOiJkamFuZ29fYXV0aF9sZGFwLmJhY2tlbmQuTERBUEJhY2tlbmQiLCJfYXV0aF91c2VyX2lkIjoiMiIsImxvZ2luIjoiQ09MT01YIn0=','2015-07-10 15:22:08.814145'),('b08x0dvlfu13p912i5j2layhb59kv6am','MzIyZTcxOGU2YWNkNzQ4ODZkOGE2N2RlNmNjM2JiNzY5MTFmYzIyZjp7Il9hdXRoX3VzZXJfaWQiOiI0IiwibG9naW4iOiJpcHBvbGYiLCJyb2xlIjoiQURNSU4iLCJfYXV0aF91c2VyX2JhY2tlbmQiOiJkamFuZ29fYXV0aF9sZGFwLmJhY2tlbmQuTERBUEJhY2tlbmQiLCJwYXNzd29yZCI6InNtb0AyMDE1IiwiX2F1dGhfdXNlcl9oYXNoIjoiYmI1ZTZhZGY2M2FhZDYyNDgwNGM0Y2Y3MWI5NWZjN2I2MmVmYmJjOCJ9','2015-11-23 12:19:09.847556'),('b0swdzvzeor2p7qox2dh0b5wcvozn03h','MGIwOWM4YzAyYjc1YjY3Nzc0ZDgyNjQwMDEwNTQwYjU3ZDBlMzY0Zjp7Il9hdXRoX3VzZXJfaWQiOiI0IiwicGFzc3dvcmQiOiJzbW9AMjAxNSIsInJvbGUiOiJBRE1JTiIsIl9hdXRoX3VzZXJfYmFja2VuZCI6ImRqYW5nb19hdXRoX2xkYXAuYmFja2VuZC5MREFQQmFja2VuZCIsIl9hdXRoX3VzZXJfaGFzaCI6ImJiNWU2YWRmNjNhYWQ2MjQ4MDRjNGNmNzFiOTVmYzdiNjJlZmJiYzgiLCJsb2dpbiI6ImlwcG9sZiJ9','2015-11-17 15:13:36.079092'),('b35p0pdbpouavv8qzse53d1ks818fvoo','Yzg1YzY4MmExOGU2OGQ3YjhjMGU5MzkyNGViZGVlODgxMzFkYzVmZDp7Il9hdXRoX3VzZXJfaGFzaCI6ImJiNWU2YWRmNjNhYWQ2MjQ4MDRjNGNmNzFiOTVmYzdiNjJlZmJiYzgiLCJwYXNzd29yZCI6InNtb0AyMDE1IiwibG9naW4iOiJpcHBvbGYiLCJyb2xlIjoiQURNSU4iLCJfYXV0aF91c2VyX2JhY2tlbmQiOiJkamFuZ29fYXV0aF9sZGFwLmJhY2tlbmQuTERBUEJhY2tlbmQiLCJfYXV0aF91c2VyX2lkIjoiNCJ9','2015-12-11 17:28:25.792543'),('bb4pv168aazznp4ssx3nu4jhu46v015b','ZGU4YWZiY2E0NmI4OTZhZGEwYTBhNjBjMWQ2ZjMwNWNjZDcyOGJmNzp7Il9hdXRoX3VzZXJfaGFzaCI6ImJiNWU2YWRmNjNhYWQ2MjQ4MDRjNGNmNzFiOTVmYzdiNjJlZmJiYzgiLCJyb2xlIjoiQURNSU4iLCJfYXV0aF91c2VyX2lkIjoiNCIsImxvZ2luIjoiaXBwb2xmIiwicGFzc3dvcmQiOiJzbW9AMjAxNSIsIl9hdXRoX3VzZXJfYmFja2VuZCI6ImRqYW5nb19hdXRoX2xkYXAuYmFja2VuZC5MREFQQmFja2VuZCJ9','2015-11-19 10:02:27.057573'),('bdhgx4xx6u538wb49vwutwujgl0cpt62','MTgxNTdlNWUzZmViM2QxNWNlZjEzNWEwMTUzZTk1YTM0YWQzNjM2ODp7InBhc3N3b3JkIjoic21vQDIwMTUiLCJfYXV0aF91c2VyX2lkIjoiMiIsInJvbGUiOiJBRE1JTiIsIl9hdXRoX3VzZXJfaGFzaCI6IjJmOGQ4ZjU3MWNlYzM3NTRkODI4ZmZmNDUzOTg1YjFiNGUyZTcyZGYiLCJfYXV0aF91c2VyX2JhY2tlbmQiOiJkamFuZ29fYXV0aF9sZGFwLmJhY2tlbmQuTERBUEJhY2tlbmQiLCJsb2dpbiI6ImNvbG9teCJ9','2015-11-19 11:52:54.532706'),('bez7ztn7ct11ycvmsvqtfk27j9q8j4xx','MGQwNjk2ZjcwZDViMjIxNDdhNjgzZDA3NjFlNDk1OTk1NTY2NmEyMDp7fQ==','2015-07-15 09:52:45.078838'),('bu15piylu2ebzmm6h3eao5twxckf9ju0','MGQwNjk2ZjcwZDViMjIxNDdhNjgzZDA3NjFlNDk1OTk1NTY2NmEyMDp7fQ==','2015-07-15 09:47:09.465899'),('c0sqc54e6rvuifrtxmz67typaxcrj9hq','YmExZmU1MzkyNDFmNjkwY2M2ZTY1MTU2OThiOTU0YTM1MTQ4MmY5Njp7Il9hdXRoX3VzZXJfaGFzaCI6ImJiNWU2YWRmNjNhYWQ2MjQ4MDRjNGNmNzFiOTVmYzdiNjJlZmJiYzgiLCJfYXV0aF91c2VyX2lkIjoiNCIsIl9hdXRoX3VzZXJfYmFja2VuZCI6ImRqYW5nb19hdXRoX2xkYXAuYmFja2VuZC5MREFQQmFja2VuZCIsImxvZ2luIjoiaXBwb2xmIiwicm9sZSI6IkFETUlOIiwicGFzc3dvcmQiOiJzbW9AMjAxNSJ9','2015-11-06 12:15:12.668919'),('c40hvvuxfbampmmo69dc026g5blpddq4','NWUyODllZjIxYjQ4YjU4OWUwZDI4ZmQ3ZjcwNzRlZmY1NmRhMjcxMDp7Il9hdXRoX3VzZXJfaWQiOiIyIiwiX2F1dGhfdXNlcl9oYXNoIjoiMmY4ZDhmNTcxY2VjMzc1NGQ4MjhmZmY0NTM5ODViMWI0ZTJlNzJkZiIsImxvZ2luIjoiY29sb214IiwicGFzc3dvcmQiOiJzbW9AMjAxNSIsIl9hdXRoX3VzZXJfYmFja2VuZCI6ImRqYW5nb19hdXRoX2xkYXAuYmFja2VuZC5MREFQQmFja2VuZCIsInJvbGUiOiJBRE1JTiJ9','2015-11-27 12:17:12.066207'),('c4t5o0yw7rlxdcdnnez851u9sda8ui1g','OThiNDg5NTY4MjM0NWJmZTQ2MWViZTczMTQ1ZDFmNjAwZGFlMGVkODp7Il9hdXRoX3VzZXJfaWQiOiI0Iiwicm9sZSI6IkFETUlOIiwiX2F1dGhfdXNlcl9iYWNrZW5kIjoiZGphbmdvX2F1dGhfbGRhcC5iYWNrZW5kLkxEQVBCYWNrZW5kIiwibG9naW4iOiJpcHBvbGYiLCJwYXNzd29yZCI6InNtb0AyMDE1IiwiX2F1dGhfdXNlcl9oYXNoIjoiYmI1ZTZhZGY2M2FhZDYyNDgwNGM0Y2Y3MWI5NWZjN2I2MmVmYmJjOCJ9','2015-11-25 10:57:51.958034'),('c6ejjvayg3mkp9z60uycqmhj15uyjt5i','NThhNzc5YjU5ZmFlOWYxN2Q5OTA0NzdjMjc2NjE1MTU4Yjk0Yjg3Zjp7Il9hdXRoX3VzZXJfYmFja2VuZCI6ImRqYW5nb19hdXRoX2xkYXAuYmFja2VuZC5MREFQQmFja2VuZCIsImxvZ2luIjoiY29sb214IiwiX2F1dGhfdXNlcl9oYXNoIjoiMmY4ZDhmNTcxY2VjMzc1NGQ4MjhmZmY0NTM5ODViMWI0ZTJlNzJkZiIsIl9hdXRoX3VzZXJfaWQiOiIyIiwicGFzc3dvcmQiOiJzbW9AMjAxNSIsInJvbGUiOiJBRE1JTiJ9','2015-11-13 17:25:50.606324'),('c7v7z7ifazuajtkvj5vlet1aaxeuxvd9','M2UyNWM3ZmI2ZTgyOTg3MmUyOWVhYTFhZTdmNzRmNDM4OWMyMTkyYTp7Il9hdXRoX3VzZXJfaGFzaCI6ImJiNWU2YWRmNjNhYWQ2MjQ4MDRjNGNmNzFiOTVmYzdiNjJlZmJiYzgiLCJfYXV0aF91c2VyX2lkIjoiNCIsIl9hdXRoX3VzZXJfYmFja2VuZCI6ImRqYW5nb19hdXRoX2xkYXAuYmFja2VuZC5MREFQQmFja2VuZCIsImxvZ2luIjoiSVBQT0xGIn0=','2015-07-30 16:19:53.645492'),('cbwr09khnl452u278fm25kb1psec7cuc','NTg5OTAzMjk3ZDM0MGMyYjIyY2Y1YjQyNGQyNjJmNzcyOWUzOGM0MTp7Il9hdXRoX3VzZXJfaWQiOiIyIiwicGFzc3dvcmQiOiJzbW9AMjAxNSIsIl9hdXRoX3VzZXJfYmFja2VuZCI6ImRqYW5nb19hdXRoX2xkYXAuYmFja2VuZC5MREFQQmFja2VuZCIsImxvZ2luIjoiY29sb214Iiwicm9sZSI6IkFETUlOIiwiX2F1dGhfdXNlcl9oYXNoIjoiMmY4ZDhmNTcxY2VjMzc1NGQ4MjhmZmY0NTM5ODViMWI0ZTJlNzJkZiJ9','2015-11-16 12:14:11.754475'),('cfaqtu6vk9fx0admyi52hhrwzuw3ohjw','NWJmNGEzMTUyMWIxOTVmMjE1MDI2ZTQ5ODI1M2Q1ODY2MDkyZDgzNDp7InJvbGUiOiJBRE1JTiIsInBhc3N3b3JkIjoic21vQDIwMTUiLCJfYXV0aF91c2VyX2lkIjoiNCIsIl9hdXRoX3VzZXJfaGFzaCI6ImJiNWU2YWRmNjNhYWQ2MjQ4MDRjNGNmNzFiOTVmYzdiNjJlZmJiYzgiLCJfYXV0aF91c2VyX2JhY2tlbmQiOiJkamFuZ29fYXV0aF9sZGFwLmJhY2tlbmQuTERBUEJhY2tlbmQiLCJsb2dpbiI6ImlwcG9sZiJ9','2015-11-30 18:35:18.916941'),('ch6961q1efsor38f17c8jbktc6rbjpqk','Njk0YzI5Nzg0MTBkOGRlMWE3ZDNlZTljNjMyMmM4Yzg4MjU2OWUwYjp7Il9hdXRoX3VzZXJfaWQiOiI0IiwiX2F1dGhfdXNlcl9oYXNoIjoiYmI1ZTZhZGY2M2FhZDYyNDgwNGM0Y2Y3MWI5NWZjN2I2MmVmYmJjOCIsIl9hdXRoX3VzZXJfYmFja2VuZCI6ImRqYW5nb19hdXRoX2xkYXAuYmFja2VuZC5MREFQQmFja2VuZCIsImxvZ2luIjoiaXBwb2xmIiwicm9sZSI6IkFETUlOIiwicGFzc3dvcmQiOiJzbW9AMjAxNSJ9','2015-12-02 15:11:53.709880'),('ch6f8t2j3qyu69k1si2zf7071pnq53jf','MGQwNjk2ZjcwZDViMjIxNDdhNjgzZDA3NjFlNDk1OTk1NTY2NmEyMDp7fQ==','2015-06-30 13:40:50.247687'),('ci6ruujy3rs403s2dtm4edul02foom7a','MjUwOGFlNzBlNjk4NjUyOWQ4ZGNmOWJlNjUwODhhMTkwZmZmN2UxNTp7InBhc3N3b3JkIjoic21vQDIwMTUiLCJfYXV0aF91c2VyX2lkIjoiNCIsImxvZ2luIjoiaXBwb2xmIiwicm9sZSI6IkFETUlOIiwiX2F1dGhfdXNlcl9iYWNrZW5kIjoiZGphbmdvX2F1dGhfbGRhcC5iYWNrZW5kLkxEQVBCYWNrZW5kIiwiX2F1dGhfdXNlcl9oYXNoIjoiYmI1ZTZhZGY2M2FhZDYyNDgwNGM0Y2Y3MWI5NWZjN2I2MmVmYmJjOCJ9','2015-11-26 12:18:48.248792'),('cjjmukph1axxphjayjry3nygkvf56l3t','MmU5OWM5ZTU4YWE4NjIyNzI2YmYwZmU0ZWFlMDBhZjZhNmJlZmZkOTp7Il9hdXRoX3VzZXJfaWQiOiI0Iiwicm9sZSI6IkFETUlOIiwiX2F1dGhfdXNlcl9oYXNoIjoiYmI1ZTZhZGY2M2FhZDYyNDgwNGM0Y2Y3MWI5NWZjN2I2MmVmYmJjOCIsInBhc3N3b3JkIjoic21vQDIwMTUiLCJfYXV0aF91c2VyX2JhY2tlbmQiOiJkamFuZ29fYXV0aF9sZGFwLmJhY2tlbmQuTERBUEJhY2tlbmQiLCJsb2dpbiI6ImlwcG9sZiJ9','2015-10-05 14:47:06.987286'),('cjmstoc6gxyvsho0dhaj7jvz0ocqk5s1','MTMwNzlhZWY1Yjg2NjFjNDgzNmQ2YTdjYjVhOGE2ZDk0OTE3ZWY2Mzp7InJvbGUiOiJBRE1JTiIsIl9hdXRoX3VzZXJfaGFzaCI6IjJmOGQ4ZjU3MWNlYzM3NTRkODI4ZmZmNDUzOTg1YjFiNGUyZTcyZGYiLCJfYXV0aF91c2VyX2lkIjoiMiIsInBhc3N3b3JkIjoic21vQDIwMTUiLCJfYXV0aF91c2VyX2JhY2tlbmQiOiJkamFuZ29fYXV0aF9sZGFwLmJhY2tlbmQuTERBUEJhY2tlbmQiLCJsb2dpbiI6ImNvbG9teCJ9','2015-12-16 16:42:21.908270'),('cnfdop35y8ar8t5szeacmrc30f10zsuz','YzdhOTM5MGVjNmVkMjlkZjdhMzAxNjg2MmJlZjViOTJlYzJjMDI4Mjp7Il9hdXRoX3VzZXJfYmFja2VuZCI6ImRqYW5nb19hdXRoX2xkYXAuYmFja2VuZC5MREFQQmFja2VuZCIsIl9hdXRoX3VzZXJfaWQiOiIyIiwiX2F1dGhfdXNlcl9oYXNoIjoiMmY4ZDhmNTcxY2VjMzc1NGQ4MjhmZmY0NTM5ODViMWI0ZTJlNzJkZiIsImxvZ2luIjoiQ09MT01YIn0=','2015-06-26 10:57:19.158748'),('crr4smm0dpktxb9vzcf792cztguq95ju','MGQwNjk2ZjcwZDViMjIxNDdhNjgzZDA3NjFlNDk1OTk1NTY2NmEyMDp7fQ==','2015-06-30 13:12:23.705024'),('ctq1ani145mhxbj68r72iopf2x1mjhgn','NjAwNmJhZmZmNjc5NWExOThkNmE5MDA1MTg2YjVmMGI1NWY4N2Q0Njp7InBhc3N3b3JkIjoic21vQDIwMTUiLCJfYXV0aF91c2VyX2lkIjoiNCIsImxvZ2luIjoiaXBwb2xmIiwicm9sZSI6IkFETUlOIiwiX2F1dGhfdXNlcl9oYXNoIjoiYmI1ZTZhZGY2M2FhZDYyNDgwNGM0Y2Y3MWI5NWZjN2I2MmVmYmJjOCIsIl9hdXRoX3VzZXJfYmFja2VuZCI6ImRqYW5nb19hdXRoX2xkYXAuYmFja2VuZC5MREFQQmFja2VuZCJ9','2015-10-13 15:11:43.311398'),('cym69ml78gtweg6y14auapw0fcuk6k3k','ZGQ2MTM3OTUzNjQwY2Q0ZGRhM2RhYTc1YjNmMmZhZmRiYzQ4ZWExZTp7Il9hdXRoX3VzZXJfYmFja2VuZCI6ImRqYW5nb19hdXRoX2xkYXAuYmFja2VuZC5MREFQQmFja2VuZCIsImxvZ2luIjoiY29sb214IiwicGFzc3dvcmQiOiJzbW9AMjAxNSIsInJvbGUiOiJBRE1JTiIsIl9hdXRoX3VzZXJfaWQiOiIyIiwiX2F1dGhfdXNlcl9oYXNoIjoiMmY4ZDhmNTcxY2VjMzc1NGQ4MjhmZmY0NTM5ODViMWI0ZTJlNzJkZiJ9','2015-09-16 08:26:24.662830'),('d0mnc8yzrel84pm15rda7r1xo04kosgs','MGQwNjk2ZjcwZDViMjIxNDdhNjgzZDA3NjFlNDk1OTk1NTY2NmEyMDp7fQ==','2015-07-01 14:26:20.341880'),('d14rz1s1njyjch6lgiyb2to7424f1m87','MGQwNjk2ZjcwZDViMjIxNDdhNjgzZDA3NjFlNDk1OTk1NTY2NmEyMDp7fQ==','2015-07-01 11:01:12.017724'),('d69k07xl0rfwllwsmvf3z8kirqe3i0xp','MmU5OWM5ZTU4YWE4NjIyNzI2YmYwZmU0ZWFlMDBhZjZhNmJlZmZkOTp7Il9hdXRoX3VzZXJfaWQiOiI0Iiwicm9sZSI6IkFETUlOIiwiX2F1dGhfdXNlcl9oYXNoIjoiYmI1ZTZhZGY2M2FhZDYyNDgwNGM0Y2Y3MWI5NWZjN2I2MmVmYmJjOCIsInBhc3N3b3JkIjoic21vQDIwMTUiLCJfYXV0aF91c2VyX2JhY2tlbmQiOiJkamFuZ29fYXV0aF9sZGFwLmJhY2tlbmQuTERBUEJhY2tlbmQiLCJsb2dpbiI6ImlwcG9sZiJ9','2015-09-24 16:07:46.857099'),('d6gqw7uch7a00n1f8chv9u2vevnt3cu0','MjQzNmI2NDA4YTlkZDg4NDBlYzhhODU4ZmRiYWI2NDlmNmEwNTllZDp7ImxvZ2luIjoiY29sb214IiwiX2F1dGhfdXNlcl9pZCI6IjIiLCJwYXNzd29yZCI6InNtb0AyMDE1IiwiX2F1dGhfdXNlcl9iYWNrZW5kIjoiZGphbmdvX2F1dGhfbGRhcC5iYWNrZW5kLkxEQVBCYWNrZW5kIiwicm9sZSI6IkFETUlOIiwiX2F1dGhfdXNlcl9oYXNoIjoiMmY4ZDhmNTcxY2VjMzc1NGQ4MjhmZmY0NTM5ODViMWI0ZTJlNzJkZiJ9','2015-09-21 16:12:29.484024'),('d896fyq0rhrrdkqualu3raakzc89dfhw','MGQwNjk2ZjcwZDViMjIxNDdhNjgzZDA3NjFlNDk1OTk1NTY2NmEyMDp7fQ==','2015-06-30 14:12:45.891560'),('dblf21274dyj6r4nbspxx065zays3ma0','OTVkMzM4MjdhNTRiZWVkZTkzZTU5MmMxYWNmMmE2MDI3ZTljOGY3NTp7InBhc3N3b3JkIjoic21vQDIwMTUiLCJyb2xlIjoiQURNSU4iLCJfYXV0aF91c2VyX2JhY2tlbmQiOiJkamFuZ29fYXV0aF9sZGFwLmJhY2tlbmQuTERBUEJhY2tlbmQiLCJfYXV0aF91c2VyX2hhc2giOiJiYjVlNmFkZjYzYWFkNjI0ODA0YzRjZjcxYjk1ZmM3YjYyZWZiYmM4IiwiX2F1dGhfdXNlcl9pZCI6IjQiLCJsb2dpbiI6ImlwcG9sZiJ9','2015-09-04 09:19:21.523240'),('ddr75cl7ro3un9xmbp70xb7ug5if6qxn','ZDU5MjU5Zjg5MmFiMmU3Njk1YmE1YzIyYzQyNWNlODYwN2M0YWFiODp7ImxvZ2luIjoiQ09MT01YIiwiX2F1dGhfdXNlcl9iYWNrZW5kIjoiZGphbmdvX2F1dGhfbGRhcC5iYWNrZW5kLkxEQVBCYWNrZW5kIiwiX2F1dGhfdXNlcl9oYXNoIjoiMmY4ZDhmNTcxY2VjMzc1NGQ4MjhmZmY0NTM5ODViMWI0ZTJlNzJkZiIsIl9hdXRoX3VzZXJfaWQiOiIyIn0=','2015-07-17 14:08:33.277029'),('dlfiyqyywtp3k0597mgab29ct779i12r','MzdiMDNkMGExOTE0MDExZTU5NzFiNDc5ZGJkNDllZmU4YWNkMmYwMjp7ImxvZ2luIjoiY29sb214IiwiX2F1dGhfdXNlcl9iYWNrZW5kIjoiZGphbmdvX2F1dGhfbGRhcC5iYWNrZW5kLkxEQVBCYWNrZW5kIiwicGFzc3dvcmQiOiJzbW9AMjAxNSIsIl9hdXRoX3VzZXJfaWQiOiIyIiwiX2F1dGhfdXNlcl9oYXNoIjoiMmY4ZDhmNTcxY2VjMzc1NGQ4MjhmZmY0NTM5ODViMWI0ZTJlNzJkZiIsInJvbGUiOiJBRE1JTiJ9','2015-09-22 09:47:46.261086'),('dn6xe7ygzno6lno64wiamkwirqv1xxx5','OWZmYzFiOGFhZTBiNTgzOWQ3YzZlYWE3NDM1NzM5Y2NmNjNiNmYwYzp7Il9hdXRoX3VzZXJfaWQiOiI0IiwiX2F1dGhfdXNlcl9iYWNrZW5kIjoiZGphbmdvX2F1dGhfbGRhcC5iYWNrZW5kLkxEQVBCYWNrZW5kIiwicm9sZSI6IkFETUlOIiwicGFzc3dvcmQiOiJzbW9AMjAxNSIsImxvZ2luIjoiaXBwb2xmIiwiX2F1dGhfdXNlcl9oYXNoIjoiYmI1ZTZhZGY2M2FhZDYyNDgwNGM0Y2Y3MWI5NWZjN2I2MmVmYmJjOCJ9','2015-12-11 12:18:19.221964'),('dr10vhrh5mxot11dfbb6otl1nmmpw9vu','MGQwNjk2ZjcwZDViMjIxNDdhNjgzZDA3NjFlNDk1OTk1NTY2NmEyMDp7fQ==','2015-08-25 16:53:52.437912'),('dr5hj9hi15nzoszb5zs6lbvymk4x6u0d','MGQwNjk2ZjcwZDViMjIxNDdhNjgzZDA3NjFlNDk1OTk1NTY2NmEyMDp7fQ==','2015-09-18 08:15:35.855259'),('drt8pr1o91oqdp8zn75xxs5jhz86gofa','YTc2YzQ2NjE2MmQyNDFiZGRiYzFmNzEzOTk3MjI1ODg4YmZlZGI2ZTp7InJvbGUiOiJBRE1JTiIsImxvZ2luIjoiaXBwb2xmIiwiX2F1dGhfdXNlcl9pZCI6IjQiLCJwYXNzd29yZCI6InNtb0AyMDE1IiwiX2F1dGhfdXNlcl9oYXNoIjoiYmI1ZTZhZGY2M2FhZDYyNDgwNGM0Y2Y3MWI5NWZjN2I2MmVmYmJjOCIsIl9hdXRoX3VzZXJfYmFja2VuZCI6ImRqYW5nb19hdXRoX2xkYXAuYmFja2VuZC5MREFQQmFja2VuZCJ9','2015-09-07 08:22:01.186615'),('dsooqr2wvxqoqslzqy6tbxknt6mzqf2d','NTcxYWJhZjc4YThmZjgyODk5NDMwOTBlNzY0YmY4NzVlODI5NzFiYzp7Il9hdXRoX3VzZXJfYmFja2VuZCI6ImRqYW5nb19hdXRoX2xkYXAuYmFja2VuZC5MREFQQmFja2VuZCIsIl9hdXRoX3VzZXJfaGFzaCI6ImJiNWU2YWRmNjNhYWQ2MjQ4MDRjNGNmNzFiOTVmYzdiNjJlZmJiYzgiLCJyb2xlIjoiQURNSU4iLCJwYXNzd29yZCI6InNtb0AyMDE1IiwiX2F1dGhfdXNlcl9pZCI6IjQiLCJsb2dpbiI6ImlwcG9sZiJ9','2015-11-13 14:30:19.156093'),('dvkwou5l7y2zz2il7pzo2t9lk601mctk','ZWEyOTZkMTg2OGFlYTljMzA3NGExN2QyNjM4NzEwZDc4ODdhY2JmMTp7InBhc3N3b3JkIjoic21vQDIwMTUiLCJfYXV0aF91c2VyX2JhY2tlbmQiOiJkamFuZ29fYXV0aF9sZGFwLmJhY2tlbmQuTERBUEJhY2tlbmQiLCJfYXV0aF91c2VyX2lkIjoiNCIsImxvZ2luIjoiaXBwb2xmIiwiX2F1dGhfdXNlcl9oYXNoIjoiYmI1ZTZhZGY2M2FhZDYyNDgwNGM0Y2Y3MWI5NWZjN2I2MmVmYmJjOCIsInJvbGUiOiJBRE1JTiJ9','2015-08-31 11:10:12.061850'),('dvn1enn7yanyo06jmy8fsk7ieeyy4iat','OWIyOGI5MDhmN2Q0MjFhZWZhYjA0MjU1ZmVlMjVlZmIyMDM0MTZhNzp7ImxvZ2luIjoiaXBwb2xmIiwiX2F1dGhfdXNlcl9pZCI6IjQiLCJwYXNzd29yZCI6InNtb0AyMDE1IiwiX2F1dGhfdXNlcl9iYWNrZW5kIjoiZGphbmdvX2F1dGhfbGRhcC5iYWNrZW5kLkxEQVBCYWNrZW5kIiwicm9sZSI6IkFETUlOIiwiX2F1dGhfdXNlcl9oYXNoIjoiYmI1ZTZhZGY2M2FhZDYyNDgwNGM0Y2Y3MWI5NWZjN2I2MmVmYmJjOCJ9','2015-12-10 17:03:59.031920'),('dwyhn8xe25suh5c1lluhdry7c23a85s4','ZmM5NDI2OWU5OGU2NWJkZjNiYjllOGIyNTIwY2NkNGYzOTE0OTNlZDp7Il9hdXRoX3VzZXJfaGFzaCI6IjJmOGQ4ZjU3MWNlYzM3NTRkODI4ZmZmNDUzOTg1YjFiNGUyZTcyZGYiLCJsb2dpbiI6IkNPTE9NWCIsIl9hdXRoX3VzZXJfYmFja2VuZCI6ImRqYW5nb19hdXRoX2xkYXAuYmFja2VuZC5MREFQQmFja2VuZCIsIl9hdXRoX3VzZXJfaWQiOiIyIn0=','2015-07-30 10:01:52.918037'),('e1u6q0nqguq9g9wga84xmc9hoxouc8gb','Y2I1MzhjMTg3MTUyNWE0YWY2MmIwYzNiODA5OTFiZGNjNWUwMmM0Mzp7InBhc3N3b3JkIjoic21vQDIwMTUiLCJfYXV0aF91c2VyX2lkIjoiNCIsInJvbGUiOiJBRE1JTiIsIl9hdXRoX3VzZXJfaGFzaCI6ImJiNWU2YWRmNjNhYWQ2MjQ4MDRjNGNmNzFiOTVmYzdiNjJlZmJiYzgiLCJfYXV0aF91c2VyX2JhY2tlbmQiOiJkamFuZ29fYXV0aF9sZGFwLmJhY2tlbmQuTERBUEJhY2tlbmQiLCJsb2dpbiI6ImlwcG9sZiJ9','2015-11-20 12:15:28.916649'),('e26t8oxdvwkbp9m2dyk1a85ferkysr5g','M2ViNWFjNjE0MjVkNjg0YmY5NGM0ZWQ4OWRkZjZkOGMzMTMzY2QyZjp7InJvbGUiOiJBRE1JTiIsImxvZ2luIjoiaXBwb2xmIiwiX2F1dGhfdXNlcl9oYXNoIjoiYmI1ZTZhZGY2M2FhZDYyNDgwNGM0Y2Y3MWI5NWZjN2I2MmVmYmJjOCIsInBhc3N3b3JkIjoic21vQDIwMTUiLCJfYXV0aF91c2VyX2lkIjoiNCIsIl9hdXRoX3VzZXJfYmFja2VuZCI6ImRqYW5nb19hdXRoX2xkYXAuYmFja2VuZC5MREFQQmFja2VuZCJ9','2015-12-14 18:40:36.304780'),('e29a619nn4cnlojto1dd4c4vmt5z9wcc','Mzk4Nzg2YTMyMjM4NDkwYjRmYTk3ZWE2NWE1NDY0N2NiOTVkMTJlYjp7Il9hdXRoX3VzZXJfaGFzaCI6ImJiNWU2YWRmNjNhYWQ2MjQ4MDRjNGNmNzFiOTVmYzdiNjJlZmJiYzgiLCJfYXV0aF91c2VyX2lkIjoiNCIsInBhc3N3b3JkIjoic21vQDIwMTUiLCJsb2dpbiI6ImlwcG9sZiIsIl9hdXRoX3VzZXJfYmFja2VuZCI6ImRqYW5nb19hdXRoX2xkYXAuYmFja2VuZC5MREFQQmFja2VuZCIsInJvbGUiOiJBRE1JTiJ9','2015-10-21 12:58:33.264590'),('e53itnwowhmj2v9jrxiqhdvetarkhv55','OTFlYmRiNzI3OTE0NzFmNTg0MzE4YjU2NGY0MzJiZWRiNzg4N2I2Mzp7Il9hdXRoX3VzZXJfaGFzaCI6ImJiNWU2YWRmNjNhYWQ2MjQ4MDRjNGNmNzFiOTVmYzdiNjJlZmJiYzgiLCJfYXV0aF91c2VyX2lkIjoiNCIsImxvZ2luIjoiSVBQT0xGIiwiX2F1dGhfdXNlcl9iYWNrZW5kIjoiZGphbmdvX2F1dGhfbGRhcC5iYWNrZW5kLkxEQVBCYWNrZW5kIn0=','2015-07-01 16:12:28.348778'),('e6zkx0rya107v30jf8ebg4gbnig7291a','ZGU4YWZiY2E0NmI4OTZhZGEwYTBhNjBjMWQ2ZjMwNWNjZDcyOGJmNzp7Il9hdXRoX3VzZXJfaGFzaCI6ImJiNWU2YWRmNjNhYWQ2MjQ4MDRjNGNmNzFiOTVmYzdiNjJlZmJiYzgiLCJyb2xlIjoiQURNSU4iLCJfYXV0aF91c2VyX2lkIjoiNCIsImxvZ2luIjoiaXBwb2xmIiwicGFzc3dvcmQiOiJzbW9AMjAxNSIsIl9hdXRoX3VzZXJfYmFja2VuZCI6ImRqYW5nb19hdXRoX2xkYXAuYmFja2VuZC5MREFQQmFja2VuZCJ9','2015-11-18 17:03:38.897398'),('e82m6wsfr5jyeo1jmaavq45rynhif2db','MGY5MjQyOGVjYzViMmI5NjJiNWMwZjZiZGI0ODdkMWVhY2M5NWY5Mjp7Il9hdXRoX3VzZXJfaGFzaCI6ImJiNWU2YWRmNjNhYWQ2MjQ4MDRjNGNmNzFiOTVmYzdiNjJlZmJiYzgiLCJwYXNzd29yZCI6InNtb0AyMDE1IiwiX2F1dGhfdXNlcl9iYWNrZW5kIjoiZGphbmdvX2F1dGhfbGRhcC5iYWNrZW5kLkxEQVBCYWNrZW5kIiwibG9naW4iOiJpcHBvbGYiLCJyb2xlIjoiQURNSU4iLCJfYXV0aF91c2VyX2lkIjoiNCJ9','2015-09-09 16:10:23.315488'),('e8gfvwif22x37metw7tx3hxfstokus7q','MGQwNjk2ZjcwZDViMjIxNDdhNjgzZDA3NjFlNDk1OTk1NTY2NmEyMDp7fQ==','2015-06-30 13:40:50.215308'),('e8p8h5dbsm1yg2q3empa1k572ifst48f','MGQwNjk2ZjcwZDViMjIxNDdhNjgzZDA3NjFlNDk1OTk1NTY2NmEyMDp7fQ==','2015-08-28 15:34:05.305086'),('ec1r6p17vo2zishj0evq35t62gxszh55','MjI4ZDM0MjUxZTZkYjBkN2FlODc1YTJmMWQ1Y2FkNzVjMmUzM2Y0Mjp7Il9hdXRoX3VzZXJfYmFja2VuZCI6ImRqYW5nb19hdXRoX2xkYXAuYmFja2VuZC5MREFQQmFja2VuZCIsInBhc3N3b3JkIjoic21vQDIwMTUiLCJsb2dpbiI6ImlwcG9sZiIsInJvbGUiOiJBRE1JTiIsIl9hdXRoX3VzZXJfaGFzaCI6ImJiNWU2YWRmNjNhYWQ2MjQ4MDRjNGNmNzFiOTVmYzdiNjJlZmJiYzgiLCJfYXV0aF91c2VyX2lkIjoiNCJ9','2015-10-15 08:51:56.418406'),('ecjcwvtmwv6xt0p3ypz85xq2c5xka12o','ZWFhZjc0NDdiZTE3OGUwZjVmODRmZjJkYzQ5NGNjMTQ5M2UwN2IyNDp7Il9hdXRoX3VzZXJfYmFja2VuZCI6ImRqYW5nb19hdXRoX2xkYXAuYmFja2VuZC5MREFQQmFja2VuZCIsInJvbGUiOiJBRE1JTiIsImxvZ2luIjoiY29sb214IiwiX2F1dGhfdXNlcl9oYXNoIjoiMmY4ZDhmNTcxY2VjMzc1NGQ4MjhmZmY0NTM5ODViMWI0ZTJlNzJkZiIsInBhc3N3b3JkIjoic21vQDIwMTUiLCJfYXV0aF91c2VyX2lkIjoiMiJ9','2015-09-08 08:57:02.395288'),('ed1ckxdnk7a91zuxugyhdqv6sdzyvkhd','MGQwNjk2ZjcwZDViMjIxNDdhNjgzZDA3NjFlNDk1OTk1NTY2NmEyMDp7fQ==','2015-07-14 13:48:33.484430'),('eec29xa0qqgrdo5ds6h72fq28lbhd4uf','MGQwNjk2ZjcwZDViMjIxNDdhNjgzZDA3NjFlNDk1OTk1NTY2NmEyMDp7fQ==','2015-07-01 14:45:15.661412'),('eecn8c1zv6uvgqldzpb4eo54buizabt4','ODY0OGQwZjM1NmQ1YWNkMTkwZGMzNTg1Y2ViZmM1ODcxMjc5NmRmMDp7InJvbGUiOiJBRE1JTiIsImxvZ2luIjoiaXBwb2xmIiwiX2F1dGhfdXNlcl9pZCI6IjQiLCJfYXV0aF91c2VyX2hhc2giOiJiYjVlNmFkZjYzYWFkNjI0ODA0YzRjZjcxYjk1ZmM3YjYyZWZiYmM4IiwicGFzc3dvcmQiOiJzbW9AMjAxNSIsIl9hdXRoX3VzZXJfYmFja2VuZCI6ImRqYW5nb19hdXRoX2xkYXAuYmFja2VuZC5MREFQQmFja2VuZCJ9','2015-10-05 16:15:08.375618'),('eg037tg8hooffhrnmgi5rw25m3c8qmf0','OTM4M2EzZjA4YjkyNzFiMjZhNzRkZDYwYmE0MjZiODNiOTU2NGZkZjp7InBhc3N3b3JkIjoic21vQDIwMTUiLCJfYXV0aF91c2VyX2JhY2tlbmQiOiJkamFuZ29fYXV0aF9sZGFwLmJhY2tlbmQuTERBUEJhY2tlbmQiLCJfYXV0aF91c2VyX2hhc2giOiJiYjVlNmFkZjYzYWFkNjI0ODA0YzRjZjcxYjk1ZmM3YjYyZWZiYmM4IiwibG9naW4iOiJpcHBvbGYiLCJyb2xlIjoiQURNSU4iLCJfYXV0aF91c2VyX2lkIjoiNCJ9','2015-11-12 09:23:29.996178'),('ej1pdj7o88qt9645plew13eil57su7fs','MGQwNjk2ZjcwZDViMjIxNDdhNjgzZDA3NjFlNDk1OTk1NTY2NmEyMDp7fQ==','2015-06-26 10:59:57.192671'),('ejruuw7ik3zjlbxp1n4rl0wep3cniz8p','ZTMyYjU4NzhkZGI2MGEyNTcwNDdkODdjMTkwM2MzMmIyZTQ0MDMwYzp7ImxvZ2luIjoiQ09MT01YIiwiX2F1dGhfdXNlcl9oYXNoIjoiMmY4ZDhmNTcxY2VjMzc1NGQ4MjhmZmY0NTM5ODViMWI0ZTJlNzJkZiIsIl9hdXRoX3VzZXJfYmFja2VuZCI6ImRqYW5nb19hdXRoX2xkYXAuYmFja2VuZC5MREFQQmFja2VuZCIsIl9hdXRoX3VzZXJfaWQiOiIyIn0=','2015-07-28 09:26:44.179651'),('ejz2pcs0lefuwdcom90dtlgcyno7xm6n','MGQwNjk2ZjcwZDViMjIxNDdhNjgzZDA3NjFlNDk1OTk1NTY2NmEyMDp7fQ==','2015-11-09 10:22:17.579462'),('epiznlat3i6mv7jp55ksmnaq7ns6s0m3','MGQwNjk2ZjcwZDViMjIxNDdhNjgzZDA3NjFlNDk1OTk1NTY2NmEyMDp7fQ==','2015-07-02 07:52:06.067882'),('eqgxenfeot2qj1yy8x02ku9ytf51ceio','YTJhZGY5YTVlNDBiODk2NzIxODQ3NTQ4NTIxMWQwY2ViNTNiOTA3MTp7Il9hdXRoX3VzZXJfYmFja2VuZCI6ImRqYW5nb19hdXRoX2xkYXAuYmFja2VuZC5MREFQQmFja2VuZCIsInBhc3N3b3JkIjoic21vQDIwMTUiLCJfYXV0aF91c2VyX2hhc2giOiJiYjVlNmFkZjYzYWFkNjI0ODA0YzRjZjcxYjk1ZmM3YjYyZWZiYmM4Iiwicm9sZSI6IkFETUlOIiwiX2F1dGhfdXNlcl9pZCI6IjQiLCJsb2dpbiI6ImlwcG9sZiJ9','2015-11-25 16:08:32.556999'),('eryx5lw28x632mlwczhtks52s30qzlgt','NWM4MmQ2ZmJiZmRlYWYwYmFjOTY4MWUzYmZmNzVmYWRkZWFkOGNjNzp7ImxvZ2luIjoiSVBQT0xGIiwiX2F1dGhfdXNlcl9pZCI6IjQiLCJfYXV0aF91c2VyX2hhc2giOiJiYjVlNmFkZjYzYWFkNjI0ODA0YzRjZjcxYjk1ZmM3YjYyZWZiYmM4IiwiX2F1dGhfdXNlcl9iYWNrZW5kIjoiZGphbmdvX2F1dGhfbGRhcC5iYWNrZW5kLkxEQVBCYWNrZW5kIn0=','2015-07-29 13:18:34.621088'),('eut831tfat55rgetbvfo1n71ris8zowk','YWQ3NWU1MjJlMjQzNDllNzZkNzBmNTZhNjIwOGM0Yzk0ZjkxYTMwZjp7InJvbGUiOiJBRE1JTiIsIl9hdXRoX3VzZXJfaGFzaCI6IjJmOGQ4ZjU3MWNlYzM3NTRkODI4ZmZmNDUzOTg1YjFiNGUyZTcyZGYiLCJfYXV0aF91c2VyX2JhY2tlbmQiOiJkamFuZ29fYXV0aF9sZGFwLmJhY2tlbmQuTERBUEJhY2tlbmQiLCJfYXV0aF91c2VyX2lkIjoiMiIsImxvZ2luIjoiY29sb214IiwicGFzc3dvcmQiOiJzbW9AMjAxNSJ9','2015-11-06 09:06:25.922438'),('ev143n7880sjufvh42mlvk65ys7mg8pe','MGQwNjk2ZjcwZDViMjIxNDdhNjgzZDA3NjFlNDk1OTk1NTY2NmEyMDp7fQ==','2015-10-30 10:15:05.507475'),('exyaq2bo58d1os4784mdla1vqnsgo21j','NzgwZDkzZWExYmZjYzE0OGVhNDY4MDA5Y2ZiNjAyZjJjZGNkZjcwMDp7Il9hdXRoX3VzZXJfYmFja2VuZCI6ImRqYW5nb19hdXRoX2xkYXAuYmFja2VuZC5MREFQQmFja2VuZCIsIl9hdXRoX3VzZXJfaGFzaCI6IjJmOGQ4ZjU3MWNlYzM3NTRkODI4ZmZmNDUzOTg1YjFiNGUyZTcyZGYiLCJfYXV0aF91c2VyX2lkIjoiMiIsImxvZ2luIjoiQ09MT01YIn0=','2015-06-30 16:13:46.185544'),('ez6kbefmv51ucxdxdia71bjjunhghikw','OWZjZTBhODcwNGNiMmMyNjY1OTZiOTljMTQyNjNkYTllNjBhM2FlMTp7Il9hdXRoX3VzZXJfYmFja2VuZCI6ImRqYW5nb19hdXRoX2xkYXAuYmFja2VuZC5MREFQQmFja2VuZCIsIl9hdXRoX3VzZXJfaGFzaCI6ImJiNWU2YWRmNjNhYWQ2MjQ4MDRjNGNmNzFiOTVmYzdiNjJlZmJiYzgiLCJfYXV0aF91c2VyX2lkIjoiNCIsInJvbGUiOiJBRE1JTiIsInBhc3N3b3JkIjoic21vQDIwMTUiLCJsb2dpbiI6ImlwcG9sZiJ9','2015-11-27 12:22:43.949230'),('ezukoro5h1hrohf08st3vmrdftrdjq31','Mzg5NzVmOGNiNmNlMzU0NTc1YjQ1NzQ3OGJiMTc2ZmYzMjA5ZTE2OTp7InJvbGUiOiJBRE1JTiIsInBhc3N3b3JkIjoic21vQDIwMTUiLCJfYXV0aF91c2VyX2lkIjoiMiIsIl9hdXRoX3VzZXJfYmFja2VuZCI6ImRqYW5nb19hdXRoX2xkYXAuYmFja2VuZC5MREFQQmFja2VuZCIsImxvZ2luIjoiY29sb214IiwiX2F1dGhfdXNlcl9oYXNoIjoiMmY4ZDhmNTcxY2VjMzc1NGQ4MjhmZmY0NTM5ODViMWI0ZTJlNzJkZiJ9','2015-09-23 11:06:07.535881'),('f76sisssvjlwuuu5ue90ki2h8g8h1qkv','NDgyYzg2ZTZhYTMyMDEyYzg2MDJkYjJmYzdkOGVjYjE0MmMzYTA0Njp7InJvbGUiOiJBRE1JTiIsImxvZ2luIjoiY29sb214IiwicGFzc3dvcmQiOiJzbW9AMjAxNSIsIl9hdXRoX3VzZXJfaWQiOiIyIiwiX2F1dGhfdXNlcl9iYWNrZW5kIjoiZGphbmdvX2F1dGhfbGRhcC5iYWNrZW5kLkxEQVBCYWNrZW5kIiwiX2F1dGhfdXNlcl9oYXNoIjoiMmY4ZDhmNTcxY2VjMzc1NGQ4MjhmZmY0NTM5ODViMWI0ZTJlNzJkZiJ9','2015-10-30 14:22:02.374740'),('f86kjyepr3ux2kujbczkoxg9pdi5h764','MGE5N2FjZGI4OWI2ZTU3MGM4MzA0ZWYwYTdmMTk0YjMyYTZmMzE0ZDp7ImxvZ2luIjoiSVBQT0xGIiwiX2F1dGhfdXNlcl9oYXNoIjoiYmI1ZTZhZGY2M2FhZDYyNDgwNGM0Y2Y3MWI5NWZjN2I2MmVmYmJjOCIsIl9hdXRoX3VzZXJfYmFja2VuZCI6ImRqYW5nb19hdXRoX2xkYXAuYmFja2VuZC5MREFQQmFja2VuZCIsIl9hdXRoX3VzZXJfaWQiOiI0In0=','2015-06-26 11:01:13.728464'),('faeo0yetgbohamyet72utdxs7ai3ahs8','MTgxNTdlNWUzZmViM2QxNWNlZjEzNWEwMTUzZTk1YTM0YWQzNjM2ODp7InBhc3N3b3JkIjoic21vQDIwMTUiLCJfYXV0aF91c2VyX2lkIjoiMiIsInJvbGUiOiJBRE1JTiIsIl9hdXRoX3VzZXJfaGFzaCI6IjJmOGQ4ZjU3MWNlYzM3NTRkODI4ZmZmNDUzOTg1YjFiNGUyZTcyZGYiLCJfYXV0aF91c2VyX2JhY2tlbmQiOiJkamFuZ29fYXV0aF9sZGFwLmJhY2tlbmQuTERBUEJhY2tlbmQiLCJsb2dpbiI6ImNvbG9teCJ9','2015-11-19 15:37:51.838075'),('farwgei5s9k1n8x8yc36ifivb735lf7s','ZTdiMDhmNGE5YTJhZTQ1NmI2ZWEwMTUwN2NjZGE1NDg0ZTU5MjM0Njp7InJvbGUiOiJBRE1JTiIsIl9hdXRoX3VzZXJfaGFzaCI6IjJmOGQ4ZjU3MWNlYzM3NTRkODI4ZmZmNDUzOTg1YjFiNGUyZTcyZGYiLCJsb2dpbiI6ImNvbG9teCIsIl9hdXRoX3VzZXJfaWQiOiIyIiwiX2F1dGhfdXNlcl9iYWNrZW5kIjoiZGphbmdvX2F1dGhfbGRhcC5iYWNrZW5kLkxEQVBCYWNrZW5kIiwicGFzc3dvcmQiOiJzbW9AMjAxNSJ9','2015-11-16 17:37:31.715917'),('fayunjuyhno7b5h2ckuhc8rsyxgvggpj','ZmM5NDI2OWU5OGU2NWJkZjNiYjllOGIyNTIwY2NkNGYzOTE0OTNlZDp7Il9hdXRoX3VzZXJfaGFzaCI6IjJmOGQ4ZjU3MWNlYzM3NTRkODI4ZmZmNDUzOTg1YjFiNGUyZTcyZGYiLCJsb2dpbiI6IkNPTE9NWCIsIl9hdXRoX3VzZXJfYmFja2VuZCI6ImRqYW5nb19hdXRoX2xkYXAuYmFja2VuZC5MREFQQmFja2VuZCIsIl9hdXRoX3VzZXJfaWQiOiIyIn0=','2015-07-24 09:00:32.267627'),('feblmxfdymuaqjk56ijepmrk63gty132','MGQwNjk2ZjcwZDViMjIxNDdhNjgzZDA3NjFlNDk1OTk1NTY2NmEyMDp7fQ==','2015-09-09 10:49:50.099564'),('ffik26f6us1j3k8r7rb4luoz8caa7cv8','MGQwNjk2ZjcwZDViMjIxNDdhNjgzZDA3NjFlNDk1OTk1NTY2NmEyMDp7fQ==','2015-07-01 11:02:20.517759'),('fg9098igq6nz369pi0pkx1knbb2m1rb1','MGQwNjk2ZjcwZDViMjIxNDdhNjgzZDA3NjFlNDk1OTk1NTY2NmEyMDp7fQ==','2015-12-15 15:25:09.507536'),('fhl8wveslhz06il01gu2iuaz52ggv67w','MTgxNTdlNWUzZmViM2QxNWNlZjEzNWEwMTUzZTk1YTM0YWQzNjM2ODp7InBhc3N3b3JkIjoic21vQDIwMTUiLCJfYXV0aF91c2VyX2lkIjoiMiIsInJvbGUiOiJBRE1JTiIsIl9hdXRoX3VzZXJfaGFzaCI6IjJmOGQ4ZjU3MWNlYzM3NTRkODI4ZmZmNDUzOTg1YjFiNGUyZTcyZGYiLCJfYXV0aF91c2VyX2JhY2tlbmQiOiJkamFuZ29fYXV0aF9sZGFwLmJhY2tlbmQuTERBUEJhY2tlbmQiLCJsb2dpbiI6ImNvbG9teCJ9','2015-11-17 12:17:50.922587'),('fr1m9kbnw6dd9xqicyknvndldgyrlnwz','MGQwNjk2ZjcwZDViMjIxNDdhNjgzZDA3NjFlNDk1OTk1NTY2NmEyMDp7fQ==','2015-10-15 08:12:26.576500'),('fr6srgryyltz6ydi63hbxo86gza6aqeu','N2Y2Njk1NWI4ODE3ZDlkMmRiODBkYmFiMGQ1MzkyNGU4MjQzMTcwODp7ImxvZ2luIjoiQ09MT01YIiwiX2F1dGhfdXNlcl9iYWNrZW5kIjoiZGphbmdvX2F1dGhfbGRhcC5iYWNrZW5kLkxEQVBCYWNrZW5kIiwiX2F1dGhfdXNlcl9pZCI6IjIiLCJfYXV0aF91c2VyX2hhc2giOiIyZjhkOGY1NzFjZWMzNzU0ZDgyOGZmZjQ1Mzk4NWIxYjRlMmU3MmRmIn0=','2015-07-01 16:18:24.259711'),('fss4xbb4l8ni8xt8p3vbb5f85he6sum3','MWE3YjljYmZjZTkyNTkxMGY3YzhkMTgyNzRmYTZlMTIyNWE3NTMyNzp7ImxvZ2luIjoiY29sb214IiwicGFzc3dvcmQiOiJzbW9AMjAxNSIsInJvbGUiOiJBRE1JTiIsIl9hdXRoX3VzZXJfaWQiOiIyIiwiX2F1dGhfdXNlcl9iYWNrZW5kIjoiZGphbmdvX2F1dGhfbGRhcC5iYWNrZW5kLkxEQVBCYWNrZW5kIiwiX2F1dGhfdXNlcl9oYXNoIjoiMmY4ZDhmNTcxY2VjMzc1NGQ4MjhmZmY0NTM5ODViMWI0ZTJlNzJkZiJ9','2015-12-04 12:17:25.216736'),('fv5r14uojs79zyu7myjswrsdxapsxrye','ZGQ2MTM3OTUzNjQwY2Q0ZGRhM2RhYTc1YjNmMmZhZmRiYzQ4ZWExZTp7Il9hdXRoX3VzZXJfYmFja2VuZCI6ImRqYW5nb19hdXRoX2xkYXAuYmFja2VuZC5MREFQQmFja2VuZCIsImxvZ2luIjoiY29sb214IiwicGFzc3dvcmQiOiJzbW9AMjAxNSIsInJvbGUiOiJBRE1JTiIsIl9hdXRoX3VzZXJfaWQiOiIyIiwiX2F1dGhfdXNlcl9oYXNoIjoiMmY4ZDhmNTcxY2VjMzc1NGQ4MjhmZmY0NTM5ODViMWI0ZTJlNzJkZiJ9','2015-09-15 16:03:45.495155'),('fwmyj5mrn8kx390mmxggz1efhcqi50ar','MGQwNjk2ZjcwZDViMjIxNDdhNjgzZDA3NjFlNDk1OTk1NTY2NmEyMDp7fQ==','2015-10-15 08:11:53.193833'),('fy1wtq8od45ynpyfzcygwgmd2o734tzy','MGQwNjk2ZjcwZDViMjIxNDdhNjgzZDA3NjFlNDk1OTk1NTY2NmEyMDp7fQ==','2015-07-01 15:39:24.902002'),('g00vlqn0cs5qcfc01aqt7mlqrfrjep6x','ZDVhNmY2ZDllZDUxZGUzYzNmY2Y3ZGRjZDA4ODM5MmE0Y2Q1ZTE0YTp7Il9hdXRoX3VzZXJfaGFzaCI6IjJmOGQ4ZjU3MWNlYzM3NTRkODI4ZmZmNDUzOTg1YjFiNGUyZTcyZGYiLCJsb2dpbiI6IkNPTE9NWCIsIl9hdXRoX3VzZXJfaWQiOiIyIiwiX2F1dGhfdXNlcl9iYWNrZW5kIjoiZGphbmdvX2F1dGhfbGRhcC5iYWNrZW5kLkxEQVBCYWNrZW5kIn0=','2015-07-20 11:13:27.946033'),('g8aa365m9zeql6iua6npolf3e0ubyg27','MGQwNjk2ZjcwZDViMjIxNDdhNjgzZDA3NjFlNDk1OTk1NTY2NmEyMDp7fQ==','2015-09-15 13:57:21.305425'),('g9fhvsvstb6gz3xqheftrw3losmph7qs','M2ViNWFjNjE0MjVkNjg0YmY5NGM0ZWQ4OWRkZjZkOGMzMTMzY2QyZjp7InJvbGUiOiJBRE1JTiIsImxvZ2luIjoiaXBwb2xmIiwiX2F1dGhfdXNlcl9oYXNoIjoiYmI1ZTZhZGY2M2FhZDYyNDgwNGM0Y2Y3MWI5NWZjN2I2MmVmYmJjOCIsInBhc3N3b3JkIjoic21vQDIwMTUiLCJfYXV0aF91c2VyX2lkIjoiNCIsIl9hdXRoX3VzZXJfYmFja2VuZCI6ImRqYW5nb19hdXRoX2xkYXAuYmFja2VuZC5MREFQQmFja2VuZCJ9','2015-11-25 10:43:42.503935'),('ge8ymx1awcec2t7dm2e8eojfpm7f7l6d','ZGU4YWZiY2E0NmI4OTZhZGEwYTBhNjBjMWQ2ZjMwNWNjZDcyOGJmNzp7Il9hdXRoX3VzZXJfaGFzaCI6ImJiNWU2YWRmNjNhYWQ2MjQ4MDRjNGNmNzFiOTVmYzdiNjJlZmJiYzgiLCJyb2xlIjoiQURNSU4iLCJfYXV0aF91c2VyX2lkIjoiNCIsImxvZ2luIjoiaXBwb2xmIiwicGFzc3dvcmQiOiJzbW9AMjAxNSIsIl9hdXRoX3VzZXJfYmFja2VuZCI6ImRqYW5nb19hdXRoX2xkYXAuYmFja2VuZC5MREFQQmFja2VuZCJ9','2015-12-09 09:00:49.214160'),('ghmsm7iro51yqwkloapu4a7i9d5305jm','MjcyZDE3ZGNlOTBjMTFhNjNmNzdlYzc4NWY5ZmE4NTc1ODg3YWVjMjp7Il9hdXRoX3VzZXJfaGFzaCI6ImJiNWU2YWRmNjNhYWQ2MjQ4MDRjNGNmNzFiOTVmYzdiNjJlZmJiYzgiLCJwYXNzd29yZCI6InNtb0AyMDE1IiwibG9naW4iOiJJUFBPTEYiLCJfYXV0aF91c2VyX2lkIjoiNCIsIl9hdXRoX3VzZXJfYmFja2VuZCI6ImRqYW5nb19hdXRoX2xkYXAuYmFja2VuZC5MREFQQmFja2VuZCJ9','2015-08-26 14:34:48.950437'),('ghyvqz4lros4ltxyn0njor84u3h0kex6','MGFjM2ZiYmZlNDVmYmZkMmU5YTc5N2RjOTBlY2MzNjAyZDg1YzVmMTp7InJvbGUiOiJBRE1JTiIsIl9hdXRoX3VzZXJfaGFzaCI6ImJiNWU2YWRmNjNhYWQ2MjQ4MDRjNGNmNzFiOTVmYzdiNjJlZmJiYzgiLCJwYXNzd29yZCI6InNtb0AyMDE1IiwiX2F1dGhfdXNlcl9iYWNrZW5kIjoiZGphbmdvX2F1dGhfbGRhcC5iYWNrZW5kLkxEQVBCYWNrZW5kIiwiX2F1dGhfdXNlcl9pZCI6IjQiLCJsb2dpbiI6ImlwcG9sZiJ9','2015-12-09 17:55:24.450660'),('gi5at99ydfvis3u87onxiaqu6zcl4861','YjZiZjQ0MDUwNGNjMzM3NThjYTBhYzU5MGFiNGMxMTQ0ZjM1YzIxNDp7ImxvZ2luIjoiaXBwb2xmIiwiX2F1dGhfdXNlcl9pZCI6IjQiLCJwYXNzd29yZCI6InNtb0AyMDE1IiwiX2F1dGhfdXNlcl9iYWNrZW5kIjoiZGphbmdvX2F1dGhfbGRhcC5iYWNrZW5kLkxEQVBCYWNrZW5kIiwiX2F1dGhfdXNlcl9oYXNoIjoiYmI1ZTZhZGY2M2FhZDYyNDgwNGM0Y2Y3MWI5NWZjN2I2MmVmYmJjOCIsInJvbGUiOiJBRE1JTiJ9','2015-11-09 14:54:29.026096'),('giwopbfj277txpfcik3vlu3uj9ey22ya','MGQwNjk2ZjcwZDViMjIxNDdhNjgzZDA3NjFlNDk1OTk1NTY2NmEyMDp7fQ==','2015-10-14 08:41:52.346807'),('gjl1wueoey6llbg6tttn8bx3bmd11oug','ZTk1Y2MxMzY1ZjI3MzVlNDZjODUxODIyY2Q3MGY4MGEzYjAyMWQ4Yjp7Il9hdXRoX3VzZXJfYmFja2VuZCI6ImRqYW5nb19hdXRoX2xkYXAuYmFja2VuZC5MREFQQmFja2VuZCIsIl9hdXRoX3VzZXJfaGFzaCI6ImJiNWU2YWRmNjNhYWQ2MjQ4MDRjNGNmNzFiOTVmYzdiNjJlZmJiYzgiLCJwYXNzd29yZCI6InNtb0AyMDE1IiwibG9naW4iOiJpcHBvbGYiLCJfYXV0aF91c2VyX2lkIjoiNCIsInJvbGUiOiJBRE1JTiJ9','2015-10-14 13:05:59.244757'),('glsue443y0z0jiciqw19hep0vy53z3x6','ZGQ5NDc1ODUwZWY3ZDUxNThiMzdiN2EyZDg0YTdlZTI3NzE3YmU1ODp7Il9hdXRoX3VzZXJfaWQiOiI0IiwiX2F1dGhfdXNlcl9iYWNrZW5kIjoiZGphbmdvX2F1dGhfbGRhcC5iYWNrZW5kLkxEQVBCYWNrZW5kIiwibG9naW4iOiJpcHBvbGYiLCJfYXV0aF91c2VyX2hhc2giOiJiYjVlNmFkZjYzYWFkNjI0ODA0YzRjZjcxYjk1ZmM3YjYyZWZiYmM4IiwicGFzc3dvcmQiOiJzbW9AMjAxNSIsInJvbGUiOiJBRE1JTiJ9','2015-11-11 11:34:08.142456'),('gm61ss7xw3k0d99wnshxd0mxrsoasylu','MGQwNjk2ZjcwZDViMjIxNDdhNjgzZDA3NjFlNDk1OTk1NTY2NmEyMDp7fQ==','2015-10-30 16:10:35.120658'),('gocwhflyiqbcu7ach5s9mhr67y9tqrzq','OGZlOWE0N2E3MGExNjNjZWRiYWZjNTEzNDFlMmUxOTIzOGI4YTkwZjp7Il9hdXRoX3VzZXJfYmFja2VuZCI6ImRqYW5nb19hdXRoX2xkYXAuYmFja2VuZC5MREFQQmFja2VuZCIsIl9hdXRoX3VzZXJfaGFzaCI6IjJmOGQ4ZjU3MWNlYzM3NTRkODI4ZmZmNDUzOTg1YjFiNGUyZTcyZGYiLCJfYXV0aF91c2VyX2lkIjoiMiIsInBhc3N3b3JkIjoic21vQDIwMTUiLCJsb2dpbiI6ImNvbG9teCIsInJvbGUiOiJBRE1JTiJ9','2015-11-24 16:40:01.914372'),('gp9lahbrcu2c8kem7zy92x6j1l6sh177','ZjAyYTg5MmViMjJjZjQwNjM3MDJhMmMyOTg4M2M4ZjEyODAxYjEwZTp7Il9hdXRoX3VzZXJfYmFja2VuZCI6ImRqYW5nb19hdXRoX2xkYXAuYmFja2VuZC5MREFQQmFja2VuZCIsInJvbGUiOiJBRE1JTiIsIl9hdXRoX3VzZXJfaWQiOiIyIiwibG9naW4iOiJjb2xvbXgiLCJfYXV0aF91c2VyX2hhc2giOiIyZjhkOGY1NzFjZWMzNzU0ZDgyOGZmZjQ1Mzk4NWIxYjRlMmU3MmRmIiwicGFzc3dvcmQiOiJzbW9AMjAxNSJ9','2015-08-27 08:50:48.331861'),('gyl2dj5ha9ymnajyyjq2oduh4nyt83x8','ZmM5NDI2OWU5OGU2NWJkZjNiYjllOGIyNTIwY2NkNGYzOTE0OTNlZDp7Il9hdXRoX3VzZXJfaGFzaCI6IjJmOGQ4ZjU3MWNlYzM3NTRkODI4ZmZmNDUzOTg1YjFiNGUyZTcyZGYiLCJsb2dpbiI6IkNPTE9NWCIsIl9hdXRoX3VzZXJfYmFja2VuZCI6ImRqYW5nb19hdXRoX2xkYXAuYmFja2VuZC5MREFQQmFja2VuZCIsIl9hdXRoX3VzZXJfaWQiOiIyIn0=','2015-07-29 09:27:39.146025'),('gzl44xrpzxdfwj8eotw1o9a9alr8qpn2','MGQwNjk2ZjcwZDViMjIxNDdhNjgzZDA3NjFlNDk1OTk1NTY2NmEyMDp7fQ==','2015-07-01 09:51:21.035269'),('h74iojmcuugzdwda7i33dgb3aaqucp16','YTM4NTQ4NjY5N2Q3MTRmYmUzOGQzMWIyNjEzMDI1ZDM5MDkzZDBmZTp7InBhc3N3b3JkIjoic21vQDIwMTUiLCJfYXV0aF91c2VyX2JhY2tlbmQiOiJkamFuZ29fYXV0aF9sZGFwLmJhY2tlbmQuTERBUEJhY2tlbmQiLCJyb2xlIjoiQURNSU4iLCJfYXV0aF91c2VyX2hhc2giOiIyZjhkOGY1NzFjZWMzNzU0ZDgyOGZmZjQ1Mzk4NWIxYjRlMmU3MmRmIiwiX2F1dGhfdXNlcl9pZCI6IjIiLCJsb2dpbiI6ImNvbG9teCJ9','2015-11-24 16:35:05.732798'),('hcbnk0zv0x97n131cyxsh1o3extlxvzh','MGQwNjk2ZjcwZDViMjIxNDdhNjgzZDA3NjFlNDk1OTk1NTY2NmEyMDp7fQ==','2015-07-01 11:02:29.091884'),('he54wovvlp23we8817txbfb4miik9506','YmY2MzUyMjBhNzhiY2UzMmI5NDExMmYxYjRmNDYxZTFmMWUzNGUxNzp7Il9hdXRoX3VzZXJfYmFja2VuZCI6ImRqYW5nb19hdXRoX2xkYXAuYmFja2VuZC5MREFQQmFja2VuZCIsIl9hdXRoX3VzZXJfaGFzaCI6IjJmOGQ4ZjU3MWNlYzM3NTRkODI4ZmZmNDUzOTg1YjFiNGUyZTcyZGYiLCJsb2dpbiI6IkNPTE9NWCIsIl9hdXRoX3VzZXJfaWQiOiIyIn0=','2015-06-24 15:43:06.437341'),('hhtvg3tmqo4e4l6tycu9eptop7tfcdhu','MGQwNjk2ZjcwZDViMjIxNDdhNjgzZDA3NjFlNDk1OTk1NTY2NmEyMDp7fQ==','2015-11-09 09:38:59.940429'),('hialpri8wrsehl8r83ovyz0mrebvz60g','ZDM3YzZmZWViMzMxOTlhZjE4ZTZjZGYzZTk1NzIzN2EzMDQ0YjgyMDp7Il9hdXRoX3VzZXJfaGFzaCI6ImJiNWU2YWRmNjNhYWQ2MjQ4MDRjNGNmNzFiOTVmYzdiNjJlZmJiYzgiLCJfYXV0aF91c2VyX2JhY2tlbmQiOiJkamFuZ29fYXV0aF9sZGFwLmJhY2tlbmQuTERBUEJhY2tlbmQiLCJfYXV0aF91c2VyX2lkIjoiNCIsImxvZ2luIjoiaXBwb2xmIiwicGFzc3dvcmQiOiJzbW9AMjAxNSIsInJvbGUiOiJBRE1JTiJ9','2015-10-13 11:21:03.872831'),('hn4r3lhop4x6ds2la3hs8fxso5onsitg','MGMzMzI4OWQ5OWQ1MDQ1Y2FiOTM1NGE0NGJmMzdhZDNlMDI1YjYyMTp7Il9hdXRoX3VzZXJfaGFzaCI6ImJiNWU2YWRmNjNhYWQ2MjQ4MDRjNGNmNzFiOTVmYzdiNjJlZmJiYzgiLCJwYXNzd29yZCI6InNtb0AyMDE1IiwiX2F1dGhfdXNlcl9iYWNrZW5kIjoiZGphbmdvX2F1dGhfbGRhcC5iYWNrZW5kLkxEQVBCYWNrZW5kIiwiX2F1dGhfdXNlcl9pZCI6IjQiLCJsb2dpbiI6ImlwcG9sZiIsInJvbGUiOiJBRE1JTiJ9','2015-09-01 10:42:28.528045'),('hrjd8dmqdoby93gie17crz25le0sgj5e','NWFhMmY1YTAyNWYyODk2NTQ5NjBlMGIyNDQ4NGEwOTdiMGU4MTQ1NDp7InJvbGUiOiJBRE1JTiIsImxvZ2luIjoiY29sb214IiwiX2F1dGhfdXNlcl9pZCI6IjIiLCJwYXNzd29yZCI6InNtb0AyMDE1IiwiX2F1dGhfdXNlcl9oYXNoIjoiMmY4ZDhmNTcxY2VjMzc1NGQ4MjhmZmY0NTM5ODViMWI0ZTJlNzJkZiIsIl9hdXRoX3VzZXJfYmFja2VuZCI6ImRqYW5nb19hdXRoX2xkYXAuYmFja2VuZC5MREFQQmFja2VuZCJ9','2015-09-04 11:27:22.930337'),('hvu4jzk6qsuk3xozh3msbok3kfid8u58','ZWQ4NjBkNzhkNDNjODkwYzcyMWNkNGMyZjZkYjA4ZjY3Mzk1NDE0Yzp7Il9hdXRoX3VzZXJfYmFja2VuZCI6ImRqYW5nb19hdXRoX2xkYXAuYmFja2VuZC5MREFQQmFja2VuZCIsIl9hdXRoX3VzZXJfaWQiOiI0IiwicGFzc3dvcmQiOiJzbW9AMjAxNSIsIl9hdXRoX3VzZXJfaGFzaCI6ImJiNWU2YWRmNjNhYWQ2MjQ4MDRjNGNmNzFiOTVmYzdiNjJlZmJiYzgiLCJsb2dpbiI6ImlwcG9sZiIsInJvbGUiOiJBRE1JTiJ9','2015-11-24 15:05:27.989243'),('i42y4biqbnjp0n7f0uysomsoj1s27d89','MGQwNjk2ZjcwZDViMjIxNDdhNjgzZDA3NjFlNDk1OTk1NTY2NmEyMDp7fQ==','2015-07-16 08:32:45.216131'),('i4wpvygel8om1q32is35pcluj6ov9oih','MGQwNjk2ZjcwZDViMjIxNDdhNjgzZDA3NjFlNDk1OTk1NTY2NmEyMDp7fQ==','2015-07-01 14:03:56.453889'),('i6cz5oi9zunlmsdwlaghh7bu6pzufdy5','MGQwNjk2ZjcwZDViMjIxNDdhNjgzZDA3NjFlNDk1OTk1NTY2NmEyMDp7fQ==','2015-11-03 16:45:04.399706'),('i85l38urvmg2c0jpa775c8gkfvl9xbcf','ODg4MjM0MmJhNTkxMmFmNTljMDkyMjYxNTQ5NTMyNjMwZWIwMzc1Yzp7ImxvZ2luIjoiaXBwb2xmIiwiX2F1dGhfdXNlcl9pZCI6IjQiLCJwYXNzd29yZCI6InNtb0AyMDE1IiwiX2F1dGhfdXNlcl9oYXNoIjoiYmI1ZTZhZGY2M2FhZDYyNDgwNGM0Y2Y3MWI5NWZjN2I2MmVmYmJjOCIsIl9hdXRoX3VzZXJfYmFja2VuZCI6ImRqYW5nb19hdXRoX2xkYXAuYmFja2VuZC5MREFQQmFja2VuZCIsInJvbGUiOiJBRE1JTiJ9','2015-09-10 10:47:11.995542'),('i8oqm23py4mulvsrcn4cbkqk20e8vqq4','MGQwNjk2ZjcwZDViMjIxNDdhNjgzZDA3NjFlNDk1OTk1NTY2NmEyMDp7fQ==','2015-07-01 11:02:20.572564'),('i9c0tkocvw1cv7y4h3smbaiesv1cur8p','MGQwNjk2ZjcwZDViMjIxNDdhNjgzZDA3NjFlNDk1OTk1NTY2NmEyMDp7fQ==','2015-07-01 10:59:06.265464'),('iaayc3sz944dq0704nf5b4mwzzhnsa09','MzQ4ODJjODk2YTk5YjVhNzNhNmY4NGEzN2YzOWRlZTA3ODFjOGI4Yjp7InBhc3N3b3JkIjoic21vQDIwMTUiLCJfYXV0aF91c2VyX2lkIjoiNCIsInJvbGUiOiJBRE1JTiIsIl9hdXRoX3VzZXJfYmFja2VuZCI6ImRqYW5nb19hdXRoX2xkYXAuYmFja2VuZC5MREFQQmFja2VuZCIsImxvZ2luIjoiaXBwb2xmIiwiX2F1dGhfdXNlcl9oYXNoIjoiYmI1ZTZhZGY2M2FhZDYyNDgwNGM0Y2Y3MWI5NWZjN2I2MmVmYmJjOCJ9','2015-11-12 12:08:44.413491'),('icdqgv7rlea4zgb4sth7bgnxd36wt37q','NTU1NTA5NDQwMGIyYTk4ZTRiODA1YWQ5Mzg3Yzg4YzY2NDJmMDg5MDp7InBhc3N3b3JkIjoic21vQDIwMTUiLCJfYXV0aF91c2VyX2lkIjoiNCIsInJvbGUiOiJBRE1JTiIsImxvZ2luIjoiaXBwb2xmIiwiX2F1dGhfdXNlcl9iYWNrZW5kIjoiZGphbmdvX2F1dGhfbGRhcC5iYWNrZW5kLkxEQVBCYWNrZW5kIiwiX2F1dGhfdXNlcl9oYXNoIjoiYmI1ZTZhZGY2M2FhZDYyNDgwNGM0Y2Y3MWI5NWZjN2I2MmVmYmJjOCJ9','2015-11-27 16:43:54.868817'),('icw8ibjhy9u5qjtyfsnmkuvklehnoqws','MjUwOGFlNzBlNjk4NjUyOWQ4ZGNmOWJlNjUwODhhMTkwZmZmN2UxNTp7InBhc3N3b3JkIjoic21vQDIwMTUiLCJfYXV0aF91c2VyX2lkIjoiNCIsImxvZ2luIjoiaXBwb2xmIiwicm9sZSI6IkFETUlOIiwiX2F1dGhfdXNlcl9iYWNrZW5kIjoiZGphbmdvX2F1dGhfbGRhcC5iYWNrZW5kLkxEQVBCYWNrZW5kIiwiX2F1dGhfdXNlcl9oYXNoIjoiYmI1ZTZhZGY2M2FhZDYyNDgwNGM0Y2Y3MWI5NWZjN2I2MmVmYmJjOCJ9','2015-11-09 10:24:00.137513'),('ieb1kgqjr109256m91bi2hiu47p5fknj','MGQwNjk2ZjcwZDViMjIxNDdhNjgzZDA3NjFlNDk1OTk1NTY2NmEyMDp7fQ==','2015-07-16 08:32:45.331373'),('ii3nulm9xikairhmain6hlppq3zp5437','ZGU4YWZiY2E0NmI4OTZhZGEwYTBhNjBjMWQ2ZjMwNWNjZDcyOGJmNzp7Il9hdXRoX3VzZXJfaGFzaCI6ImJiNWU2YWRmNjNhYWQ2MjQ4MDRjNGNmNzFiOTVmYzdiNjJlZmJiYzgiLCJyb2xlIjoiQURNSU4iLCJfYXV0aF91c2VyX2lkIjoiNCIsImxvZ2luIjoiaXBwb2xmIiwicGFzc3dvcmQiOiJzbW9AMjAxNSIsIl9hdXRoX3VzZXJfYmFja2VuZCI6ImRqYW5nb19hdXRoX2xkYXAuYmFja2VuZC5MREFQQmFja2VuZCJ9','2015-11-18 11:55:00.382273'),('iimnk927leh5nk1ykn037f0arvgo30wy','NGUyMzM2NzNkNTlhODBmZjcwN2QyNmY4NThhMmRkYjA4NTBjNDVlZTp7ImxvZ2luIjoiSVBQT0xGIiwiX2F1dGhfdXNlcl9pZCI6IjMiLCJfYXV0aF91c2VyX2hhc2giOiI5N2JkNmNhMmM1MzQ3MDQ1NjVlNWJhYWVkZWU2YmI2YjAzMWQ3ZTE5IiwiX2F1dGhfdXNlcl9iYWNrZW5kIjoiZGphbmdvX2F1dGhfbGRhcC5iYWNrZW5kLkxEQVBCYWNrZW5kIn0=','2015-06-26 10:44:49.127808'),('ijgggb890j06582amoci8iv98ph63mvh','MGQwNjk2ZjcwZDViMjIxNDdhNjgzZDA3NjFlNDk1OTk1NTY2NmEyMDp7fQ==','2015-12-14 09:40:22.587217'),('il9zfu8bfckr0w5a7y6rqakjhbxapuwd','ZDc2NjlkY2M5NDE4ZjA3MjliMTcyMWU1MWQxYzI2NTE4MjVmNTAwYjp7InJvbGUiOiJBRE1JTiIsIl9hdXRoX3VzZXJfaWQiOiI0IiwicGFzc3dvcmQiOiJzbW9AMjAxNSIsIl9hdXRoX3VzZXJfaGFzaCI6ImJiNWU2YWRmNjNhYWQ2MjQ4MDRjNGNmNzFiOTVmYzdiNjJlZmJiYzgiLCJsb2dpbiI6ImlwcG9sZiIsIl9hdXRoX3VzZXJfYmFja2VuZCI6ImRqYW5nb19hdXRoX2xkYXAuYmFja2VuZC5MREFQQmFja2VuZCJ9','2015-10-22 13:38:43.088629'),('ilwjxwstux9zrcppmryga876nepu3ftr','MGQwNjk2ZjcwZDViMjIxNDdhNjgzZDA3NjFlNDk1OTk1NTY2NmEyMDp7fQ==','2015-07-17 07:59:29.036445'),('inaa76kmepdd0lnynqmdatf130xzgft3','MGQwNjk2ZjcwZDViMjIxNDdhNjgzZDA3NjFlNDk1OTk1NTY2NmEyMDp7fQ==','2015-07-01 11:01:12.029881'),('io5h0vjav8zm4uo9zgozl1q94kqjbzlw','NmZhZTQwZTNiZWUzZjBjMjk5ZjhlMGFkN2RkNGUxNDNlZGYzYWIxYjp7Il9hdXRoX3VzZXJfaWQiOiI0IiwiX2F1dGhfdXNlcl9iYWNrZW5kIjoiZGphbmdvX2F1dGhfbGRhcC5iYWNrZW5kLkxEQVBCYWNrZW5kIiwiX2F1dGhfdXNlcl9oYXNoIjoiYmI1ZTZhZGY2M2FhZDYyNDgwNGM0Y2Y3MWI5NWZjN2I2MmVmYmJjOCIsImxvZ2luIjoiaXBwb2xmIiwicm9sZSI6IkFETUlOIiwicGFzc3dvcmQiOiJzbW9AMjAxNSJ9','2015-10-16 15:54:00.919648'),('ipcnkfb01uvs2ogj1anxk7ps1fqg5cby','MGQwNjk2ZjcwZDViMjIxNDdhNjgzZDA3NjFlNDk1OTk1NTY2NmEyMDp7fQ==','2015-07-02 13:31:35.446285'),('ivj6phf0uoglis8qz35si1prh2xc4mn8','MGQwNjk2ZjcwZDViMjIxNDdhNjgzZDA3NjFlNDk1OTk1NTY2NmEyMDp7fQ==','2015-07-01 12:13:00.808477'),('iwp0qcz5y0cbhr06asatrb2slsajriio','OWFlYWMzZmUzNzFhNzg4OTEwMjVjM2I3NWQyYjk1ZTg5ODBlMzUwNDp7Il9hdXRoX3VzZXJfYmFja2VuZCI6ImRqYW5nb19hdXRoX2xkYXAuYmFja2VuZC5MREFQQmFja2VuZCIsInBhc3N3b3JkIjoic21vQDIwMTUiLCJyb2xlIjoiQURNSU4iLCJfYXV0aF91c2VyX2hhc2giOiJiYjVlNmFkZjYzYWFkNjI0ODA0YzRjZjcxYjk1ZmM3YjYyZWZiYmM4IiwiX2F1dGhfdXNlcl9pZCI6IjQiLCJsb2dpbiI6ImlwcG9sZiJ9','2015-11-30 14:25:41.054259'),('iy285k55f7dx9t92kt94q71srqi5p2ad','YzdhOTM5MGVjNmVkMjlkZjdhMzAxNjg2MmJlZjViOTJlYzJjMDI4Mjp7Il9hdXRoX3VzZXJfYmFja2VuZCI6ImRqYW5nb19hdXRoX2xkYXAuYmFja2VuZC5MREFQQmFja2VuZCIsIl9hdXRoX3VzZXJfaWQiOiIyIiwiX2F1dGhfdXNlcl9oYXNoIjoiMmY4ZDhmNTcxY2VjMzc1NGQ4MjhmZmY0NTM5ODViMWI0ZTJlNzJkZiIsImxvZ2luIjoiQ09MT01YIn0=','2015-06-26 14:25:35.274861'),('j2iu6wovkw3uq7jcvmjimy1gincn1g57','MDdjNGJlYzk4MmU1OTI1ODY3NmZlNzA5MjE0OWY3NWQ4YWE5YTg3Nzp7Il9hdXRoX3VzZXJfaWQiOiI0Iiwicm9sZSI6IkFETUlOIiwibG9naW4iOiJpcHBvbGYiLCJfYXV0aF91c2VyX2JhY2tlbmQiOiJkamFuZ29fYXV0aF9sZGFwLmJhY2tlbmQuTERBUEJhY2tlbmQiLCJwYXNzd29yZCI6InNtb0AyMDE1IiwiX2F1dGhfdXNlcl9oYXNoIjoiYmI1ZTZhZGY2M2FhZDYyNDgwNGM0Y2Y3MWI5NWZjN2I2MmVmYmJjOCJ9','2015-12-09 14:07:58.347265'),('j3i3wqyyrd0f6i5nm7mkapm5n4mk944h','MGQwNjk2ZjcwZDViMjIxNDdhNjgzZDA3NjFlNDk1OTk1NTY2NmEyMDp7fQ==','2015-07-01 14:03:56.467910'),('j48lhbl2ce8v9byr4neqcubel3pb2ccz','YjUyOGJjMjkxNjljOWE0NzMxOWZhMmFiNmUwOTVkYzk0ZWFlZTM4OTp7Il9hdXRoX3VzZXJfYmFja2VuZCI6ImRqYW5nb19hdXRoX2xkYXAuYmFja2VuZC5MREFQQmFja2VuZCIsIl9hdXRoX3VzZXJfaWQiOiI1IiwibG9naW4iOiJUT1NJTUEiLCJfYXV0aF91c2VyX2hhc2giOiJmNDRkYzIwZWFkN2NiOWU2NWVhNjQ3ZmFhMjJmZGE3YjgyMmQ4N2NlIn0=','2015-07-29 14:42:42.720815'),('j6uuu70y15ihl9zzpps3xx9j6pemy9q9','MGQwNjk2ZjcwZDViMjIxNDdhNjgzZDA3NjFlNDk1OTk1NTY2NmEyMDp7fQ==','2015-09-21 13:30:57.943961'),('j8f5106mcewyqba2l8reqjwvet65xph6','MGQwNjk2ZjcwZDViMjIxNDdhNjgzZDA3NjFlNDk1OTk1NTY2NmEyMDp7fQ==','2015-07-01 07:41:05.580504'),('jar1mfffiriyvqyo54qke0uoll6hkh3u','MGQwNjk2ZjcwZDViMjIxNDdhNjgzZDA3NjFlNDk1OTk1NTY2NmEyMDp7fQ==','2015-07-01 11:02:25.161414'),('jcykb8ftnv00w0lg38r6i4541khr4g6o','MGQwNjk2ZjcwZDViMjIxNDdhNjgzZDA3NjFlNDk1OTk1NTY2NmEyMDp7fQ==','2015-10-26 15:54:53.303582'),('jds405kj5r19gzm3nolybbmd4nsxitz5','MjUwOGFlNzBlNjk4NjUyOWQ4ZGNmOWJlNjUwODhhMTkwZmZmN2UxNTp7InBhc3N3b3JkIjoic21vQDIwMTUiLCJfYXV0aF91c2VyX2lkIjoiNCIsImxvZ2luIjoiaXBwb2xmIiwicm9sZSI6IkFETUlOIiwiX2F1dGhfdXNlcl9iYWNrZW5kIjoiZGphbmdvX2F1dGhfbGRhcC5iYWNrZW5kLkxEQVBCYWNrZW5kIiwiX2F1dGhfdXNlcl9oYXNoIjoiYmI1ZTZhZGY2M2FhZDYyNDgwNGM0Y2Y3MWI5NWZjN2I2MmVmYmJjOCJ9','2015-11-26 15:21:18.604367'),('jeqvroav4acj0jokigxxpntmhh25mawa','MGQwNjk2ZjcwZDViMjIxNDdhNjgzZDA3NjFlNDk1OTk1NTY2NmEyMDp7fQ==','2015-10-14 14:20:03.793259'),('jf2lwrxz3yx39smxcp724yfww0jqvpqu','M2M1OGZkNDc4NTlkYzgyM2U3Nzk0MDFmYmIwODAxNTk1OGUzNmJhODp7Il9hdXRoX3VzZXJfYmFja2VuZCI6ImRqYW5nb19hdXRoX2xkYXAuYmFja2VuZC5MREFQQmFja2VuZCIsIl9hdXRoX3VzZXJfaGFzaCI6ImJiNWU2YWRmNjNhYWQ2MjQ4MDRjNGNmNzFiOTVmYzdiNjJlZmJiYzgiLCJyb2xlIjoiQURNSU4iLCJsb2dpbiI6ImlwcG9sZiIsInBhc3N3b3JkIjoic21vQDIwMTUiLCJfYXV0aF91c2VyX2lkIjoiNCJ9','2015-11-16 14:37:29.436362'),('jha6fm8eydtz4472k3arvd2k0svp0a7b','MGQwNjk2ZjcwZDViMjIxNDdhNjgzZDA3NjFlNDk1OTk1NTY2NmEyMDp7fQ==','2015-10-15 08:11:52.934064'),('jhbrimp6i1pmjscgbupwb1vi1zln5ua2','MGQwNjk2ZjcwZDViMjIxNDdhNjgzZDA3NjFlNDk1OTk1NTY2NmEyMDp7fQ==','2015-10-14 14:20:57.973266'),('jmhvqule05g79kxt6s41assbcvjw1yv1','MGQwNjk2ZjcwZDViMjIxNDdhNjgzZDA3NjFlNDk1OTk1NTY2NmEyMDp7fQ==','2015-08-26 12:51:58.418914'),('joppbebvjo8r2amid6nzqr0yjrrbe2ir','N2U5NjBlNDQ2NTc0ODBkN2RjNzEwYmYxYjJiY2YzYTY1ZmE4ODdmNDp7Il9hdXRoX3VzZXJfaWQiOiIyIiwibG9naW4iOiJDT0xPTVgiLCJfYXV0aF91c2VyX2JhY2tlbmQiOiJkamFuZ29fYXV0aF9sZGFwLmJhY2tlbmQuTERBUEJhY2tlbmQiLCJfYXV0aF91c2VyX2hhc2giOiIyZjhkOGY1NzFjZWMzNzU0ZDgyOGZmZjQ1Mzk4NWIxYjRlMmU3MmRmIn0=','2015-06-23 14:30:11.173735'),('jpbdfpnm9gg85atykmlknu09df0d5ika','MGQwNjk2ZjcwZDViMjIxNDdhNjgzZDA3NjFlNDk1OTk1NTY2NmEyMDp7fQ==','2015-09-14 10:47:15.193084'),('jqdj688zrctl3oh3r3uqp867iam38goq','OTExYzAxYzA0ZTJlMGU2MzQyMjQ0ZTIxYWI0ZWIwNTNjZWFlMGRlMzp7InJvbGUiOiJBRE1JTiIsInBhc3N3b3JkIjoic21vQDIwMTUiLCJsb2dpbiI6ImlwcG9sZiIsIl9hdXRoX3VzZXJfYmFja2VuZCI6ImRqYW5nb19hdXRoX2xkYXAuYmFja2VuZC5MREFQQmFja2VuZCIsIl9hdXRoX3VzZXJfaWQiOiI0IiwiX2F1dGhfdXNlcl9oYXNoIjoiYmI1ZTZhZGY2M2FhZDYyNDgwNGM0Y2Y3MWI5NWZjN2I2MmVmYmJjOCJ9','2015-11-25 11:02:20.270062'),('jtolynp5s1rf1oleycdms8yw73gezzqq','MGQwNjk2ZjcwZDViMjIxNDdhNjgzZDA3NjFlNDk1OTk1NTY2NmEyMDp7fQ==','2015-07-01 09:51:21.018992'),('jygup0q4j13vpg932582o0im5ton1ajr','N2IzYWMwMWU3ZTgxNzNiN2YyNTgxNGVlMjI3ZjE3NTdlY2I4ZjNkMDp7Il9hdXRoX3VzZXJfaWQiOiIyIiwicm9sZSI6IkFETUlOIiwibG9naW4iOiJjb2xvbXgiLCJfYXV0aF91c2VyX2hhc2giOiIyZjhkOGY1NzFjZWMzNzU0ZDgyOGZmZjQ1Mzk4NWIxYjRlMmU3MmRmIiwiX2F1dGhfdXNlcl9iYWNrZW5kIjoiZGphbmdvX2F1dGhfbGRhcC5iYWNrZW5kLkxEQVBCYWNrZW5kIiwicGFzc3dvcmQiOiJzbW9AMjAxNSJ9','2015-08-28 11:12:26.944489'),('jzov3zbm1ym3951klwqgevxn4qwxsgib','MGQwNjk2ZjcwZDViMjIxNDdhNjgzZDA3NjFlNDk1OTk1NTY2NmEyMDp7fQ==','2015-10-26 09:35:44.640031'),('k0and18fu7sj2lp6t0qlppxc317d2ffi','YmY2MzUyMjBhNzhiY2UzMmI5NDExMmYxYjRmNDYxZTFmMWUzNGUxNzp7Il9hdXRoX3VzZXJfYmFja2VuZCI6ImRqYW5nb19hdXRoX2xkYXAuYmFja2VuZC5MREFQQmFja2VuZCIsIl9hdXRoX3VzZXJfaGFzaCI6IjJmOGQ4ZjU3MWNlYzM3NTRkODI4ZmZmNDUzOTg1YjFiNGUyZTcyZGYiLCJsb2dpbiI6IkNPTE9NWCIsIl9hdXRoX3VzZXJfaWQiOiIyIn0=','2015-07-08 15:35:34.600768'),('k14orz9ckkxerkscrx1ao8jvu5jv4kdi','MDUxYjkxMmQzNzU4ZmZkMTkzZTMzOTQwZjkyNmFkNGM2ZDY5NDc2Nzp7Il9hdXRoX3VzZXJfaWQiOiI0IiwicGFzc3dvcmQiOiJzbW9AMjAxNSIsImxvZ2luIjoiaXBwb2xmIiwiX2F1dGhfdXNlcl9iYWNrZW5kIjoiZGphbmdvX2F1dGhfbGRhcC5iYWNrZW5kLkxEQVBCYWNrZW5kIiwiX2F1dGhfdXNlcl9oYXNoIjoiYmI1ZTZhZGY2M2FhZDYyNDgwNGM0Y2Y3MWI5NWZjN2I2MmVmYmJjOCIsInJvbGUiOiJBRE1JTiJ9','2015-09-24 11:07:51.112679'),('k7ycd7ltqyro8j601hie8v7ffql36z1q','MGQwNjk2ZjcwZDViMjIxNDdhNjgzZDA3NjFlNDk1OTk1NTY2NmEyMDp7fQ==','2015-09-24 11:14:22.296497'),('k81rkjwnk1ykp9bu4v9a0r4etpixvabh','MmIyM2RhZWRjZTUxZjJkMmM1ZWUyZTQ2YzY4YmFiZTVjZGRiNGViMjp7ImxvZ2luIjoiaXBwb2xmIiwicm9sZSI6IkFETUlOIiwiX2F1dGhfdXNlcl9pZCI6IjQiLCJwYXNzd29yZCI6InNtb0AyMDE1IiwiX2F1dGhfdXNlcl9iYWNrZW5kIjoiZGphbmdvX2F1dGhfbGRhcC5iYWNrZW5kLkxEQVBCYWNrZW5kIiwiX2F1dGhfdXNlcl9oYXNoIjoiYmI1ZTZhZGY2M2FhZDYyNDgwNGM0Y2Y3MWI5NWZjN2I2MmVmYmJjOCJ9','2015-11-27 17:15:38.320801'),('k8r9wz9y9i6h1bp1k7ywss538j75ux2v','OGIwYWE3NmJmNThjNzQyNzA2ODFiMmJiOTRmNTZkMjllZjQ3YWYxMzp7Il9hdXRoX3VzZXJfaWQiOiIyIiwicm9sZSI6IkFETUlOIiwibG9naW4iOiJjb2xvbXgiLCJfYXV0aF91c2VyX2JhY2tlbmQiOiJkamFuZ29fYXV0aF9sZGFwLmJhY2tlbmQuTERBUEJhY2tlbmQiLCJwYXNzd29yZCI6InNtb0AyMDE1IiwiX2F1dGhfdXNlcl9oYXNoIjoiMmY4ZDhmNTcxY2VjMzc1NGQ4MjhmZmY0NTM5ODViMWI0ZTJlNzJkZiJ9','2015-09-25 08:26:17.600928'),('k92rv04zzt1ohjl0iovsgbegltlsxco7','MGQwNjk2ZjcwZDViMjIxNDdhNjgzZDA3NjFlNDk1OTk1NTY2NmEyMDp7fQ==','2015-07-01 09:51:21.052949'),('kfjrld9k8mppcdn4n0tr2gck9fidmh8c','MGQwNjk2ZjcwZDViMjIxNDdhNjgzZDA3NjFlNDk1OTk1NTY2NmEyMDp7fQ==','2015-07-01 11:14:23.361299'),('kgwng748aw8kddkbr4chw423qfvdip68','MmU0YjVhYjM5NDg0MmRlYjIzZDBlYmUwZWQ1ZDRhZTdmMjE0YjU4ODp7InJvbGUiOiJBRE1JTiIsIl9hdXRoX3VzZXJfaWQiOiI0IiwiX2F1dGhfdXNlcl9oYXNoIjoiYmI1ZTZhZGY2M2FhZDYyNDgwNGM0Y2Y3MWI5NWZjN2I2MmVmYmJjOCIsIl9hdXRoX3VzZXJfYmFja2VuZCI6ImRqYW5nb19hdXRoX2xkYXAuYmFja2VuZC5MREFQQmFja2VuZCIsInBhc3N3b3JkIjoic21vQDIwMTUiLCJsb2dpbiI6ImlwcG9sZiJ9','2015-10-07 08:08:20.576582'),('kh6t2h67pal184g7t5vo6l7p1n43r9i4','MGQwNjk2ZjcwZDViMjIxNDdhNjgzZDA3NjFlNDk1OTk1NTY2NmEyMDp7fQ==','2015-10-08 15:14:58.897462'),('kim6rd4cnfxuon8zxg9fvqcbniep1xsf','YmQxMzk1OGU0MjcwZTMyN2QwMWI3NzRlMzU1OGY2YjgwMzU4YWMxYjp7Il9hdXRoX3VzZXJfaGFzaCI6ImJiNWU2YWRmNjNhYWQ2MjQ4MDRjNGNmNzFiOTVmYzdiNjJlZmJiYzgiLCJfYXV0aF91c2VyX2JhY2tlbmQiOiJkamFuZ29fYXV0aF9sZGFwLmJhY2tlbmQuTERBUEJhY2tlbmQiLCJyb2xlIjoiQURNSU4iLCJsb2dpbiI6ImlwcG9sZiIsIl9hdXRoX3VzZXJfaWQiOiI0IiwicGFzc3dvcmQiOiJzbW9AMjAxNSJ9','2015-11-12 16:58:27.305511'),('kmvfcygmywnpn2uumrgjwrg4qrw88ro9','ZDU5MjU5Zjg5MmFiMmU3Njk1YmE1YzIyYzQyNWNlODYwN2M0YWFiODp7ImxvZ2luIjoiQ09MT01YIiwiX2F1dGhfdXNlcl9iYWNrZW5kIjoiZGphbmdvX2F1dGhfbGRhcC5iYWNrZW5kLkxEQVBCYWNrZW5kIiwiX2F1dGhfdXNlcl9oYXNoIjoiMmY4ZDhmNTcxY2VjMzc1NGQ4MjhmZmY0NTM5ODViMWI0ZTJlNzJkZiIsIl9hdXRoX3VzZXJfaWQiOiIyIn0=','2015-07-17 11:25:48.639965'),('kn7e08uo5sqg1u6p5yfalzqxgzcefdex','NmE0NjhmNGE0M2U0YTVjNGYyYTQyNTNlM2M2NDhjNzJhZTZkYjY3MDp7Il9hdXRoX3VzZXJfaGFzaCI6ImJiNWU2YWRmNjNhYWQ2MjQ4MDRjNGNmNzFiOTVmYzdiNjJlZmJiYzgiLCJfYXV0aF91c2VyX2lkIjoiNCIsIl9hdXRoX3VzZXJfYmFja2VuZCI6ImRqYW5nb19hdXRoX2xkYXAuYmFja2VuZC5MREFQQmFja2VuZCIsInJvbGUiOiJBRE1JTiIsImxvZ2luIjoiaXBwb2xmIiwicGFzc3dvcmQiOiJzbW9AMjAxNSJ9','2015-10-13 10:58:27.618135'),('knm26fm5max60ylpq2fequedz4ipcc40','MGQwNjk2ZjcwZDViMjIxNDdhNjgzZDA3NjFlNDk1OTk1NTY2NmEyMDp7fQ==','2015-12-16 11:01:01.028919'),('kr146sm6wtivr1cwyrdqsnjvpy467ft5','NmZiMjQ0ZmYwNjg2OTBmYjNkNGVmZDE1ZTg2YWRhZGViZDNmODU2OTp7InJvbGUiOiJBRE1JTiIsIl9hdXRoX3VzZXJfYmFja2VuZCI6ImRqYW5nb19hdXRoX2xkYXAuYmFja2VuZC5MREFQQmFja2VuZCIsInBhc3N3b3JkIjoic21vQDIwMTUiLCJsb2dpbiI6ImlwcG9sZiIsIl9hdXRoX3VzZXJfaWQiOiI0IiwiX2F1dGhfdXNlcl9oYXNoIjoiYmI1ZTZhZGY2M2FhZDYyNDgwNGM0Y2Y3MWI5NWZjN2I2MmVmYmJjOCJ9','2015-11-05 11:48:47.778724'),('kulljw99wnmj5vld0zu7nleflly75cq2','MTI2NTc2ZjhkYTk2NWRjZGM3NjRhMDIwNWIwYTcwNGQ3MmVkNWJjZDp7Il9hdXRoX3VzZXJfaGFzaCI6ImJiNWU2YWRmNjNhYWQ2MjQ4MDRjNGNmNzFiOTVmYzdiNjJlZmJiYzgiLCJfYXV0aF91c2VyX2lkIjoiNCIsImxvZ2luIjoiaXBwb2xmIiwicm9sZSI6IkFETUlOIiwiX2F1dGhfdXNlcl9iYWNrZW5kIjoiZGphbmdvX2F1dGhfbGRhcC5iYWNrZW5kLkxEQVBCYWNrZW5kIiwicGFzc3dvcmQiOiJzbW9AMjAxNSJ9','2015-12-02 16:48:17.823051'),('kv4pgqsugmnmc67hs3itwtf7l3w0tkyw','OWRkYWU1NjNmZTk3YTFiNzU5ZDQyM2NhZjVlNzdkMmE3Yzk0MTA1Yzp7Il9hdXRoX3VzZXJfYmFja2VuZCI6ImRqYW5nb19hdXRoX2xkYXAuYmFja2VuZC5MREFQQmFja2VuZCIsInBhc3N3b3JkIjoic21vQDIwMTUiLCJsb2dpbiI6ImNvbG9teCIsIl9hdXRoX3VzZXJfaGFzaCI6IjJmOGQ4ZjU3MWNlYzM3NTRkODI4ZmZmNDUzOTg1YjFiNGUyZTcyZGYiLCJfYXV0aF91c2VyX2lkIjoiMiIsInJvbGUiOiJBRE1JTiJ9','2015-09-15 11:21:04.926193'),('kvswu0ts5wsaxc7gf6c1d6jkz8b1tqpj','MGQwNjk2ZjcwZDViMjIxNDdhNjgzZDA3NjFlNDk1OTk1NTY2NmEyMDp7fQ==','2015-07-02 13:31:35.458053'),('kxkwg8fhqkidsf3obwq9fdnxnrs44489','YmY4ZjQwNmUyZmYxOTU3ZGFlNjdiMTk0NmVjMjNkNDI1Y2JlNzk4Mzp7Il9hdXRoX3VzZXJfaWQiOiI0IiwiX2F1dGhfdXNlcl9oYXNoIjoiYmI1ZTZhZGY2M2FhZDYyNDgwNGM0Y2Y3MWI5NWZjN2I2MmVmYmJjOCIsImxvZ2luIjoiaXBwb2xmIiwicm9sZSI6IkFETUlOIiwiX2F1dGhfdXNlcl9iYWNrZW5kIjoiZGphbmdvX2F1dGhfbGRhcC5iYWNrZW5kLkxEQVBCYWNrZW5kIiwicGFzc3dvcmQiOiJzbW9AMjAxNSJ9','2015-12-04 09:05:16.368400'),('kxsrjubjp1mrkotno2xhrs5194ru4f6r','NjczZjgyOTVjOTA4ZDkwMmFkNWY2MzQ2ZGUxZmYzYzc0OWU2YTE0MDp7Il9hdXRoX3VzZXJfYmFja2VuZCI6ImRqYW5nb19hdXRoX2xkYXAuYmFja2VuZC5MREFQQmFja2VuZCIsIl9hdXRoX3VzZXJfaGFzaCI6ImJiNWU2YWRmNjNhYWQ2MjQ4MDRjNGNmNzFiOTVmYzdiNjJlZmJiYzgiLCJsb2dpbiI6IklQUE9MRiIsIl9hdXRoX3VzZXJfaWQiOiI0In0=','2015-07-09 14:40:45.358408'),('l1beu4wkq4t790ozj0cx4euxag593bzr','MjUwOGFlNzBlNjk4NjUyOWQ4ZGNmOWJlNjUwODhhMTkwZmZmN2UxNTp7InBhc3N3b3JkIjoic21vQDIwMTUiLCJfYXV0aF91c2VyX2lkIjoiNCIsImxvZ2luIjoiaXBwb2xmIiwicm9sZSI6IkFETUlOIiwiX2F1dGhfdXNlcl9iYWNrZW5kIjoiZGphbmdvX2F1dGhfbGRhcC5iYWNrZW5kLkxEQVBCYWNrZW5kIiwiX2F1dGhfdXNlcl9oYXNoIjoiYmI1ZTZhZGY2M2FhZDYyNDgwNGM0Y2Y3MWI5NWZjN2I2MmVmYmJjOCJ9','2015-11-26 15:38:34.160251'),('l1iw6s2kgbxl3tmza6mucmp6jpqf5cp4','MGQwNjk2ZjcwZDViMjIxNDdhNjgzZDA3NjFlNDk1OTk1NTY2NmEyMDp7fQ==','2015-09-10 12:06:05.082240'),('l5vd260orbidm62j9luyw52br1k5omzw','MGQwNjk2ZjcwZDViMjIxNDdhNjgzZDA3NjFlNDk1OTk1NTY2NmEyMDp7fQ==','2015-12-15 12:03:58.048778'),('l6ztxmtojjvn2kgdkgpkm0rncp7265d4','ODBkNGIyYWI3ODBlYzk1ZTA3NDVkNWVhMmM5MTRhZDc2Y2NmNDM5Mzp7InJvbGUiOiJBRE1JTiIsIl9hdXRoX3VzZXJfaGFzaCI6ImJiNWU2YWRmNjNhYWQ2MjQ4MDRjNGNmNzFiOTVmYzdiNjJlZmJiYzgiLCJfYXV0aF91c2VyX2JhY2tlbmQiOiJkamFuZ29fYXV0aF9sZGFwLmJhY2tlbmQuTERBUEJhY2tlbmQiLCJfYXV0aF91c2VyX2lkIjoiNCIsImxvZ2luIjoiaXBwb2xmIiwicGFzc3dvcmQiOiJzbW9AMjAxNSJ9','2015-11-06 09:36:14.779930'),('l7redk7s4svbkb1b440woacb0ntnnf2q','NGFjNzVmYTk5YTNkZDJiMmFjMGFlOTgyYjk3N2QxNDc5NGUxN2ExMDp7Il9hdXRoX3VzZXJfaWQiOiIyIiwiX2F1dGhfdXNlcl9iYWNrZW5kIjoiZGphbmdvX2F1dGhfbGRhcC5iYWNrZW5kLkxEQVBCYWNrZW5kIiwibG9naW4iOiJjb2xvbXgiLCJfYXV0aF91c2VyX2hhc2giOiIyZjhkOGY1NzFjZWMzNzU0ZDgyOGZmZjQ1Mzk4NWIxYjRlMmU3MmRmIiwicGFzc3dvcmQiOiJzbW9AMjAxNSIsInJvbGUiOiJBRE1JTiJ9','2015-11-10 15:02:30.056051'),('las3uh06uuxe0eikdpip48ugjioi7scm','MGQwNjk2ZjcwZDViMjIxNDdhNjgzZDA3NjFlNDk1OTk1NTY2NmEyMDp7fQ==','2015-07-01 14:45:15.662224'),('lb9vkn4yzdgnwcs7buergmup6dt2lx9u','MGQwNjk2ZjcwZDViMjIxNDdhNjgzZDA3NjFlNDk1OTk1NTY2NmEyMDp7fQ==','2015-07-02 13:31:35.514127'),('lc3yzdjhs4ke6z4uwtgp3rl77tftvqno','MGViOGUwZDE3YzZjMzU5NzMzMGEzYmJjNjA0ZjMwOTY1ODkwOGI3MTp7InJvbGUiOiJBRE1JTiIsInBhc3N3b3JkIjoic21vQDIwMTUiLCJsb2dpbiI6ImNvbG9teCIsIl9hdXRoX3VzZXJfYmFja2VuZCI6ImRqYW5nb19hdXRoX2xkYXAuYmFja2VuZC5MREFQQmFja2VuZCIsIl9hdXRoX3VzZXJfaWQiOiIyIiwiX2F1dGhfdXNlcl9oYXNoIjoiMmY4ZDhmNTcxY2VjMzc1NGQ4MjhmZmY0NTM5ODViMWI0ZTJlNzJkZiJ9','2015-11-25 12:13:12.103160'),('lc5jsd1vys758990fxlae0jx6ui0i2ug','MTA4Mzk2Y2M4MTA1OGI0N2FiYmEwZGE5OGJiZTQ3ODIwMDU0MmE4Yjp7InJvbGUiOiJBRE1JTiIsIl9hdXRoX3VzZXJfYmFja2VuZCI6ImRqYW5nb19hdXRoX2xkYXAuYmFja2VuZC5MREFQQmFja2VuZCIsIl9hdXRoX3VzZXJfaGFzaCI6ImJiNWU2YWRmNjNhYWQ2MjQ4MDRjNGNmNzFiOTVmYzdiNjJlZmJiYzgiLCJfYXV0aF91c2VyX2lkIjoiNCIsInBhc3N3b3JkIjoic21vQDIwMTUiLCJsb2dpbiI6ImlwcG9sZiJ9','2015-11-04 17:23:13.028305'),('lg41xr63c8pohm0aktnhzdzfddbbf894','MGQwNjk2ZjcwZDViMjIxNDdhNjgzZDA3NjFlNDk1OTk1NTY2NmEyMDp7fQ==','2015-09-10 08:32:18.071926'),('llr9z7s6425ixxk9wdsai5qz95y29ogo','NjkwN2EyMWRiMzFlYTRhNWE3ZWRkZWRhMzBhMThmMDlhZWE0ZTY2ZDp7Il9hdXRoX3VzZXJfYmFja2VuZCI6ImRqYW5nb19hdXRoX2xkYXAuYmFja2VuZC5MREFQQmFja2VuZCIsIl9hdXRoX3VzZXJfaWQiOiI0Iiwicm9sZSI6IkFETUlOIiwibG9naW4iOiJpcHBvbGYiLCJwYXNzd29yZCI6InNtb0AyMDE1IiwiX2F1dGhfdXNlcl9oYXNoIjoiYmI1ZTZhZGY2M2FhZDYyNDgwNGM0Y2Y3MWI5NWZjN2I2MmVmYmJjOCJ9','2015-10-02 10:52:20.153394'),('llxlf5llom3lgygurlwy05j3ial9il0o','MGQwNjk2ZjcwZDViMjIxNDdhNjgzZDA3NjFlNDk1OTk1NTY2NmEyMDp7fQ==','2015-10-19 16:00:44.663303'),('lm20h2stiyfzuvemmfoqhff8loc1wm18','MGQwNjk2ZjcwZDViMjIxNDdhNjgzZDA3NjFlNDk1OTk1NTY2NmEyMDp7fQ==','2015-11-04 11:47:49.798234'),('lnkjnzp271nikq976udd1tw49z3zg2e4','MmU0YjVhYjM5NDg0MmRlYjIzZDBlYmUwZWQ1ZDRhZTdmMjE0YjU4ODp7InJvbGUiOiJBRE1JTiIsIl9hdXRoX3VzZXJfaWQiOiI0IiwiX2F1dGhfdXNlcl9oYXNoIjoiYmI1ZTZhZGY2M2FhZDYyNDgwNGM0Y2Y3MWI5NWZjN2I2MmVmYmJjOCIsIl9hdXRoX3VzZXJfYmFja2VuZCI6ImRqYW5nb19hdXRoX2xkYXAuYmFja2VuZC5MREFQQmFja2VuZCIsInBhc3N3b3JkIjoic21vQDIwMTUiLCJsb2dpbiI6ImlwcG9sZiJ9','2015-10-06 13:08:34.164670'),('lqedladldb1oxs3ncf50whaqjp8iymow','MGQwNjk2ZjcwZDViMjIxNDdhNjgzZDA3NjFlNDk1OTk1NTY2NmEyMDp7fQ==','2015-07-07 10:56:12.505547'),('ls9l63vtmifj5w30pxq8vjb0rwrcmnfj','MGQwNjk2ZjcwZDViMjIxNDdhNjgzZDA3NjFlNDk1OTk1NTY2NmEyMDp7fQ==','2015-07-01 10:59:06.231606'),('ltg7srly93zyfct0fmayiyweziq6g5xs','MWJkZTNlNzVhYzU2MWY4ODgyMTIwOWU3NDFlZjA0YzViYWYxM2ZhNTp7Il9hdXRoX3VzZXJfaGFzaCI6IjJmOGQ4ZjU3MWNlYzM3NTRkODI4ZmZmNDUzOTg1YjFiNGUyZTcyZGYiLCJfYXV0aF91c2VyX2lkIjoiMiIsIl9hdXRoX3VzZXJfYmFja2VuZCI6ImRqYW5nb19hdXRoX2xkYXAuYmFja2VuZC5MREFQQmFja2VuZCIsImxvZ2luIjoiQ09MT01YIn0=','2015-07-28 07:59:19.085123'),('ltucbfcjievsf2phy2trnhugr5quizrp','MDY5MmRlOGVkZDY5OWI1OTdlOGZjZGJiZTk4MDVhZDkzZWM5MGU3MDp7Il9hdXRoX3VzZXJfaGFzaCI6IjJmOGQ4ZjU3MWNlYzM3NTRkODI4ZmZmNDUzOTg1YjFiNGUyZTcyZGYiLCJyb2xlIjoiQURNSU4iLCJfYXV0aF91c2VyX2JhY2tlbmQiOiJkamFuZ29fYXV0aF9sZGFwLmJhY2tlbmQuTERBUEJhY2tlbmQiLCJwYXNzd29yZCI6InNtb0AyMDE1IiwiX2F1dGhfdXNlcl9pZCI6IjIiLCJsb2dpbiI6ImNvbG9teCJ9','2015-09-23 09:13:20.080465'),('lukgccfaop62jpzfsvsuiviboqcjqtug','MGQwNjk2ZjcwZDViMjIxNDdhNjgzZDA3NjFlNDk1OTk1NTY2NmEyMDp7fQ==','2015-07-02 07:34:23.741950'),('lwcdrbthncuoga37fbutjobwbuhvpkse','MGQwNjk2ZjcwZDViMjIxNDdhNjgzZDA3NjFlNDk1OTk1NTY2NmEyMDp7fQ==','2015-08-26 12:51:58.308912'),('lx9rnhaud7t6o3ge6isca68jt7yfy9wz','YmNlZjVjOTJjNGVhMWQwNmU3ODAzZTc2YTUyZTBiY2E3ZjMyZWMwMTp7ImxvZ2luIjoiY29sb214IiwiX2F1dGhfdXNlcl9iYWNrZW5kIjoiZGphbmdvX2F1dGhfbGRhcC5iYWNrZW5kLkxEQVBCYWNrZW5kIiwiX2F1dGhfdXNlcl9pZCI6IjIiLCJyb2xlIjoiQURNSU4iLCJwYXNzd29yZCI6InNtb0AyMDE1IiwiX2F1dGhfdXNlcl9oYXNoIjoiMmY4ZDhmNTcxY2VjMzc1NGQ4MjhmZmY0NTM5ODViMWI0ZTJlNzJkZiJ9','2015-09-16 10:44:14.059755'),('lypclxi4be861rhren9nms5xwb8pka15','OWFlYWMzZmUzNzFhNzg4OTEwMjVjM2I3NWQyYjk1ZTg5ODBlMzUwNDp7Il9hdXRoX3VzZXJfYmFja2VuZCI6ImRqYW5nb19hdXRoX2xkYXAuYmFja2VuZC5MREFQQmFja2VuZCIsInBhc3N3b3JkIjoic21vQDIwMTUiLCJyb2xlIjoiQURNSU4iLCJfYXV0aF91c2VyX2hhc2giOiJiYjVlNmFkZjYzYWFkNjI0ODA0YzRjZjcxYjk1ZmM3YjYyZWZiYmM4IiwiX2F1dGhfdXNlcl9pZCI6IjQiLCJsb2dpbiI6ImlwcG9sZiJ9','2015-11-30 11:31:08.456888'),('m1h6u1qwu5xyzsrghdbi166y1zq2ucua','M2U1YzljMTcyNWIzNDQ5YThlMWIwMGRjNDY5NDdhZWExY2YyMmU2Zjp7InJvbGUiOiJBRE1JTiIsInBhc3N3b3JkIjoic21vQDIwMTUiLCJfYXV0aF91c2VyX2hhc2giOiIyZjhkOGY1NzFjZWMzNzU0ZDgyOGZmZjQ1Mzk4NWIxYjRlMmU3MmRmIiwiX2F1dGhfdXNlcl9iYWNrZW5kIjoiZGphbmdvX2F1dGhfbGRhcC5iYWNrZW5kLkxEQVBCYWNrZW5kIiwibG9naW4iOiJjb2xvbXgiLCJfYXV0aF91c2VyX2lkIjoiMiJ9','2015-12-03 15:41:30.491586'),('m1kssbljwgwgcb4algyzr93zb9d6hgiu','NTQ1YmNiNWYwNjllOTAzMzk3MWU5MDEzZDA3NTExMzc3ZTZkMDQxZDp7Il9hdXRoX3VzZXJfYmFja2VuZCI6ImRqYW5nb19hdXRoX2xkYXAuYmFja2VuZC5MREFQQmFja2VuZCIsInBhc3N3b3JkIjoic21vQDIwMTUiLCJfYXV0aF91c2VyX2hhc2giOiIyZjhkOGY1NzFjZWMzNzU0ZDgyOGZmZjQ1Mzk4NWIxYjRlMmU3MmRmIiwicm9sZSI6IkFETUlOIiwiX2F1dGhfdXNlcl9pZCI6IjIiLCJsb2dpbiI6ImNvbG9teCJ9','2015-11-23 17:21:14.679021'),('m2z0bih0zhwt55sqdyfdo8n0n2pxubrb','YzUwZDk2NjVlZWNkNmY3NjJiZDI2NTg5MDU4ZDM2YmMxNjJlOWRjNDp7Il9hdXRoX3VzZXJfYmFja2VuZCI6ImRqYW5nb19hdXRoX2xkYXAuYmFja2VuZC5MREFQQmFja2VuZCIsIl9hdXRoX3VzZXJfaWQiOiIyIiwiX2F1dGhfdXNlcl9oYXNoIjoiMmY4ZDhmNTcxY2VjMzc1NGQ4MjhmZmY0NTM5ODViMWI0ZTJlNzJkZiJ9','2015-07-14 13:48:49.377267'),('m51u2xafta9cgs3os8u31r9i6at12i55','NzJmZGViZTgxOTExM2MyYjI4ODQ2YjkxZTA3MmUwNGU5ZDU1Njk2Njp7ImxvZ2luIjoiaXBwb2xmIiwiX2F1dGhfdXNlcl9iYWNrZW5kIjoiZGphbmdvX2F1dGhfbGRhcC5iYWNrZW5kLkxEQVBCYWNrZW5kIiwicGFzc3dvcmQiOiJzbW9AMjAxNSIsIl9hdXRoX3VzZXJfaGFzaCI6ImJiNWU2YWRmNjNhYWQ2MjQ4MDRjNGNmNzFiOTVmYzdiNjJlZmJiYzgiLCJyb2xlIjoiQURNSU4iLCJfYXV0aF91c2VyX2lkIjoiNCJ9','2015-09-02 15:39:17.233789'),('m5p5gygbbjfgss6cv2kp9w1o85nlcghr','MzRjYTczN2JkNWNiOGQzMTY1NmYwZjM0ZWJlNzEyYzFhNmVmYzhkYzp7Il9hdXRoX3VzZXJfaGFzaCI6ImJiNWU2YWRmNjNhYWQ2MjQ4MDRjNGNmNzFiOTVmYzdiNjJlZmJiYzgiLCJfYXV0aF91c2VyX2JhY2tlbmQiOiJkamFuZ29fYXV0aF9sZGFwLmJhY2tlbmQuTERBUEJhY2tlbmQiLCJyb2xlIjoiQURNSU4iLCJsb2dpbiI6ImlwcG9sZiIsInBhc3N3b3JkIjoic21vQDIwMTUiLCJfYXV0aF91c2VyX2lkIjoiNCJ9','2015-10-23 08:03:53.117648'),('m6pwq4zkwdi7fv5vykf747b82c0f5y12','MTgxNTdlNWUzZmViM2QxNWNlZjEzNWEwMTUzZTk1YTM0YWQzNjM2ODp7InBhc3N3b3JkIjoic21vQDIwMTUiLCJfYXV0aF91c2VyX2lkIjoiMiIsInJvbGUiOiJBRE1JTiIsIl9hdXRoX3VzZXJfaGFzaCI6IjJmOGQ4ZjU3MWNlYzM3NTRkODI4ZmZmNDUzOTg1YjFiNGUyZTcyZGYiLCJfYXV0aF91c2VyX2JhY2tlbmQiOiJkamFuZ29fYXV0aF9sZGFwLmJhY2tlbmQuTERBUEJhY2tlbmQiLCJsb2dpbiI6ImNvbG9teCJ9','2015-11-20 09:42:46.880701'),('mc4ex169fc6kobf9jrq5f3hiz7hgpu7p','MGQwNjk2ZjcwZDViMjIxNDdhNjgzZDA3NjFlNDk1OTk1NTY2NmEyMDp7fQ==','2015-07-17 15:57:12.542430'),('mju9c1e71wrrrmyp7yv1taz1c8dp50wz','MGQwNjk2ZjcwZDViMjIxNDdhNjgzZDA3NjFlNDk1OTk1NTY2NmEyMDp7fQ==','2015-10-19 13:41:11.090601'),('mloqm0ovcxz4nm91bijx1ed5b4vss9r6','MGQwNjk2ZjcwZDViMjIxNDdhNjgzZDA3NjFlNDk1OTk1NTY2NmEyMDp7fQ==','2015-06-29 09:38:41.559227'),('mm0jb515ewqf3vuhu8ugm08jjwf4nkek','MGQwNjk2ZjcwZDViMjIxNDdhNjgzZDA3NjFlNDk1OTk1NTY2NmEyMDp7fQ==','2015-07-15 09:44:09.384336'),('mqmczyr6q7mslcqdb5f46oycf46oii5l','MzNjMGU2ZjAzMWUwMDJiZDM1ODE2ZWQ0ZjEyNDMzYmNjNzRlN2JlMTp7Il9hdXRoX3VzZXJfYmFja2VuZCI6ImRqYW5nb19hdXRoX2xkYXAuYmFja2VuZC5MREFQQmFja2VuZCIsIl9hdXRoX3VzZXJfaWQiOiI0IiwiX2F1dGhfdXNlcl9oYXNoIjoiYmI1ZTZhZGY2M2FhZDYyNDgwNGM0Y2Y3MWI5NWZjN2I2MmVmYmJjOCIsImxvZ2luIjoiSVBQT0xGIn0=','2015-07-29 13:38:09.155121'),('mreyh4aob15vd7jfjeodjjrifnz19byz','ZDcyOWMyMWYyNTBmMGJkNTFlMGU5Njc4MmI2MTE4YmZiNGI0MGFkOTp7InBhc3N3b3JkIjoic21vQDIwMTUiLCJfYXV0aF91c2VyX2lkIjoiMiIsInJvbGUiOiJBRE1JTiIsImxvZ2luIjoiY29sb214IiwiX2F1dGhfdXNlcl9iYWNrZW5kIjoiZGphbmdvX2F1dGhfbGRhcC5iYWNrZW5kLkxEQVBCYWNrZW5kIiwiX2F1dGhfdXNlcl9oYXNoIjoiMmY4ZDhmNTcxY2VjMzc1NGQ4MjhmZmY0NTM5ODViMWI0ZTJlNzJkZiJ9','2015-11-27 17:13:16.982073'),('mwahu3arshhn1f05qa2k0twiv0133n17','YTdkYmU5MmIzNTY3MmNhY2M5ZmNhNzg5ODFiYjM4ZWQ4NjgxNzc0Zjp7Il9hdXRoX3VzZXJfaGFzaCI6ImJiNWU2YWRmNjNhYWQ2MjQ4MDRjNGNmNzFiOTVmYzdiNjJlZmJiYzgiLCJsb2dpbiI6ImlwcG9sZiIsIl9hdXRoX3VzZXJfaWQiOiI0Iiwicm9sZSI6IkFETUlOIiwiX2F1dGhfdXNlcl9iYWNrZW5kIjoiZGphbmdvX2F1dGhfbGRhcC5iYWNrZW5kLkxEQVBCYWNrZW5kIiwicGFzc3dvcmQiOiJzbW9AMjAxNSJ9','2015-11-13 18:37:38.438321'),('mwf19vrmq0kb8dgosf980dm8et44yv5t','MmU5OWM5ZTU4YWE4NjIyNzI2YmYwZmU0ZWFlMDBhZjZhNmJlZmZkOTp7Il9hdXRoX3VzZXJfaWQiOiI0Iiwicm9sZSI6IkFETUlOIiwiX2F1dGhfdXNlcl9oYXNoIjoiYmI1ZTZhZGY2M2FhZDYyNDgwNGM0Y2Y3MWI5NWZjN2I2MmVmYmJjOCIsInBhc3N3b3JkIjoic21vQDIwMTUiLCJfYXV0aF91c2VyX2JhY2tlbmQiOiJkamFuZ29fYXV0aF9sZGFwLmJhY2tlbmQuTERBUEJhY2tlbmQiLCJsb2dpbiI6ImlwcG9sZiJ9','2015-12-03 11:14:22.022822'),('mzapyt4y9q5v2svr3h2gmuvt5aetju2o','MGQwNjk2ZjcwZDViMjIxNDdhNjgzZDA3NjFlNDk1OTk1NTY2NmEyMDp7fQ==','2015-12-03 18:29:43.179643'),('n0m5rtxiujxm2ovirgt16rvpf5ak0zvs','Njk0YzI5Nzg0MTBkOGRlMWE3ZDNlZTljNjMyMmM4Yzg4MjU2OWUwYjp7Il9hdXRoX3VzZXJfaWQiOiI0IiwiX2F1dGhfdXNlcl9oYXNoIjoiYmI1ZTZhZGY2M2FhZDYyNDgwNGM0Y2Y3MWI5NWZjN2I2MmVmYmJjOCIsIl9hdXRoX3VzZXJfYmFja2VuZCI6ImRqYW5nb19hdXRoX2xkYXAuYmFja2VuZC5MREFQQmFja2VuZCIsImxvZ2luIjoiaXBwb2xmIiwicm9sZSI6IkFETUlOIiwicGFzc3dvcmQiOiJzbW9AMjAxNSJ9','2015-11-06 16:42:52.938473'),('n1nbablu4d60ha97xu55sf5izq26un97','ZjNkYzQwNWY0ZmFmZGZiNzA5NTA1ZGM1NmVlZGZkNzg3ZDI4NGU5Zjp7Il9hdXRoX3VzZXJfYmFja2VuZCI6ImRqYW5nb19hdXRoX2xkYXAuYmFja2VuZC5MREFQQmFja2VuZCIsIl9hdXRoX3VzZXJfaWQiOiI0IiwiX2F1dGhfdXNlcl9oYXNoIjoiYmI1ZTZhZGY2M2FhZDYyNDgwNGM0Y2Y3MWI5NWZjN2I2MmVmYmJjOCIsInJvbGUiOiJBRE1JTiIsInBhc3N3b3JkIjoic21vQDIwMTUiLCJsb2dpbiI6ImlwcG9sZiJ9','2015-11-17 16:58:12.797714'),('n1zgyns95zgiz5mz59hgut0ed0cyrcym','ODcxODgyNDhiODA4NmVlZjg5MjdjZmE3ZTc2ZWE1NTkwZDg2NDQyYzp7ImxvZ2luIjoiaXBwb2xmIiwicGFzc3dvcmQiOiJzbW9AMjAxNSIsInJvbGUiOiJBRE1JTiIsIl9hdXRoX3VzZXJfYmFja2VuZCI6ImRqYW5nb19hdXRoX2xkYXAuYmFja2VuZC5MREFQQmFja2VuZCIsIl9hdXRoX3VzZXJfaGFzaCI6ImJiNWU2YWRmNjNhYWQ2MjQ4MDRjNGNmNzFiOTVmYzdiNjJlZmJiYzgiLCJfYXV0aF91c2VyX2lkIjoiNCJ9','2015-12-14 10:53:28.400720'),('n35m0oj6wgtndamlaqv22gzgz4xebqvk','MzIyZTcxOGU2YWNkNzQ4ODZkOGE2N2RlNmNjM2JiNzY5MTFmYzIyZjp7Il9hdXRoX3VzZXJfaWQiOiI0IiwibG9naW4iOiJpcHBvbGYiLCJyb2xlIjoiQURNSU4iLCJfYXV0aF91c2VyX2JhY2tlbmQiOiJkamFuZ29fYXV0aF9sZGFwLmJhY2tlbmQuTERBUEJhY2tlbmQiLCJwYXNzd29yZCI6InNtb0AyMDE1IiwiX2F1dGhfdXNlcl9oYXNoIjoiYmI1ZTZhZGY2M2FhZDYyNDgwNGM0Y2Y3MWI5NWZjN2I2MmVmYmJjOCJ9','2015-11-16 11:15:56.541932'),('n3vi4unjf44fbwgrbrk05jzkcgra0lsr','MmExMGFlZGM4MWEzNzc0NjBiMGM5N2JmYmMwMGQ0MjY1YjJlZTExNzp7InJvbGUiOiJBRE1JTiIsIl9hdXRoX3VzZXJfaWQiOiIyIiwiX2F1dGhfdXNlcl9iYWNrZW5kIjoiZGphbmdvX2F1dGhfbGRhcC5iYWNrZW5kLkxEQVBCYWNrZW5kIiwibG9naW4iOiJjb2xvbXgiLCJfYXV0aF91c2VyX2hhc2giOiIyZjhkOGY1NzFjZWMzNzU0ZDgyOGZmZjQ1Mzk4NWIxYjRlMmU3MmRmIiwicGFzc3dvcmQiOiJzbW9AMjAxNSJ9','2015-09-02 13:36:58.040880'),('n70kierf962gjnv0g398r4g7lgdeax7q','MGViZDNjODM0MDQ1M2I2ZmRjMzA2ZTgzZDRkNjZmODg2NGQyZWU3Nzp7ImxvZ2luIjoiY29sb214IiwicGFzc3dvcmQiOiJzbW9AMjAxNSIsInJvbGUiOiJBRE1JTiIsIl9hdXRoX3VzZXJfaWQiOiIyIiwiX2F1dGhfdXNlcl9oYXNoIjoiMmY4ZDhmNTcxY2VjMzc1NGQ4MjhmZmY0NTM5ODViMWI0ZTJlNzJkZiIsIl9hdXRoX3VzZXJfYmFja2VuZCI6ImRqYW5nb19hdXRoX2xkYXAuYmFja2VuZC5MREFQQmFja2VuZCJ9','2015-09-09 16:28:28.273624'),('n79xodxmwqv10a0e9ldzwhyrye3s66jm','MGVjYzY2ZmEyZGE1NjgxYWRiOWZlYTQxZDM2MDllMTU0NmVjOTk4Mzp7ImxvZ2luIjoiY29sb214IiwiX2F1dGhfdXNlcl9oYXNoIjoiMmY4ZDhmNTcxY2VjMzc1NGQ4MjhmZmY0NTM5ODViMWI0ZTJlNzJkZiIsIl9hdXRoX3VzZXJfYmFja2VuZCI6ImRqYW5nb19hdXRoX2xkYXAuYmFja2VuZC5MREFQQmFja2VuZCIsInBhc3N3b3JkIjoic21vQDIwMTUiLCJyb2xlIjoiQURNSU4iLCJfYXV0aF91c2VyX2lkIjoiMiJ9','2015-10-01 09:27:46.325050'),('narhhbjzzjzclv2508ikc1s1yz5vxe8b','ZGQ1OGIwZjRlM2RmMWQzZmFmOGUwNGRkYjlhYjBiNWZjMGIwODNlYTp7Il9hdXRoX3VzZXJfaWQiOiIyIiwicGFzc3dvcmQiOiJzbW9AMjAxNSIsIl9hdXRoX3VzZXJfaGFzaCI6IjJmOGQ4ZjU3MWNlYzM3NTRkODI4ZmZmNDUzOTg1YjFiNGUyZTcyZGYiLCJfYXV0aF91c2VyX2JhY2tlbmQiOiJkamFuZ29fYXV0aF9sZGFwLmJhY2tlbmQuTERBUEJhY2tlbmQiLCJyb2xlIjoiQURNSU4iLCJsb2dpbiI6ImNvbG9teCJ9','2015-08-28 15:43:13.886770'),('nbosvbgasicjvbgflakg105tbaz0rqbj','ZmM5NDI2OWU5OGU2NWJkZjNiYjllOGIyNTIwY2NkNGYzOTE0OTNlZDp7Il9hdXRoX3VzZXJfaGFzaCI6IjJmOGQ4ZjU3MWNlYzM3NTRkODI4ZmZmNDUzOTg1YjFiNGUyZTcyZGYiLCJsb2dpbiI6IkNPTE9NWCIsIl9hdXRoX3VzZXJfYmFja2VuZCI6ImRqYW5nb19hdXRoX2xkYXAuYmFja2VuZC5MREFQQmFja2VuZCIsIl9hdXRoX3VzZXJfaWQiOiIyIn0=','2015-07-08 14:07:03.425720'),('ncvm1h7fmnuszp0c8ypf7yvl4aoqe0lp','ZTk1Y2MxMzY1ZjI3MzVlNDZjODUxODIyY2Q3MGY4MGEzYjAyMWQ4Yjp7Il9hdXRoX3VzZXJfYmFja2VuZCI6ImRqYW5nb19hdXRoX2xkYXAuYmFja2VuZC5MREFQQmFja2VuZCIsIl9hdXRoX3VzZXJfaGFzaCI6ImJiNWU2YWRmNjNhYWQ2MjQ4MDRjNGNmNzFiOTVmYzdiNjJlZmJiYzgiLCJwYXNzd29yZCI6InNtb0AyMDE1IiwibG9naW4iOiJpcHBvbGYiLCJfYXV0aF91c2VyX2lkIjoiNCIsInJvbGUiOiJBRE1JTiJ9','2015-10-14 08:45:29.940819'),('ni3l42xjei715ymna1h9m7e9feuuzkmm','MGQwNjk2ZjcwZDViMjIxNDdhNjgzZDA3NjFlNDk1OTk1NTY2NmEyMDp7fQ==','2015-10-19 10:59:24.859295'),('nk5ub97o6vf0pygevewgbk48h2ks8461','NWU1Y2M0NTgwOWViNWIzN2MxZDMyYTA1NThmNjE3MDUzZWZlY2E0Yzp7InBhc3N3b3JkIjoic21vQDIwMTUiLCJfYXV0aF91c2VyX2lkIjoiMiIsInJvbGUiOiJBRE1JTiIsIl9hdXRoX3VzZXJfYmFja2VuZCI6ImRqYW5nb19hdXRoX2xkYXAuYmFja2VuZC5MREFQQmFja2VuZCIsImxvZ2luIjoiY29sb214IiwiX2F1dGhfdXNlcl9oYXNoIjoiMmY4ZDhmNTcxY2VjMzc1NGQ4MjhmZmY0NTM5ODViMWI0ZTJlNzJkZiJ9','2015-11-12 12:18:49.612338'),('nma5wn4zr3q1ra7v1cjd9e39zqmscyu9','YjQzOTJlNzBjYzVhZTZjNzZjYmEzMWMwN2U5MjRiODc2NTI4ZDdiYTp7Il9hdXRoX3VzZXJfYmFja2VuZCI6ImRqYW5nb19hdXRoX2xkYXAuYmFja2VuZC5MREFQQmFja2VuZCIsImxvZ2luIjoiQ09MT01YIiwiX2F1dGhfdXNlcl9pZCI6IjIiLCJfYXV0aF91c2VyX2hhc2giOiIyZjhkOGY1NzFjZWMzNzU0ZDgyOGZmZjQ1Mzk4NWIxYjRlMmU3MmRmIn0=','2015-06-24 13:28:13.878499'),('no3r8mxfzm3wj13mfehwbrdxr90kmyr4','YTI0ZWZlMmM2M2VjZGE2OGVmMTNlOTdmNGI3NzEzZDFlZDM0NTRjMjp7InBhc3N3b3JkIjoic21vQDIwMTUiLCJfYXV0aF91c2VyX2hhc2giOiJiYjVlNmFkZjYzYWFkNjI0ODA0YzRjZjcxYjk1ZmM3YjYyZWZiYmM4Iiwicm9sZSI6IkFETUlOIiwibG9naW4iOiJpcHBvbGYiLCJfYXV0aF91c2VyX2JhY2tlbmQiOiJkamFuZ29fYXV0aF9sZGFwLmJhY2tlbmQuTERBUEJhY2tlbmQiLCJfYXV0aF91c2VyX2lkIjoiNCJ9','2015-11-24 10:05:17.376263'),('nqh92203wrf08lut5dr1q32t5he3y2fg','ZTMyYjU4NzhkZGI2MGEyNTcwNDdkODdjMTkwM2MzMmIyZTQ0MDMwYzp7ImxvZ2luIjoiQ09MT01YIiwiX2F1dGhfdXNlcl9oYXNoIjoiMmY4ZDhmNTcxY2VjMzc1NGQ4MjhmZmY0NTM5ODViMWI0ZTJlNzJkZiIsIl9hdXRoX3VzZXJfYmFja2VuZCI6ImRqYW5nb19hdXRoX2xkYXAuYmFja2VuZC5MREFQQmFja2VuZCIsIl9hdXRoX3VzZXJfaWQiOiIyIn0=','2015-07-02 10:20:09.876903'),('nrvv6mwr9restl24huqxyjrxio07bpxl','YjUyOGJjMjkxNjljOWE0NzMxOWZhMmFiNmUwOTVkYzk0ZWFlZTM4OTp7Il9hdXRoX3VzZXJfYmFja2VuZCI6ImRqYW5nb19hdXRoX2xkYXAuYmFja2VuZC5MREFQQmFja2VuZCIsIl9hdXRoX3VzZXJfaWQiOiI1IiwibG9naW4iOiJUT1NJTUEiLCJfYXV0aF91c2VyX2hhc2giOiJmNDRkYzIwZWFkN2NiOWU2NWVhNjQ3ZmFhMjJmZGE3YjgyMmQ4N2NlIn0=','2015-07-29 13:21:27.569163'),('nshtl9cp6l9z2iov13yj434yb7vq51tg','MGQwNjk2ZjcwZDViMjIxNDdhNjgzZDA3NjFlNDk1OTk1NTY2NmEyMDp7fQ==','2015-07-07 11:21:36.166515'),('ntdrtnjl5kf29nqbtz3wv2zd20bax4bf','MGY5MjQyOGVjYzViMmI5NjJiNWMwZjZiZGI0ODdkMWVhY2M5NWY5Mjp7Il9hdXRoX3VzZXJfaGFzaCI6ImJiNWU2YWRmNjNhYWQ2MjQ4MDRjNGNmNzFiOTVmYzdiNjJlZmJiYzgiLCJwYXNzd29yZCI6InNtb0AyMDE1IiwiX2F1dGhfdXNlcl9iYWNrZW5kIjoiZGphbmdvX2F1dGhfbGRhcC5iYWNrZW5kLkxEQVBCYWNrZW5kIiwibG9naW4iOiJpcHBvbGYiLCJyb2xlIjoiQURNSU4iLCJfYXV0aF91c2VyX2lkIjoiNCJ9','2015-09-09 16:09:12.903867'),('o3mfig305gia54dgipf02wpklmvw2foh','MGQwNjk2ZjcwZDViMjIxNDdhNjgzZDA3NjFlNDk1OTk1NTY2NmEyMDp7fQ==','2015-11-19 14:44:06.267931'),('o5xmsy88ei4s7lr95iy71dxjbhrdfgdt','MGQwNjk2ZjcwZDViMjIxNDdhNjgzZDA3NjFlNDk1OTk1NTY2NmEyMDp7fQ==','2015-12-15 16:33:23.123371'),('o6aq5avzisdzb8j2jtl8gb3qt2eb8xye','MGQwNjk2ZjcwZDViMjIxNDdhNjgzZDA3NjFlNDk1OTk1NTY2NmEyMDp7fQ==','2015-07-16 13:05:21.539485'),('o7e873qsh4yw4m69yo82uvuza3vjt8z7','ZGQ5YjM3MTU5MWI1NGYyNDZhMTk1MDhjYjg5YjVjYzM1NDRkYTEyODp7InJvbGUiOiJBRE1JTiIsImxvZ2luIjoiaXBwb2xmIiwiX2F1dGhfdXNlcl9iYWNrZW5kIjoiZGphbmdvX2F1dGhfbGRhcC5iYWNrZW5kLkxEQVBCYWNrZW5kIiwiX2F1dGhfdXNlcl9oYXNoIjoiYmI1ZTZhZGY2M2FhZDYyNDgwNGM0Y2Y3MWI5NWZjN2I2MmVmYmJjOCIsIl9hdXRoX3VzZXJfaWQiOiI0IiwicGFzc3dvcmQiOiJzbW9AMjAxNSJ9','2015-10-01 09:02:29.989637'),('o7wk0418jm1sdx3gpqm2to2oeh4rpxvq','ZWFhZjc0NDdiZTE3OGUwZjVmODRmZjJkYzQ5NGNjMTQ5M2UwN2IyNDp7Il9hdXRoX3VzZXJfYmFja2VuZCI6ImRqYW5nb19hdXRoX2xkYXAuYmFja2VuZC5MREFQQmFja2VuZCIsInJvbGUiOiJBRE1JTiIsImxvZ2luIjoiY29sb214IiwiX2F1dGhfdXNlcl9oYXNoIjoiMmY4ZDhmNTcxY2VjMzc1NGQ4MjhmZmY0NTM5ODViMWI0ZTJlNzJkZiIsInBhc3N3b3JkIjoic21vQDIwMTUiLCJfYXV0aF91c2VyX2lkIjoiMiJ9','2015-09-09 08:10:21.386045'),('oah3hvcxhk05v052s0hwq9gqv8xb9m85','NzdhMjBhMTNmZmJmZjU3MzRkZmRjNDdjMDc1YWFiZDQ0NzQzYzkzYjp7InJvbGUiOiJBRE1JTiIsIl9hdXRoX3VzZXJfYmFja2VuZCI6ImRqYW5nb19hdXRoX2xkYXAuYmFja2VuZC5MREFQQmFja2VuZCIsInBhc3N3b3JkIjoic21vQDIwMTUiLCJfYXV0aF91c2VyX2lkIjoiNCIsImxvZ2luIjoiaXBwb2xmIiwiX2F1dGhfdXNlcl9oYXNoIjoiYmI1ZTZhZGY2M2FhZDYyNDgwNGM0Y2Y3MWI5NWZjN2I2MmVmYmJjOCJ9','2015-12-10 11:00:53.464119'),('oefla18z3yj53dkvfpz5ahhfqg35a5rr','OTM4M2EzZjA4YjkyNzFiMjZhNzRkZDYwYmE0MjZiODNiOTU2NGZkZjp7InBhc3N3b3JkIjoic21vQDIwMTUiLCJfYXV0aF91c2VyX2JhY2tlbmQiOiJkamFuZ29fYXV0aF9sZGFwLmJhY2tlbmQuTERBUEJhY2tlbmQiLCJfYXV0aF91c2VyX2hhc2giOiJiYjVlNmFkZjYzYWFkNjI0ODA0YzRjZjcxYjk1ZmM3YjYyZWZiYmM4IiwibG9naW4iOiJpcHBvbGYiLCJyb2xlIjoiQURNSU4iLCJfYXV0aF91c2VyX2lkIjoiNCJ9','2015-11-12 09:21:58.545788'),('okcp4g6pnaf6whl0nzvkc72nc37ut74v','YTc2YzQ2NjE2MmQyNDFiZGRiYzFmNzEzOTk3MjI1ODg4YmZlZGI2ZTp7InJvbGUiOiJBRE1JTiIsImxvZ2luIjoiaXBwb2xmIiwiX2F1dGhfdXNlcl9pZCI6IjQiLCJwYXNzd29yZCI6InNtb0AyMDE1IiwiX2F1dGhfdXNlcl9oYXNoIjoiYmI1ZTZhZGY2M2FhZDYyNDgwNGM0Y2Y3MWI5NWZjN2I2MmVmYmJjOCIsIl9hdXRoX3VzZXJfYmFja2VuZCI6ImRqYW5nb19hdXRoX2xkYXAuYmFja2VuZC5MREFQQmFja2VuZCJ9','2015-09-04 14:22:03.354994'),('okoq8llh3dm3oxgbw1na782fx9zvpkgt','MDdjMzFkZWNmOGIyZWY5NThiZGY4ZDFiOGMyNTlkYWM2YTFjYTNjMzp7Il9hdXRoX3VzZXJfaGFzaCI6ImJiNWU2YWRmNjNhYWQ2MjQ4MDRjNGNmNzFiOTVmYzdiNjJlZmJiYzgiLCJfYXV0aF91c2VyX2JhY2tlbmQiOiJkamFuZ29fYXV0aF9sZGFwLmJhY2tlbmQuTERBUEJhY2tlbmQiLCJfYXV0aF91c2VyX2lkIjoiNCIsImxvZ2luIjoiSVBQT0xGIn0=','2015-07-29 14:24:20.618192'),('olw5nodc5r7iwoi8nkcyqyx3rdjy19g1','MzQ4ODJjODk2YTk5YjVhNzNhNmY4NGEzN2YzOWRlZTA3ODFjOGI4Yjp7InBhc3N3b3JkIjoic21vQDIwMTUiLCJfYXV0aF91c2VyX2lkIjoiNCIsInJvbGUiOiJBRE1JTiIsIl9hdXRoX3VzZXJfYmFja2VuZCI6ImRqYW5nb19hdXRoX2xkYXAuYmFja2VuZC5MREFQQmFja2VuZCIsImxvZ2luIjoiaXBwb2xmIiwiX2F1dGhfdXNlcl9oYXNoIjoiYmI1ZTZhZGY2M2FhZDYyNDgwNGM0Y2Y3MWI5NWZjN2I2MmVmYmJjOCJ9','2015-11-12 12:08:33.024498'),('oxwf0q8agdaomb9o3oyujqq8lictsf3b','ZjkxZTc3NTY1OTliMzIxNzIxMjBiMzA1Y2YwNTUxOTM1MzA5YjJkMTp7Il9hdXRoX3VzZXJfaGFzaCI6ImJiNWU2YWRmNjNhYWQ2MjQ4MDRjNGNmNzFiOTVmYzdiNjJlZmJiYzgiLCJfYXV0aF91c2VyX2lkIjoiNCIsInBhc3N3b3JkIjoic21vQDIwMTUiLCJyb2xlIjoiQURNSU4iLCJfYXV0aF91c2VyX2JhY2tlbmQiOiJkamFuZ29fYXV0aF9sZGFwLmJhY2tlbmQuTERBUEJhY2tlbmQiLCJsb2dpbiI6ImlwcG9sZiJ9','2015-11-25 10:46:55.730791'),('oy08gvdhtij3oplt7tak21cyu9qs2s1m','NmMxMWFlYjI2OTYwNGIzOTgxZDQzMWJmMjAyNzU2ZGEwYjcyZGE3Yjp7Il9hdXRoX3VzZXJfYmFja2VuZCI6ImRqYW5nb19hdXRoX2xkYXAuYmFja2VuZC5MREFQQmFja2VuZCIsIl9hdXRoX3VzZXJfaGFzaCI6ImY0NGRjMjBlYWQ3Y2I5ZTY1ZWE2NDdmYWEyMmZkYTdiODIyZDg3Y2UiLCJwYXNzd29yZCI6InNtb0AyMDE1IiwibG9naW4iOiJ0b3NpbWEiLCJfYXV0aF91c2VyX2lkIjoiNSIsInJvbGUiOiJBRE1JTiJ9','2015-10-14 10:23:46.232092'),('p6779tokaix566yuyqkagi8fyk2nw1vr','MGQwNjk2ZjcwZDViMjIxNDdhNjgzZDA3NjFlNDk1OTk1NTY2NmEyMDp7fQ==','2015-10-30 10:15:05.414471'),('p721fakt51986lx75tgn31tqxhfprkc1','YWNiYTI0MjQ5ZjNjNjAwYzY0ODA3OGYxZmM3ZGZjOTk0NzMzNTc0MTp7Il9hdXRoX3VzZXJfaWQiOiIyIiwiX2F1dGhfdXNlcl9oYXNoIjoiMmY4ZDhmNTcxY2VjMzc1NGQ4MjhmZmY0NTM5ODViMWI0ZTJlNzJkZiIsIl9hdXRoX3VzZXJfYmFja2VuZCI6ImRqYW5nb19hdXRoX2xkYXAuYmFja2VuZC5MREFQQmFja2VuZCJ9','2015-09-11 09:08:53.508281'),('p7tusiwdk822w9fn9mdp2mr78zl0v7oe','MGQwNjk2ZjcwZDViMjIxNDdhNjgzZDA3NjFlNDk1OTk1NTY2NmEyMDp7fQ==','2015-07-02 07:34:23.725616'),('pb39ebjr0yhddqymiw7ma8yfh3m5fdu5','ZDU5MjU5Zjg5MmFiMmU3Njk1YmE1YzIyYzQyNWNlODYwN2M0YWFiODp7ImxvZ2luIjoiQ09MT01YIiwiX2F1dGhfdXNlcl9iYWNrZW5kIjoiZGphbmdvX2F1dGhfbGRhcC5iYWNrZW5kLkxEQVBCYWNrZW5kIiwiX2F1dGhfdXNlcl9oYXNoIjoiMmY4ZDhmNTcxY2VjMzc1NGQ4MjhmZmY0NTM5ODViMWI0ZTJlNzJkZiIsIl9hdXRoX3VzZXJfaWQiOiIyIn0=','2015-07-02 15:57:27.661920'),('pdth9200y8slqtsqlfgarl6cog6d8qtn','NzgwZDkzZWExYmZjYzE0OGVhNDY4MDA5Y2ZiNjAyZjJjZGNkZjcwMDp7Il9hdXRoX3VzZXJfYmFja2VuZCI6ImRqYW5nb19hdXRoX2xkYXAuYmFja2VuZC5MREFQQmFja2VuZCIsIl9hdXRoX3VzZXJfaGFzaCI6IjJmOGQ4ZjU3MWNlYzM3NTRkODI4ZmZmNDUzOTg1YjFiNGUyZTcyZGYiLCJfYXV0aF91c2VyX2lkIjoiMiIsImxvZ2luIjoiQ09MT01YIn0=','2015-07-01 11:06:23.676331'),('pixbkjrvoby9rwejit049zlsjv9v92nx','YmY2MzUyMjBhNzhiY2UzMmI5NDExMmYxYjRmNDYxZTFmMWUzNGUxNzp7Il9hdXRoX3VzZXJfYmFja2VuZCI6ImRqYW5nb19hdXRoX2xkYXAuYmFja2VuZC5MREFQQmFja2VuZCIsIl9hdXRoX3VzZXJfaGFzaCI6IjJmOGQ4ZjU3MWNlYzM3NTRkODI4ZmZmNDUzOTg1YjFiNGUyZTcyZGYiLCJsb2dpbiI6IkNPTE9NWCIsIl9hdXRoX3VzZXJfaWQiOiIyIn0=','2015-07-09 14:01:32.705935'),('poketfx3km6ci0bkdx1lntcp3vt93xre','Y2VmZTEwYmJiNzc3MmE4YTFiN2M2ZmU4MTk0MGUyNTIyZTczOWEyMDp7InJvbGUiOiJBRE1JTiIsIl9hdXRoX3VzZXJfaGFzaCI6ImJiNWU2YWRmNjNhYWQ2MjQ4MDRjNGNmNzFiOTVmYzdiNjJlZmJiYzgiLCJwYXNzd29yZCI6InNtb0AyMDE1IiwiX2F1dGhfdXNlcl9iYWNrZW5kIjoiZGphbmdvX2F1dGhfbGRhcC5iYWNrZW5kLkxEQVBCYWNrZW5kIiwibG9naW4iOiJpcHBvbGYiLCJfYXV0aF91c2VyX2lkIjoiNCJ9','2015-12-04 12:19:00.116406'),('pp8afj4s09wxhkjmdn9ruggaedg3i1r5','MGQwNjk2ZjcwZDViMjIxNDdhNjgzZDA3NjFlNDk1OTk1NTY2NmEyMDp7fQ==','2015-06-24 10:36:08.167837'),('ppdpwotvt9u1b7f1ldmqlh5v8e1hh4pe','ZmE2ZjEzMjA4YjhjMDMzYTFhM2Q1NmY0NjNkZWI5MWVlYTdhN2U5NDp7InJvbGUiOiJBRE1JTiIsIl9hdXRoX3VzZXJfYmFja2VuZCI6ImRqYW5nb19hdXRoX2xkYXAuYmFja2VuZC5MREFQQmFja2VuZCIsImxvZ2luIjoiY29sb214IiwicGFzc3dvcmQiOiJzbW9AMjAxNSIsIl9hdXRoX3VzZXJfaGFzaCI6IjJmOGQ4ZjU3MWNlYzM3NTRkODI4ZmZmNDUzOTg1YjFiNGUyZTcyZGYiLCJfYXV0aF91c2VyX2lkIjoiMiJ9','2015-09-24 11:23:10.900625'),('ppnwf2bbkqf0ua1ydhxabg1e6ukl80pv','NzgzZjgyZTQxNjMxOTM3ZGRjYjg0ZjQ1MDM1ZDQ1ZWE5MjgyNDkwNTp7Il9hdXRoX3VzZXJfaWQiOiI0IiwibG9naW4iOiJpcHBvbGYiLCJwYXNzd29yZCI6InNtb0AyMDE1Iiwicm9sZSI6IkFETUlOIiwiX2F1dGhfdXNlcl9oYXNoIjoiYmI1ZTZhZGY2M2FhZDYyNDgwNGM0Y2Y3MWI5NWZjN2I2MmVmYmJjOCIsIl9hdXRoX3VzZXJfYmFja2VuZCI6ImRqYW5nb19hdXRoX2xkYXAuYmFja2VuZC5MREFQQmFja2VuZCJ9','2015-12-09 10:12:21.823030'),('pttmb323vjganxbpo7xismdqksef3v2v','MGQwNjk2ZjcwZDViMjIxNDdhNjgzZDA3NjFlNDk1OTk1NTY2NmEyMDp7fQ==','2015-07-01 14:26:20.357744'),('pu0c2xju3lwtwu2dymheulbia264f4nx','MGQwNjk2ZjcwZDViMjIxNDdhNjgzZDA3NjFlNDk1OTk1NTY2NmEyMDp7fQ==','2015-07-13 10:07:00.706164'),('puyiqjtpty1lwn4j0pn43wyw5360cua2','MTQwMWM5YzhkZDJmNjM0YmZlMTQ4NThlODYyZTYzNDVhMzVkOWJiZTp7ImxvZ2luIjoiSVBQT0xGIiwiX2F1dGhfdXNlcl9iYWNrZW5kIjoiZGphbmdvX2F1dGhfbGRhcC5iYWNrZW5kLkxEQVBCYWNrZW5kIiwiX2F1dGhfdXNlcl9oYXNoIjoiYmI1ZTZhZGY2M2FhZDYyNDgwNGM0Y2Y3MWI5NWZjN2I2MmVmYmJjOCIsIl9hdXRoX3VzZXJfaWQiOiI0In0=','2015-07-01 14:45:25.458201'),('py0igur9yhzejeud041avf0n1a3vstwq','MDk2OWU2MGM4MTg1ZThhMTMwNzY5MjdlNTM0Y2E3Njk3OGY1MjdmMTp7InBhc3N3b3JkIjoic21vQDIwMTUiLCJfYXV0aF91c2VyX2lkIjoiNCIsImxvZ2luIjoiaXBwb2xmIiwiX2F1dGhfdXNlcl9oYXNoIjoiYmI1ZTZhZGY2M2FhZDYyNDgwNGM0Y2Y3MWI5NWZjN2I2MmVmYmJjOCIsIl9hdXRoX3VzZXJfYmFja2VuZCI6ImRqYW5nb19hdXRoX2xkYXAuYmFja2VuZC5MREFQQmFja2VuZCIsInJvbGUiOiJBRE1JTiJ9','2015-12-04 15:22:42.898491'),('py41yz88cigo0hqm25hwyrr2cbjjplhx','MGQwNjk2ZjcwZDViMjIxNDdhNjgzZDA3NjFlNDk1OTk1NTY2NmEyMDp7fQ==','2015-09-24 07:43:33.220486'),('pyi0entxq87zq9a1obg4feaaqkd00hwo','YzkyYmE3YjdmNTIzYzQ5NjBlMzI2MjE0MjFkNmIxYTNiNWU0Yjc1NDp7Il9hdXRoX3VzZXJfaGFzaCI6ImJiNWU2YWRmNjNhYWQ2MjQ4MDRjNGNmNzFiOTVmYzdiNjJlZmJiYzgiLCJwYXNzd29yZCI6InNtb0AyMDE1Iiwicm9sZSI6IkFETUlOIiwiX2F1dGhfdXNlcl9pZCI6IjQiLCJfYXV0aF91c2VyX2JhY2tlbmQiOiJkamFuZ29fYXV0aF9sZGFwLmJhY2tlbmQuTERBUEJhY2tlbmQiLCJsb2dpbiI6ImlwcG9sZiJ9','2015-12-03 09:50:00.765961'),('q0ppztsbjqhg6wbfwirq6wcp5ngdro53','MGQwNjk2ZjcwZDViMjIxNDdhNjgzZDA3NjFlNDk1OTk1NTY2NmEyMDp7fQ==','2015-07-15 09:43:24.932658'),('q1y7ikeebo9hp1wh56qdp6rxqylhzhi2','OTA5NWU5ODFkZTMxNmQ1ODgyMTQ2NTdkOGU3NTRhZjhhMzBlMjQ0OTp7ImxvZ2luIjoiQ09MT01YIiwiX2F1dGhfdXNlcl9pZCI6IjIiLCJfYXV0aF91c2VyX2JhY2tlbmQiOiJkamFuZ29fYXV0aF9sZGFwLmJhY2tlbmQuTERBUEJhY2tlbmQiLCJfYXV0aF91c2VyX2hhc2giOiIyZjhkOGY1NzFjZWMzNzU0ZDgyOGZmZjQ1Mzk4NWIxYjRlMmU3MmRmIn0=','2015-07-17 08:03:12.634011'),('q30iyfdf5voz60s20uvi46wph1i5fw15','MGQwNjk2ZjcwZDViMjIxNDdhNjgzZDA3NjFlNDk1OTk1NTY2NmEyMDp7fQ==','2015-06-30 13:40:50.231390'),('q89tg1o0uzflkygbk7aejcnhtz72ilpi','MGQwNjk2ZjcwZDViMjIxNDdhNjgzZDA3NjFlNDk1OTk1NTY2NmEyMDp7fQ==','2015-07-02 13:31:35.527208'),('qcjq0y3caqw4uuwtglcf4ggbl94awomf','OWRkYWU1NjNmZTk3YTFiNzU5ZDQyM2NhZjVlNzdkMmE3Yzk0MTA1Yzp7Il9hdXRoX3VzZXJfYmFja2VuZCI6ImRqYW5nb19hdXRoX2xkYXAuYmFja2VuZC5MREFQQmFja2VuZCIsInBhc3N3b3JkIjoic21vQDIwMTUiLCJsb2dpbiI6ImNvbG9teCIsIl9hdXRoX3VzZXJfaGFzaCI6IjJmOGQ4ZjU3MWNlYzM3NTRkODI4ZmZmNDUzOTg1YjFiNGUyZTcyZGYiLCJfYXV0aF91c2VyX2lkIjoiMiIsInJvbGUiOiJBRE1JTiJ9','2015-09-14 17:05:44.479726'),('qd9e0rt5j7stewebdn9yrnl01e9sgjen','MGQwNjk2ZjcwZDViMjIxNDdhNjgzZDA3NjFlNDk1OTk1NTY2NmEyMDp7fQ==','2015-11-04 10:06:47.821377'),('qf0n3nuk3ikevk2r1b5e43clzrnsb013','NTQ1YmNiNWYwNjllOTAzMzk3MWU5MDEzZDA3NTExMzc3ZTZkMDQxZDp7Il9hdXRoX3VzZXJfYmFja2VuZCI6ImRqYW5nb19hdXRoX2xkYXAuYmFja2VuZC5MREFQQmFja2VuZCIsInBhc3N3b3JkIjoic21vQDIwMTUiLCJfYXV0aF91c2VyX2hhc2giOiIyZjhkOGY1NzFjZWMzNzU0ZDgyOGZmZjQ1Mzk4NWIxYjRlMmU3MmRmIiwicm9sZSI6IkFETUlOIiwiX2F1dGhfdXNlcl9pZCI6IjIiLCJsb2dpbiI6ImNvbG9teCJ9','2015-11-25 17:25:37.126522'),('qkmdtf1ay8y0v9ao2bpqilhi3jmvmu70','NTgzODdmY2RlZTNjOTY3MGNmYzIyZjNkNzA0NjllZTRiZjEzMjBlMjp7Il9hdXRoX3VzZXJfaWQiOiI0IiwibG9naW4iOiJpcHBvbGYiLCJfYXV0aF91c2VyX2hhc2giOiJiYjVlNmFkZjYzYWFkNjI0ODA0YzRjZjcxYjk1ZmM3YjYyZWZiYmM4IiwiX2F1dGhfdXNlcl9iYWNrZW5kIjoiZGphbmdvX2F1dGhfbGRhcC5iYWNrZW5kLkxEQVBCYWNrZW5kIiwicm9sZSI6IkFETUlOIiwicGFzc3dvcmQiOiJzbW9AMjAxNSJ9','2015-09-21 13:34:58.870837'),('qm622l0mocfzzcthspbmbaiouggikt5m','ODk4MzA5MWM4Y2U2MmZjNDA5YjVkMDcwNWM5MmVjMmNkNjg2ZGRhMTp7Il9hdXRoX3VzZXJfYmFja2VuZCI6ImRqYW5nb19hdXRoX2xkYXAuYmFja2VuZC5MREFQQmFja2VuZCIsInBhc3N3b3JkIjoic21vQDIwMTUiLCJyb2xlIjoiQURNSU4iLCJsb2dpbiI6ImNvbG9teCIsIl9hdXRoX3VzZXJfaGFzaCI6IjJmOGQ4ZjU3MWNlYzM3NTRkODI4ZmZmNDUzOTg1YjFiNGUyZTcyZGYiLCJfYXV0aF91c2VyX2lkIjoiMiJ9','2015-11-30 14:25:03.280443'),('qqeoc0eb274xogrsvx5v6zq4qqtz1ez1','ZTk1Y2MxMzY1ZjI3MzVlNDZjODUxODIyY2Q3MGY4MGEzYjAyMWQ4Yjp7Il9hdXRoX3VzZXJfYmFja2VuZCI6ImRqYW5nb19hdXRoX2xkYXAuYmFja2VuZC5MREFQQmFja2VuZCIsIl9hdXRoX3VzZXJfaGFzaCI6ImJiNWU2YWRmNjNhYWQ2MjQ4MDRjNGNmNzFiOTVmYzdiNjJlZmJiYzgiLCJwYXNzd29yZCI6InNtb0AyMDE1IiwibG9naW4iOiJpcHBvbGYiLCJfYXV0aF91c2VyX2lkIjoiNCIsInJvbGUiOiJBRE1JTiJ9','2015-10-14 08:48:59.914313'),('qqwsdcrcwt5mgun6tczjhqsn6bt3bbso','MTJkMzZmYWM4M2MyN2ZhZTEzZjhmMTM5NmVjOGE5N2VmNTViOGU5ZDp7InBhc3N3b3JkIjoic21vQDIwMTUiLCJsb2dpbiI6ImNvbG9teCIsIl9hdXRoX3VzZXJfYmFja2VuZCI6ImRqYW5nb19hdXRoX2xkYXAuYmFja2VuZC5MREFQQmFja2VuZCIsInJvbGUiOiJBRE1JTiIsIl9hdXRoX3VzZXJfaGFzaCI6IjJmOGQ4ZjU3MWNlYzM3NTRkODI4ZmZmNDUzOTg1YjFiNGUyZTcyZGYiLCJfYXV0aF91c2VyX2lkIjoiMiJ9','2015-09-24 08:56:26.568511'),('qs81saisw1707jp9foh5ywmy3sl0jil7','ZWNmMjc5Mjk2OTM3MDEzOTdiNmM2YjcwZDg0YmE2OTIzZDY1YTdlMTp7Il9hdXRoX3VzZXJfaGFzaCI6ImJiNWU2YWRmNjNhYWQ2MjQ4MDRjNGNmNzFiOTVmYzdiNjJlZmJiYzgiLCJfYXV0aF91c2VyX2JhY2tlbmQiOiJkamFuZ29fYXV0aF9sZGFwLmJhY2tlbmQuTERBUEJhY2tlbmQiLCJyb2xlIjoiQURNSU4iLCJwYXNzd29yZCI6InNtb0AyMDE1IiwibG9naW4iOiJpcHBvbGYiLCJfYXV0aF91c2VyX2lkIjoiNCJ9','2015-11-26 18:32:16.985350'),('qupagi9d2jbk2sv3dzghjarpbupf7ooh','MGQwNjk2ZjcwZDViMjIxNDdhNjgzZDA3NjFlNDk1OTk1NTY2NmEyMDp7fQ==','2015-07-01 07:41:05.601335'),('r08x78qbl4po6kxy14p94s40f8wnpp22','MGQwNjk2ZjcwZDViMjIxNDdhNjgzZDA3NjFlNDk1OTk1NTY2NmEyMDp7fQ==','2015-09-01 12:51:55.026852'),('r0dbqgqshnwzv5jxx21q6l03styom6yi','MGQwNjk2ZjcwZDViMjIxNDdhNjgzZDA3NjFlNDk1OTk1NTY2NmEyMDp7fQ==','2015-07-15 08:50:00.136475'),('r9b1xdcmtgbt61ywxhsdbaca76c06bu7','MGQwNjk2ZjcwZDViMjIxNDdhNjgzZDA3NjFlNDk1OTk1NTY2NmEyMDp7fQ==','2015-12-18 09:17:17.428353'),('ra4xbfqswcv03jd7v9zhyenjtx6x8xgs','MGQwNjk2ZjcwZDViMjIxNDdhNjgzZDA3NjFlNDk1OTk1NTY2NmEyMDp7fQ==','2015-07-02 08:32:44.452183'),('rbkdj5kegb8cb7nhhyy5y5pyrnjaufj0','OTFjZWE5ZjZmYWI1MGMwYTAxZmUzNmFlMjYxMDZkMzUzNjU2MWY4Mzp7ImxvZ2luIjoiaXBwb2xmIiwiX2F1dGhfdXNlcl9pZCI6IjQiLCJfYXV0aF91c2VyX2hhc2giOiJiYjVlNmFkZjYzYWFkNjI0ODA0YzRjZjcxYjk1ZmM3YjYyZWZiYmM4Iiwicm9sZSI6IkFETUlOIiwicGFzc3dvcmQiOiJzbW9AMjAxNSIsIl9hdXRoX3VzZXJfYmFja2VuZCI6ImRqYW5nb19hdXRoX2xkYXAuYmFja2VuZC5MREFQQmFja2VuZCJ9','2015-10-26 15:56:02.781631'),('rcimn76gkzulebhi5nws6lfrngxb72a2','YmMyM2NjZjM5ZDcxNzZjNTBkOWM0OTM2MzU4Y2JmMTEwYTRiNWE1YTp7Il9hdXRoX3VzZXJfYmFja2VuZCI6ImRqYW5nb19hdXRoX2xkYXAuYmFja2VuZC5MREFQQmFja2VuZCIsInBhc3N3b3JkIjoic21vQDIwMTUiLCJfYXV0aF91c2VyX2lkIjoiNCIsIl9hdXRoX3VzZXJfaGFzaCI6ImJiNWU2YWRmNjNhYWQ2MjQ4MDRjNGNmNzFiOTVmYzdiNjJlZmJiYzgiLCJyb2xlIjoiQURNSU4iLCJsb2dpbiI6ImlwcG9sZiJ9','2015-11-30 11:36:15.100760'),('rek94o34x92lttt0ezak4nwumfixa282','MGQwNjk2ZjcwZDViMjIxNDdhNjgzZDA3NjFlNDk1OTk1NTY2NmEyMDp7fQ==','2015-09-15 09:20:23.688537'),('rkfs26oxxi9f3ey14n93qn9tslme5ejj','NWFhMmY1YTAyNWYyODk2NTQ5NjBlMGIyNDQ4NGEwOTdiMGU4MTQ1NDp7InJvbGUiOiJBRE1JTiIsImxvZ2luIjoiY29sb214IiwiX2F1dGhfdXNlcl9pZCI6IjIiLCJwYXNzd29yZCI6InNtb0AyMDE1IiwiX2F1dGhfdXNlcl9oYXNoIjoiMmY4ZDhmNTcxY2VjMzc1NGQ4MjhmZmY0NTM5ODViMWI0ZTJlNzJkZiIsIl9hdXRoX3VzZXJfYmFja2VuZCI6ImRqYW5nb19hdXRoX2xkYXAuYmFja2VuZC5MREFQQmFja2VuZCJ9','2015-09-03 10:37:23.655562'),('rodyrgryruyrqtg3rhy62jsfk8j9to8d','Y2U0NTZlOTI0NGI1MWJlN2ZiYzhiZWExYTQzOGU4OGJiN2UwYzkzZjp7Il9hdXRoX3VzZXJfaGFzaCI6IjJmOGQ4ZjU3MWNlYzM3NTRkODI4ZmZmNDUzOTg1YjFiNGUyZTcyZGYiLCJyb2xlIjoiQURNSU4iLCJfYXV0aF91c2VyX2lkIjoiMiIsImxvZ2luIjoiY29sb214IiwicGFzc3dvcmQiOiJzbW9AMjAxNSIsIl9hdXRoX3VzZXJfYmFja2VuZCI6ImRqYW5nb19hdXRoX2xkYXAuYmFja2VuZC5MREFQQmFja2VuZCJ9','2015-11-18 12:11:23.703666'),('rsmmbo7pyxdrf4st0ny1gncrc9wdov1f','MGQwNjk2ZjcwZDViMjIxNDdhNjgzZDA3NjFlNDk1OTk1NTY2NmEyMDp7fQ==','2015-07-01 07:41:05.548524'),('rx9rzebqfb2go9qcp8n0p87qcl92hmnp','MGQwNjk2ZjcwZDViMjIxNDdhNjgzZDA3NjFlNDk1OTk1NTY2NmEyMDp7fQ==','2015-09-21 13:13:09.840575'),('rxgclgehyirr4y6ysdtae4j0c8m19mzy','MTE5OTc5NmIyNWViYmJlNzUxNTQ2YzQ1NjhhOThmN2Q0NDBkOWNjODp7Il9hdXRoX3VzZXJfaGFzaCI6ImJiNWU2YWRmNjNhYWQ2MjQ4MDRjNGNmNzFiOTVmYzdiNjJlZmJiYzgiLCJfYXV0aF91c2VyX2JhY2tlbmQiOiJkamFuZ29fYXV0aF9sZGFwLmJhY2tlbmQuTERBUEJhY2tlbmQiLCJsb2dpbiI6IklQUE9MRiIsIl9hdXRoX3VzZXJfaWQiOiI0In0=','2015-06-26 10:59:20.751617'),('rxwd64kpnw14eziw9kjeddb59rcovn85','ZTAzZjY0MTlkOTE4MjhiODhkNDAwMjA2ZDRhM2YzMWY5OTdlMmEzNjp7Il9hdXRoX3VzZXJfYmFja2VuZCI6ImRqYW5nb19hdXRoX2xkYXAuYmFja2VuZC5MREFQQmFja2VuZCIsInBhc3N3b3JkIjoic21vQDIwMTUiLCJfYXV0aF91c2VyX2lkIjoiNCIsInJvbGUiOiJBRE1JTiIsIl9hdXRoX3VzZXJfaGFzaCI6ImJiNWU2YWRmNjNhYWQ2MjQ4MDRjNGNmNzFiOTVmYzdiNjJlZmJiYzgiLCJsb2dpbiI6ImlwcG9sZiJ9','2015-12-04 17:22:27.888925'),('rykrx2ddv15teucr2njlsu16bkoq0kf5','OTYzODE0ZjI3ZGY0YjVmZjVmM2M0NGUwOWM3ZTU1NTAyMTQ0NzUyNDp7InBhc3N3b3JkIjoic21vQDIwMTUiLCJsb2dpbiI6ImlwcG9sZiIsIl9hdXRoX3VzZXJfYmFja2VuZCI6ImRqYW5nb19hdXRoX2xkYXAuYmFja2VuZC5MREFQQmFja2VuZCIsIl9hdXRoX3VzZXJfaWQiOiI0IiwiX2F1dGhfdXNlcl9oYXNoIjoiYmI1ZTZhZGY2M2FhZDYyNDgwNGM0Y2Y3MWI5NWZjN2I2MmVmYmJjOCIsInJvbGUiOiJBRE1JTiJ9','2015-08-31 08:44:04.712696'),('rz63q3aiqtogtqkt6gmyjicd71qk614a','ZGU4YWZiY2E0NmI4OTZhZGEwYTBhNjBjMWQ2ZjMwNWNjZDcyOGJmNzp7Il9hdXRoX3VzZXJfaGFzaCI6ImJiNWU2YWRmNjNhYWQ2MjQ4MDRjNGNmNzFiOTVmYzdiNjJlZmJiYzgiLCJyb2xlIjoiQURNSU4iLCJfYXV0aF91c2VyX2lkIjoiNCIsImxvZ2luIjoiaXBwb2xmIiwicGFzc3dvcmQiOiJzbW9AMjAxNSIsIl9hdXRoX3VzZXJfYmFja2VuZCI6ImRqYW5nb19hdXRoX2xkYXAuYmFja2VuZC5MREFQQmFja2VuZCJ9','2015-11-18 17:31:08.709412'),('rzayp0h7xt320hdl4tt6uul9k88xuiil','OWU0YTRmYjE2YmQ2MDg4ZTcyZDVkYzIyNTFkYTZiYTI1MTdkYTBmOTp7Il9hdXRoX3VzZXJfaGFzaCI6ImJiNWU2YWRmNjNhYWQ2MjQ4MDRjNGNmNzFiOTVmYzdiNjJlZmJiYzgiLCJwYXNzd29yZCI6InNtb0AyMDE1IiwiX2F1dGhfdXNlcl9iYWNrZW5kIjoiZGphbmdvX2F1dGhfbGRhcC5iYWNrZW5kLkxEQVBCYWNrZW5kIiwiX2F1dGhfdXNlcl9pZCI6IjQiLCJsb2dpbiI6IklQUE9MRiJ9','2015-08-26 14:38:03.834993'),('s2b881ky9kzr2ri78kc0ajslzoqjd2uh','MGQwNjk2ZjcwZDViMjIxNDdhNjgzZDA3NjFlNDk1OTk1NTY2NmEyMDp7fQ==','2015-06-30 11:11:45.748158'),('s2mo06y2ho8mrarxsrssho3jf7meffxj','ZTIxOTg3ODQzZWZiNWRlYTQzMzk2NzhkYzJjZGYzM2Q2YzdjNTc3Mzp7Il9hdXRoX3VzZXJfYmFja2VuZCI6ImRqYW5nb19hdXRoX2xkYXAuYmFja2VuZC5MREFQQmFja2VuZCIsIl9hdXRoX3VzZXJfaGFzaCI6ImJiNWU2YWRmNjNhYWQ2MjQ4MDRjNGNmNzFiOTVmYzdiNjJlZmJiYzgiLCJfYXV0aF91c2VyX2lkIjoiNCIsInBhc3N3b3JkIjoic21vQDIwMTUiLCJsb2dpbiI6ImlwcG9sZiIsInJvbGUiOiJBRE1JTiJ9','2015-11-16 15:25:22.076949'),('s4fx9vnvsm9bdwsrk08khslywy0ay0vh','MGQwNjk2ZjcwZDViMjIxNDdhNjgzZDA3NjFlNDk1OTk1NTY2NmEyMDp7fQ==','2015-08-24 13:40:42.022084'),('s634a6r8as9vislv9rca6p9ww4lfv2eg','YTY5ODk3ZGFjZWQ5NTEwYTNhOWU5NDQ3NjA1MDFkZGViNDNiNzdjNjp7ImxvZ2luIjoiaXBwb2xmIiwicm9sZSI6IkFETUlOIiwiX2F1dGhfdXNlcl9oYXNoIjoiYmI1ZTZhZGY2M2FhZDYyNDgwNGM0Y2Y3MWI5NWZjN2I2MmVmYmJjOCIsInBhc3N3b3JkIjoic21vQDIwMTUiLCJfYXV0aF91c2VyX2JhY2tlbmQiOiJkamFuZ29fYXV0aF9sZGFwLmJhY2tlbmQuTERBUEJhY2tlbmQiLCJfYXV0aF91c2VyX2lkIjoiNCJ9','2015-11-04 09:53:14.825692'),('seyf6cpf0ahw9g6av8x4de9bo4f17tui','MGQwNjk2ZjcwZDViMjIxNDdhNjgzZDA3NjFlNDk1OTk1NTY2NmEyMDp7fQ==','2015-11-25 13:54:46.634787'),('sme9vmafjhqes6opk9qra6jfms16xctw','YjM4OTIwZjY2MzU3MTI5NTg2MTU1ZTZjNDQzMTI2NjU3YWJlNjdhMjp7Il9hdXRoX3VzZXJfaGFzaCI6IjJmOGQ4ZjU3MWNlYzM3NTRkODI4ZmZmNDUzOTg1YjFiNGUyZTcyZGYiLCJfYXV0aF91c2VyX2lkIjoiMiIsInJvbGUiOiJBRE1JTiIsImxvZ2luIjoiY29sb214IiwicGFzc3dvcmQiOiJzbW9AMjAxNSIsIl9hdXRoX3VzZXJfYmFja2VuZCI6ImRqYW5nb19hdXRoX2xkYXAuYmFja2VuZC5MREFQQmFja2VuZCJ9','2015-08-31 14:23:40.268471'),('sujsvjl97vudtbs1zv9sh2k0h8zvq85y','ZjI0N2M1YTRhNDE4MzVlN2IwZTBlYzIxYTMzZjU3MTJmZGQ2MWU5Mjp7Il9hdXRoX3VzZXJfaGFzaCI6IjJmOGQ4ZjU3MWNlYzM3NTRkODI4ZmZmNDUzOTg1YjFiNGUyZTcyZGYiLCJfYXV0aF91c2VyX2lkIjoiMiIsImxvZ2luIjoiQ09MT01YIiwiX2F1dGhfdXNlcl9iYWNrZW5kIjoiZGphbmdvX2F1dGhfbGRhcC5iYWNrZW5kLkxEQVBCYWNrZW5kIn0=','2015-07-15 15:28:31.383187'),('svy46xc4kxd1zpazf0hn9ozs7ivivii3','Mzg1NWVmZjExZTI3Mjk2OTdmNTc4ZGY5YzA1NjQ3MGI3NTVkM2E0YTp7ImxvZ2luIjoiSVBQT0xGIiwiX2F1dGhfdXNlcl9pZCI6IjQiLCJfYXV0aF91c2VyX2JhY2tlbmQiOiJkamFuZ29fYXV0aF9sZGFwLmJhY2tlbmQuTERBUEJhY2tlbmQiLCJfYXV0aF91c2VyX2hhc2giOiJiYjVlNmFkZjYzYWFkNjI0ODA0YzRjZjcxYjk1ZmM3YjYyZWZiYmM4In0=','2015-06-30 15:01:55.905343'),('swt7dnr4dc7467j1ttge6mjyguo6w80d','ZjcxNjQzZWQzZTc3MjEyZjU3OTVlMDliZDhkNzNkM2NkY2FlYzcyYjp7Il9hdXRoX3VzZXJfYmFja2VuZCI6ImRqYW5nb19hdXRoX2xkYXAuYmFja2VuZC5MREFQQmFja2VuZCIsInBhc3N3b3JkIjoic21vQDIwMTUiLCJyb2xlIjoiQURNSU4iLCJsb2dpbiI6ImlwcG9sZiIsIl9hdXRoX3VzZXJfaGFzaCI6ImJiNWU2YWRmNjNhYWQ2MjQ4MDRjNGNmNzFiOTVmYzdiNjJlZmJiYzgiLCJfYXV0aF91c2VyX2lkIjoiNCJ9','2015-12-14 14:15:37.163864'),('swx769i4xcphlzor3vbqa4w02310idrk','MWJkZTNlNzVhYzU2MWY4ODgyMTIwOWU3NDFlZjA0YzViYWYxM2ZhNTp7Il9hdXRoX3VzZXJfaGFzaCI6IjJmOGQ4ZjU3MWNlYzM3NTRkODI4ZmZmNDUzOTg1YjFiNGUyZTcyZGYiLCJfYXV0aF91c2VyX2lkIjoiMiIsIl9hdXRoX3VzZXJfYmFja2VuZCI6ImRqYW5nb19hdXRoX2xkYXAuYmFja2VuZC5MREFQQmFja2VuZCIsImxvZ2luIjoiQ09MT01YIn0=','2015-07-13 09:42:43.305465'),('sxevs5j7fc6juo8oooyeijhd57n4csns','MzAxYjAwODE3YzZmMWM1NDM2MzhmZmUzNzZmMzdmYjE3MjVmZDg3Mjp7InBhc3N3b3JkIjoic21vQDIwMTUiLCJfYXV0aF91c2VyX2lkIjoiNCIsInJvbGUiOiJBRE1JTiIsImxvZ2luIjoiaXBwb2xmIiwiX2F1dGhfdXNlcl9oYXNoIjoiYmI1ZTZhZGY2M2FhZDYyNDgwNGM0Y2Y3MWI5NWZjN2I2MmVmYmJjOCIsIl9hdXRoX3VzZXJfYmFja2VuZCI6ImRqYW5nb19hdXRoX2xkYXAuYmFja2VuZC5MREFQQmFja2VuZCJ9','2015-12-09 17:49:36.393945'),('sxlfvl9m384c7l90pon07pu60ox7zmis','MGQwNjk2ZjcwZDViMjIxNDdhNjgzZDA3NjFlNDk1OTk1NTY2NmEyMDp7fQ==','2015-06-23 10:46:08.174648'),('syfrea3kju44stlyu9bbjrqa3lb69hlm','ZjYzMDYyMTBkYTNlNTQyZTJjZTM0MTEwNTdlOWE5ZTAxYTU0ZDVhZjp7ImxvZ2luIjoiQ09MT01YIiwiX2F1dGhfdXNlcl9oYXNoIjoiMmY4ZDhmNTcxY2VjMzc1NGQ4MjhmZmY0NTM5ODViMWI0ZTJlNzJkZiIsIl9hdXRoX3VzZXJfaWQiOiIyIiwiX2F1dGhfdXNlcl9iYWNrZW5kIjoiZGphbmdvX2F1dGhfbGRhcC5iYWNrZW5kLkxEQVBCYWNrZW5kIn0=','2015-07-09 11:22:59.029126'),('syqa9sg97f5sk2pb8qd65uciku8moncp','Y2U0NTZlOTI0NGI1MWJlN2ZiYzhiZWExYTQzOGU4OGJiN2UwYzkzZjp7Il9hdXRoX3VzZXJfaGFzaCI6IjJmOGQ4ZjU3MWNlYzM3NTRkODI4ZmZmNDUzOTg1YjFiNGUyZTcyZGYiLCJyb2xlIjoiQURNSU4iLCJfYXV0aF91c2VyX2lkIjoiMiIsImxvZ2luIjoiY29sb214IiwicGFzc3dvcmQiOiJzbW9AMjAxNSIsIl9hdXRoX3VzZXJfYmFja2VuZCI6ImRqYW5nb19hdXRoX2xkYXAuYmFja2VuZC5MREFQQmFja2VuZCJ9','2015-11-18 09:37:14.382539'),('t0agmz37mr1vkuoqv4a0rx2q9i6o50j6','MGQwNjk2ZjcwZDViMjIxNDdhNjgzZDA3NjFlNDk1OTk1NTY2NmEyMDp7fQ==','2015-07-01 11:14:23.385038'),('t1luac1ptwl5v5jcdfi18jd04997723v','Y2JiZWIyOTdhM2Q4M2EyYWIzNzk0MWMzMTA0NTgyZjdkOTA1ZGQwMDp7Il9hdXRoX3VzZXJfYmFja2VuZCI6ImRqYW5nb19hdXRoX2xkYXAuYmFja2VuZC5MREFQQmFja2VuZCIsIl9hdXRoX3VzZXJfaWQiOiIyIiwibG9naW4iOiJDT0xPTVgiLCJfYXV0aF91c2VyX2hhc2giOiIyZjhkOGY1NzFjZWMzNzU0ZDgyOGZmZjQ1Mzk4NWIxYjRlMmU3MmRmIn0=','2015-07-10 11:25:29.782429'),('t54sfgf13lv73ngitj8q9k33abs7gxo4','MGQwNjk2ZjcwZDViMjIxNDdhNjgzZDA3NjFlNDk1OTk1NTY2NmEyMDp7fQ==','2015-12-15 12:15:21.890616'),('tbnkao2n7c2vagmpoasut8yzw7ez3msr','NzgwZDkzZWExYmZjYzE0OGVhNDY4MDA5Y2ZiNjAyZjJjZGNkZjcwMDp7Il9hdXRoX3VzZXJfYmFja2VuZCI6ImRqYW5nb19hdXRoX2xkYXAuYmFja2VuZC5MREFQQmFja2VuZCIsIl9hdXRoX3VzZXJfaGFzaCI6IjJmOGQ4ZjU3MWNlYzM3NTRkODI4ZmZmNDUzOTg1YjFiNGUyZTcyZGYiLCJfYXV0aF91c2VyX2lkIjoiMiIsImxvZ2luIjoiQ09MT01YIn0=','2015-07-01 11:02:20.758650'),('tdouhwc79y1rh6kl8frujjtre65jg7wl','OGZmMjQxNmEyMThkMzNhN2NkNGVmYzcwOWU5MmI1YzE5ODYzZThjNjp7Il9hdXRoX3VzZXJfYmFja2VuZCI6ImRqYW5nb19hdXRoX2xkYXAuYmFja2VuZC5MREFQQmFja2VuZCIsIl9hdXRoX3VzZXJfaWQiOiI0IiwiX2F1dGhfdXNlcl9oYXNoIjoiYmI1ZTZhZGY2M2FhZDYyNDgwNGM0Y2Y3MWI5NWZjN2I2MmVmYmJjOCJ9','2015-07-14 13:48:57.378349'),('tg86yqxd5byez7g6jiy5ttxrpjcjjb3l','ZGU4YWZiY2E0NmI4OTZhZGEwYTBhNjBjMWQ2ZjMwNWNjZDcyOGJmNzp7Il9hdXRoX3VzZXJfaGFzaCI6ImJiNWU2YWRmNjNhYWQ2MjQ4MDRjNGNmNzFiOTVmYzdiNjJlZmJiYzgiLCJyb2xlIjoiQURNSU4iLCJfYXV0aF91c2VyX2lkIjoiNCIsImxvZ2luIjoiaXBwb2xmIiwicGFzc3dvcmQiOiJzbW9AMjAxNSIsIl9hdXRoX3VzZXJfYmFja2VuZCI6ImRqYW5nb19hdXRoX2xkYXAuYmFja2VuZC5MREFQQmFja2VuZCJ9','2015-11-18 08:59:06.725394'),('toow48xynml8xuhgw4klm6bdzb6gn5gr','NzYwMGNkYTE3MzA3ZGY5MzcxZDVhYzVhOGMzMjYzMWFmMjk5YzhmMjp7Il9hdXRoX3VzZXJfYmFja2VuZCI6ImRqYW5nb19hdXRoX2xkYXAuYmFja2VuZC5MREFQQmFja2VuZCIsImxvZ2luIjoiY29sb214IiwiX2F1dGhfdXNlcl9pZCI6IjIiLCJwYXNzd29yZCI6InNtb0AyMDE1IiwiX2F1dGhfdXNlcl9oYXNoIjoiMmY4ZDhmNTcxY2VjMzc1NGQ4MjhmZmY0NTM5ODViMWI0ZTJlNzJkZiIsInJvbGUiOiJBRE1JTiJ9','2015-09-24 15:54:12.344371'),('tp1jzwdpv1o1hftu2qt27tegyg4s1a7k','MzhlOTgxNmY2M2MwMWYzNGE1ODc0OTIxOTFjMjkwYTVhYmFjZDdmYzp7Il9hdXRoX3VzZXJfYmFja2VuZCI6ImRqYW5nb19hdXRoX2xkYXAuYmFja2VuZC5MREFQQmFja2VuZCIsIl9hdXRoX3VzZXJfaWQiOiIyIiwicGFzc3dvcmQiOiJzbW9AMjAxNSIsIl9hdXRoX3VzZXJfaGFzaCI6IjJmOGQ4ZjU3MWNlYzM3NTRkODI4ZmZmNDUzOTg1YjFiNGUyZTcyZGYiLCJsb2dpbiI6ImNvbG9teCIsInJvbGUiOiJBRE1JTiJ9','2015-11-24 12:13:35.370287'),('tqhl3m9xukvrh07orjx9bda0h91paii4','NzgzZjgyZTQxNjMxOTM3ZGRjYjg0ZjQ1MDM1ZDQ1ZWE5MjgyNDkwNTp7Il9hdXRoX3VzZXJfaWQiOiI0IiwibG9naW4iOiJpcHBvbGYiLCJwYXNzd29yZCI6InNtb0AyMDE1Iiwicm9sZSI6IkFETUlOIiwiX2F1dGhfdXNlcl9oYXNoIjoiYmI1ZTZhZGY2M2FhZDYyNDgwNGM0Y2Y3MWI5NWZjN2I2MmVmYmJjOCIsIl9hdXRoX3VzZXJfYmFja2VuZCI6ImRqYW5nb19hdXRoX2xkYXAuYmFja2VuZC5MREFQQmFja2VuZCJ9','2015-12-09 14:50:00.173542'),('tv253ijynjzj2ob3u7nonxbkfz8l68qt','MGQwNjk2ZjcwZDViMjIxNDdhNjgzZDA3NjFlNDk1OTk1NTY2NmEyMDp7fQ==','2015-07-01 15:39:24.885336'),('tx08xlkktpo1ho6m31qjt85gy012spab','ODY0OGQwZjM1NmQ1YWNkMTkwZGMzNTg1Y2ViZmM1ODcxMjc5NmRmMDp7InJvbGUiOiJBRE1JTiIsImxvZ2luIjoiaXBwb2xmIiwiX2F1dGhfdXNlcl9pZCI6IjQiLCJfYXV0aF91c2VyX2hhc2giOiJiYjVlNmFkZjYzYWFkNjI0ODA0YzRjZjcxYjk1ZmM3YjYyZWZiYmM4IiwicGFzc3dvcmQiOiJzbW9AMjAxNSIsIl9hdXRoX3VzZXJfYmFja2VuZCI6ImRqYW5nb19hdXRoX2xkYXAuYmFja2VuZC5MREFQQmFja2VuZCJ9','2015-10-05 16:11:54.949778'),('txhci2jf50fdqfkpesyfkthu4ez3337k','MGQwNjk2ZjcwZDViMjIxNDdhNjgzZDA3NjFlNDk1OTk1NTY2NmEyMDp7fQ==','2015-07-15 09:47:47.095860'),('u0q8bv6oj4333o8cst5qltjxgjanvmmb','NWFlZDU5OTcyNTcyYjgwY2M5NGQ1ZmU0NzBjZTIzYTAzMzJkNDA4Njp7Il9hdXRoX3VzZXJfaGFzaCI6IjJmOGQ4ZjU3MWNlYzM3NTRkODI4ZmZmNDUzOTg1YjFiNGUyZTcyZGYiLCJfYXV0aF91c2VyX2lkIjoiMiIsIl9hdXRoX3VzZXJfYmFja2VuZCI6ImRqYW5nb19hdXRoX2xkYXAuYmFja2VuZC5MREFQQmFja2VuZCIsImxvZ2luIjoiY29sb214IiwicGFzc3dvcmQiOiJzbW9AMjAxNSIsInJvbGUiOiJBRE1JTiJ9','2015-09-22 11:20:56.855099'),('u2v9bvewwra2ykbup6c1q2yipgqpznhc','NWU2OWY4YjQ4MTIyYzU5MTU4OWY5MzFkYzQ5OTA4ODg4MzY2YTUwOTp7ImxvZ2luIjoiaXBwb2xmIiwicm9sZSI6IkFETUlOIiwiX2F1dGhfdXNlcl9pZCI6IjQiLCJfYXV0aF91c2VyX2hhc2giOiJiYjVlNmFkZjYzYWFkNjI0ODA0YzRjZjcxYjk1ZmM3YjYyZWZiYmM4IiwiX2F1dGhfdXNlcl9iYWNrZW5kIjoiZGphbmdvX2F1dGhfbGRhcC5iYWNrZW5kLkxEQVBCYWNrZW5kIiwicGFzc3dvcmQiOiJzbW9AMjAxNSJ9','2015-12-09 12:19:03.810920'),('u34ig335qyl7ymzwoo5r2v44nebab7r1','ZGQ5YjM3MTU5MWI1NGYyNDZhMTk1MDhjYjg5YjVjYzM1NDRkYTEyODp7InJvbGUiOiJBRE1JTiIsImxvZ2luIjoiaXBwb2xmIiwiX2F1dGhfdXNlcl9iYWNrZW5kIjoiZGphbmdvX2F1dGhfbGRhcC5iYWNrZW5kLkxEQVBCYWNrZW5kIiwiX2F1dGhfdXNlcl9oYXNoIjoiYmI1ZTZhZGY2M2FhZDYyNDgwNGM0Y2Y3MWI5NWZjN2I2MmVmYmJjOCIsIl9hdXRoX3VzZXJfaWQiOiI0IiwicGFzc3dvcmQiOiJzbW9AMjAxNSJ9','2015-11-26 11:20:56.547636'),('u686wo38odbc7kx1z60utax22kyyt2iw','MGQwNjk2ZjcwZDViMjIxNDdhNjgzZDA3NjFlNDk1OTk1NTY2NmEyMDp7fQ==','2015-07-14 13:48:11.936860'),('u7de3ff19cce12ojad4g29ec8qxwvjeg','MGQwNjk2ZjcwZDViMjIxNDdhNjgzZDA3NjFlNDk1OTk1NTY2NmEyMDp7fQ==','2015-07-01 16:18:20.522088'),('u8hiloeh50vt0a9emwsjs043w9ksmrpe','MjUwOGFlNzBlNjk4NjUyOWQ4ZGNmOWJlNjUwODhhMTkwZmZmN2UxNTp7InBhc3N3b3JkIjoic21vQDIwMTUiLCJfYXV0aF91c2VyX2lkIjoiNCIsImxvZ2luIjoiaXBwb2xmIiwicm9sZSI6IkFETUlOIiwiX2F1dGhfdXNlcl9iYWNrZW5kIjoiZGphbmdvX2F1dGhfbGRhcC5iYWNrZW5kLkxEQVBCYWNrZW5kIiwiX2F1dGhfdXNlcl9oYXNoIjoiYmI1ZTZhZGY2M2FhZDYyNDgwNGM0Y2Y3MWI5NWZjN2I2MmVmYmJjOCJ9','2015-11-09 10:08:17.133027'),('uforjmlp3ghvtk4pq742mu7ub27v3gva','MGQwNjk2ZjcwZDViMjIxNDdhNjgzZDA3NjFlNDk1OTk1NTY2NmEyMDp7fQ==','2015-12-17 12:16:19.776066'),('ufqcen0ceu6b1r9wmkcepqhf9f9lebrn','MGQwNjk2ZjcwZDViMjIxNDdhNjgzZDA3NjFlNDk1OTk1NTY2NmEyMDp7fQ==','2015-12-18 08:42:21.195223'),('uh70ujwrx3w628tw3ek6qquz445dmn7m','M2ViZDI4ZWYxYjRmMjlhN2UzZmZjYmU5ZDI4YmE2MjIwZjA5MzMwOTp7Il9hdXRoX3VzZXJfYmFja2VuZCI6ImRqYW5nb19hdXRoX2xkYXAuYmFja2VuZC5MREFQQmFja2VuZCIsIl9hdXRoX3VzZXJfaGFzaCI6ImJiNWU2YWRmNjNhYWQ2MjQ4MDRjNGNmNzFiOTVmYzdiNjJlZmJiYzgiLCJsb2dpbiI6ImlwcG9sZiIsInJvbGUiOiJBRE1JTiIsIl9hdXRoX3VzZXJfaWQiOiI0IiwicGFzc3dvcmQiOiJzbW9AMjAxNSJ9','2015-11-23 18:34:07.296418'),('uih7ox9omc8bkgexsr2yevdd0a9z8blo','MGQwNjk2ZjcwZDViMjIxNDdhNjgzZDA3NjFlNDk1OTk1NTY2NmEyMDp7fQ==','2015-09-23 08:09:40.940660'),('ujeqfzs6ceiel4m6b5ne691lpuhr6oev','NWM2NTZlZjI4OTk4Y2ExYmVkMjdhNjJiOWZhMmQ2MjM3OGQ0ZGRiNjp7ImxvZ2luIjoiaXBwb2xmIiwiX2F1dGhfdXNlcl9oYXNoIjoiYmI1ZTZhZGY2M2FhZDYyNDgwNGM0Y2Y3MWI5NWZjN2I2MmVmYmJjOCIsIl9hdXRoX3VzZXJfYmFja2VuZCI6ImRqYW5nb19hdXRoX2xkYXAuYmFja2VuZC5MREFQQmFja2VuZCIsIl9hdXRoX3VzZXJfaWQiOiI0Iiwicm9sZSI6IkFETUlOIiwicGFzc3dvcmQiOiJzbW9AMjAxNSJ9','2015-12-14 18:02:50.964754'),('ujl2uyuqk1w7mwh5xzwpyov9si2tch9i','ZjI0N2M1YTRhNDE4MzVlN2IwZTBlYzIxYTMzZjU3MTJmZGQ2MWU5Mjp7Il9hdXRoX3VzZXJfaGFzaCI6IjJmOGQ4ZjU3MWNlYzM3NTRkODI4ZmZmNDUzOTg1YjFiNGUyZTcyZGYiLCJfYXV0aF91c2VyX2lkIjoiMiIsImxvZ2luIjoiQ09MT01YIiwiX2F1dGhfdXNlcl9iYWNrZW5kIjoiZGphbmdvX2F1dGhfbGRhcC5iYWNrZW5kLkxEQVBCYWNrZW5kIn0=','2015-07-15 09:52:45.150032'),('ujlwc6v6xj0wy9jbgn37pq2qz60278ia','OWExNjlmNjhhNjgxMjQzZGEwZjQ4ZDQ0OGMyZGI4ZDgyNTVjZDgyODp7Il9hdXRoX3VzZXJfYmFja2VuZCI6ImRqYW5nb19hdXRoX2xkYXAuYmFja2VuZC5MREFQQmFja2VuZCIsInBhc3N3b3JkIjoic21vQDIwMTUiLCJfYXV0aF91c2VyX2lkIjoiMiIsIl9hdXRoX3VzZXJfaGFzaCI6IjJmOGQ4ZjU3MWNlYzM3NTRkODI4ZmZmNDUzOTg1YjFiNGUyZTcyZGYiLCJyb2xlIjoiQURNSU4iLCJsb2dpbiI6ImNvbG9teCJ9','2015-10-15 10:40:09.994916'),('uoagt7dte6un2h7zvm0ncun890t7s7q4','MmJhYWYwNmQyM2MwMzVlMjAzYWFhOWJkMjZiNDZkZmQ3YTNhMWNlYzp7InJvbGUiOiJBRE1JTiIsIl9hdXRoX3VzZXJfaGFzaCI6IjJmOGQ4ZjU3MWNlYzM3NTRkODI4ZmZmNDUzOTg1YjFiNGUyZTcyZGYiLCJsb2dpbiI6ImNvbG9teCIsIl9hdXRoX3VzZXJfaWQiOiIyIiwicGFzc3dvcmQiOiJzbW9AMjAxNSIsIl9hdXRoX3VzZXJfYmFja2VuZCI6ImRqYW5nb19hdXRoX2xkYXAuYmFja2VuZC5MREFQQmFja2VuZCJ9','2015-09-21 16:41:27.863536'),('upicjot7ufgoyio21mcew0isasbed3yu','Y2JiZWIyOTdhM2Q4M2EyYWIzNzk0MWMzMTA0NTgyZjdkOTA1ZGQwMDp7Il9hdXRoX3VzZXJfYmFja2VuZCI6ImRqYW5nb19hdXRoX2xkYXAuYmFja2VuZC5MREFQQmFja2VuZCIsIl9hdXRoX3VzZXJfaWQiOiIyIiwibG9naW4iOiJDT0xPTVgiLCJfYXV0aF91c2VyX2hhc2giOiIyZjhkOGY1NzFjZWMzNzU0ZDgyOGZmZjQ1Mzk4NWIxYjRlMmU3MmRmIn0=','2015-07-24 13:24:26.858143'),('uqyyze7lz5h8tjyj3vmwoyr516ksiuno','MGQwNjk2ZjcwZDViMjIxNDdhNjgzZDA3NjFlNDk1OTk1NTY2NmEyMDp7fQ==','2015-07-01 15:39:24.868466'),('uynyzmn5lt3399nuo93qkkn09v2ayvdm','MGQwNjk2ZjcwZDViMjIxNDdhNjgzZDA3NjFlNDk1OTk1NTY2NmEyMDp7fQ==','2015-10-15 13:54:08.752919'),('v24c4ndbb4z4zq35asnbrwnywusglskc','ZmM5NDI2OWU5OGU2NWJkZjNiYjllOGIyNTIwY2NkNGYzOTE0OTNlZDp7Il9hdXRoX3VzZXJfaGFzaCI6IjJmOGQ4ZjU3MWNlYzM3NTRkODI4ZmZmNDUzOTg1YjFiNGUyZTcyZGYiLCJsb2dpbiI6IkNPTE9NWCIsIl9hdXRoX3VzZXJfYmFja2VuZCI6ImRqYW5nb19hdXRoX2xkYXAuYmFja2VuZC5MREFQQmFja2VuZCIsIl9hdXRoX3VzZXJfaWQiOiIyIn0=','2015-07-17 15:27:17.287756'),('v49zubkv20exgff31mgp9njrxdqt5iuh','MGQwNjk2ZjcwZDViMjIxNDdhNjgzZDA3NjFlNDk1OTk1NTY2NmEyMDp7fQ==','2015-09-15 08:05:28.493083'),('v4uoxj929bsej6w8zcibua893qx0x2tw','MGFjM2ZiYmZlNDVmYmZkMmU5YTc5N2RjOTBlY2MzNjAyZDg1YzVmMTp7InJvbGUiOiJBRE1JTiIsIl9hdXRoX3VzZXJfaGFzaCI6ImJiNWU2YWRmNjNhYWQ2MjQ4MDRjNGNmNzFiOTVmYzdiNjJlZmJiYzgiLCJwYXNzd29yZCI6InNtb0AyMDE1IiwiX2F1dGhfdXNlcl9iYWNrZW5kIjoiZGphbmdvX2F1dGhfbGRhcC5iYWNrZW5kLkxEQVBCYWNrZW5kIiwiX2F1dGhfdXNlcl9pZCI6IjQiLCJsb2dpbiI6ImlwcG9sZiJ9','2015-12-11 12:14:15.134842'),('v5f6ncuxkf06m9gsl0efdrmnp7ogbwgj','OTA5NWU5ODFkZTMxNmQ1ODgyMTQ2NTdkOGU3NTRhZjhhMzBlMjQ0OTp7ImxvZ2luIjoiQ09MT01YIiwiX2F1dGhfdXNlcl9pZCI6IjIiLCJfYXV0aF91c2VyX2JhY2tlbmQiOiJkamFuZ29fYXV0aF9sZGFwLmJhY2tlbmQuTERBUEJhY2tlbmQiLCJfYXV0aF91c2VyX2hhc2giOiIyZjhkOGY1NzFjZWMzNzU0ZDgyOGZmZjQ1Mzk4NWIxYjRlMmU3MmRmIn0=','2015-07-27 15:30:39.759908'),('v6bh14v5vdt5rzeyvcg9rgky64xdh0o1','YTZkMDU4N2RmOTI2MDJmZTViODhjZWJkMjFlNDk4NGViMTgxNzA1ODp7ImxvZ2luIjoiaXBwb2xmIiwiX2F1dGhfdXNlcl9pZCI6IjQiLCJyb2xlIjoiQURNSU4iLCJfYXV0aF91c2VyX2JhY2tlbmQiOiJkamFuZ29fYXV0aF9sZGFwLmJhY2tlbmQuTERBUEJhY2tlbmQiLCJwYXNzd29yZCI6InNtb0AyMDE1IiwiX2F1dGhfdXNlcl9oYXNoIjoiYmI1ZTZhZGY2M2FhZDYyNDgwNGM0Y2Y3MWI5NWZjN2I2MmVmYmJjOCJ9','2015-12-17 17:45:21.979976'),('va03nc7831iy1owm1km27sy29edgem11','NjBlM2UzNWRhNGMyOTRmNGVjZjg0YzcyY2NjNzg0MmRmNDZkYTEyOTp7Il9hdXRoX3VzZXJfaWQiOiIyIiwibG9naW4iOiJjb2xvbXgiLCJyb2xlIjoiQURNSU4iLCJfYXV0aF91c2VyX2JhY2tlbmQiOiJkamFuZ29fYXV0aF9sZGFwLmJhY2tlbmQuTERBUEJhY2tlbmQiLCJwYXNzd29yZCI6InNtb0AyMDE1IiwiX2F1dGhfdXNlcl9oYXNoIjoiMmY4ZDhmNTcxY2VjMzc1NGQ4MjhmZmY0NTM5ODViMWI0ZTJlNzJkZiJ9','2015-11-23 12:13:52.709558'),('vccwh7b5cnls8on9e49wbwc506d89fb7','MGQwNjk2ZjcwZDViMjIxNDdhNjgzZDA3NjFlNDk1OTk1NTY2NmEyMDp7fQ==','2015-07-01 07:41:05.562072'),('vo1k6587ndt3rcgtg7dskbn7aazb9gby','YzZkODg2ZTgwN2I2ZGYyMmRkZjc4NDU5NTU0NTMzYzFhNmQxN2I1Zjp7Il9hdXRoX3VzZXJfaWQiOiI0IiwibG9naW4iOiJJUFBPTEYiLCJfYXV0aF91c2VyX2JhY2tlbmQiOiJkamFuZ29fYXV0aF9sZGFwLmJhY2tlbmQuTERBUEJhY2tlbmQiLCJfYXV0aF91c2VyX2hhc2giOiJiYjVlNmFkZjYzYWFkNjI0ODA0YzRjZjcxYjk1ZmM3YjYyZWZiYmM4In0=','2015-06-26 14:32:59.081275'),('vsv4nf2kbpotsh4q4wilwb4riy18e6us','MGQwNjk2ZjcwZDViMjIxNDdhNjgzZDA3NjFlNDk1OTk1NTY2NmEyMDp7fQ==','2015-09-15 12:46:34.777297'),('vu4urgkuq15byzt3tb5hl0yjshid94yb','NzY2ZDM4YTJhYjhkNDllNWE2NmE0NTczMTI1YzRmNDgxODg4ZDA1ZDp7InJvbGUiOiJBRE1JTiIsImxvZ2luIjoiaXBwb2xmIiwicGFzc3dvcmQiOiJzbW9AMjAxNSIsIl9hdXRoX3VzZXJfYmFja2VuZCI6ImRqYW5nb19hdXRoX2xkYXAuYmFja2VuZC5MREFQQmFja2VuZCIsIl9hdXRoX3VzZXJfaGFzaCI6ImJiNWU2YWRmNjNhYWQ2MjQ4MDRjNGNmNzFiOTVmYzdiNjJlZmJiYzgiLCJfYXV0aF91c2VyX2lkIjoiNCJ9','2015-09-08 14:23:13.481559'),('vujft0wobdhwtemapgu1vq5rt7dqqaz5','MGQwNjk2ZjcwZDViMjIxNDdhNjgzZDA3NjFlNDk1OTk1NTY2NmEyMDp7fQ==','2015-11-12 13:59:39.422402'),('vwhj4nld1q3j3cafrt2rqxsu0pzgy3xi','MGQwNjk2ZjcwZDViMjIxNDdhNjgzZDA3NjFlNDk1OTk1NTY2NmEyMDp7fQ==','2015-07-15 09:48:54.766760'),('w1h5yvko8n895vwh2cruv2cxijv7hc0a','NWJmNGEzMTUyMWIxOTVmMjE1MDI2ZTQ5ODI1M2Q1ODY2MDkyZDgzNDp7InJvbGUiOiJBRE1JTiIsInBhc3N3b3JkIjoic21vQDIwMTUiLCJfYXV0aF91c2VyX2lkIjoiNCIsIl9hdXRoX3VzZXJfaGFzaCI6ImJiNWU2YWRmNjNhYWQ2MjQ4MDRjNGNmNzFiOTVmYzdiNjJlZmJiYzgiLCJfYXV0aF91c2VyX2JhY2tlbmQiOiJkamFuZ29fYXV0aF9sZGFwLmJhY2tlbmQuTERBUEJhY2tlbmQiLCJsb2dpbiI6ImlwcG9sZiJ9','2015-11-30 18:00:45.229022'),('w547nb0jvzln37oldpugejb6wmdrtlvy','YjE5MjRiMjAxMmVlNDlhNWY2NDU3MWYwZTc3N2JmZmE2YjAzOWFmMjp7Il9hdXRoX3VzZXJfaGFzaCI6IjJmOGQ4ZjU3MWNlYzM3NTRkODI4ZmZmNDUzOTg1YjFiNGUyZTcyZGYiLCJyb2xlIjoiQURNSU4iLCJsb2dpbiI6ImNvbG9teCIsInBhc3N3b3JkIjoic21vQDIwMTUiLCJfYXV0aF91c2VyX2JhY2tlbmQiOiJkamFuZ29fYXV0aF9sZGFwLmJhY2tlbmQuTERBUEJhY2tlbmQiLCJfYXV0aF91c2VyX2lkIjoiMiJ9','2015-12-01 14:13:53.200159'),('w7hciynvx5m9i9haq0pccorkwa2r5u0d','MGQwNjk2ZjcwZDViMjIxNDdhNjgzZDA3NjFlNDk1OTk1NTY2NmEyMDp7fQ==','2015-08-26 14:29:42.284565'),('w8wphjifg0zqnnes78eg9foyky5en2gw','MGQwNjk2ZjcwZDViMjIxNDdhNjgzZDA3NjFlNDk1OTk1NTY2NmEyMDp7fQ==','2015-07-01 16:18:20.584310'),('w9z6xiuglazngyo1cns1ztkqug5nxkcm','MGQwNjk2ZjcwZDViMjIxNDdhNjgzZDA3NjFlNDk1OTk1NTY2NmEyMDp7fQ==','2015-09-17 07:28:57.755095'),('waszasp9cl3yn7nnhvtbiz4pia5qi5sd','MGQwNjk2ZjcwZDViMjIxNDdhNjgzZDA3NjFlNDk1OTk1NTY2NmEyMDp7fQ==','2015-07-01 09:28:51.256097'),('wet7h7udxeqtv70umdsyumr48rs89fke','YjgyZWNkYWFmMWE0MjllZTVmYzI5ZjQ0MzZkMmUwNzcyOGZhN2Y1MTp7Il9hdXRoX3VzZXJfYmFja2VuZCI6ImRqYW5nb19hdXRoX2xkYXAuYmFja2VuZC5MREFQQmFja2VuZCIsInBhc3N3b3JkIjoic21vQDIwMTUiLCJfYXV0aF91c2VyX2lkIjoiNCIsInJvbGUiOiJBRE1JTiIsImxvZ2luIjoiaXBwb2xmIiwiX2F1dGhfdXNlcl9oYXNoIjoiYmI1ZTZhZGY2M2FhZDYyNDgwNGM0Y2Y3MWI5NWZjN2I2MmVmYmJjOCJ9','2015-12-09 16:54:55.461836'),('wfhqwljiya51t2j0r4pp61tzb35ijymk','MGVlZjg4OWYwOWUyOWUzYzg0ODdjN2M4YjExNmZmY2NiNDI1NjBhNzp7Il9hdXRoX3VzZXJfYmFja2VuZCI6ImRqYW5nb19hdXRoX2xkYXAuYmFja2VuZC5MREFQQmFja2VuZCIsIl9hdXRoX3VzZXJfaWQiOiI0IiwicGFzc3dvcmQiOiJzbW9AMjAxNSIsInJvbGUiOiJBRE1JTiIsIl9hdXRoX3VzZXJfaGFzaCI6ImJiNWU2YWRmNjNhYWQ2MjQ4MDRjNGNmNzFiOTVmYzdiNjJlZmJiYzgiLCJsb2dpbiI6ImlwcG9sZiJ9','2015-11-25 17:52:56.746652'),('wkip28uhmwh1msbdh1fjy602emttycx2','MDU4ZjYzYmEzMDI2NTYxYzZhZjU3OWJlOWI5MGIzMTU4MzQ5ZTRlNDp7Il9hdXRoX3VzZXJfYmFja2VuZCI6ImRqYW5nb19hdXRoX2xkYXAuYmFja2VuZC5MREFQQmFja2VuZCIsInBhc3N3b3JkIjoic21vQDIwMTUiLCJyb2xlIjoiQURNSU4iLCJfYXV0aF91c2VyX2hhc2giOiIyZjhkOGY1NzFjZWMzNzU0ZDgyOGZmZjQ1Mzk4NWIxYjRlMmU3MmRmIiwiX2F1dGhfdXNlcl9pZCI6IjIiLCJsb2dpbiI6ImNvbG9teCJ9','2015-11-30 11:01:29.927655'),('wqha3khhvn6ev6bj431vz47mpugh49cm','NDE4YjUxNjI0ZWU5Y2QxYWQ4MDJiODM0MDEyZWVkYTM0ODU5ZDZjZTp7Il9hdXRoX3VzZXJfaWQiOiIyIiwiX2F1dGhfdXNlcl9iYWNrZW5kIjoiZGphbmdvX2F1dGhfbGRhcC5iYWNrZW5kLkxEQVBCYWNrZW5kIiwiX2F1dGhfdXNlcl9oYXNoIjoiMmY4ZDhmNTcxY2VjMzc1NGQ4MjhmZmY0NTM5ODViMWI0ZTJlNzJkZiIsImxvZ2luIjoiQ09MT01YIn0=','2015-07-10 12:48:36.405486'),('wwfxnbt261qzmg0m4ftmhtca0nvit50j','MGQwNjk2ZjcwZDViMjIxNDdhNjgzZDA3NjFlNDk1OTk1NTY2NmEyMDp7fQ==','2015-07-01 11:01:12.045866'),('wy1y84qouoiwlg9cn2d4a64ql2jhpu0p','NzY2ZDM4YTJhYjhkNDllNWE2NmE0NTczMTI1YzRmNDgxODg4ZDA1ZDp7InJvbGUiOiJBRE1JTiIsImxvZ2luIjoiaXBwb2xmIiwicGFzc3dvcmQiOiJzbW9AMjAxNSIsIl9hdXRoX3VzZXJfYmFja2VuZCI6ImRqYW5nb19hdXRoX2xkYXAuYmFja2VuZC5MREFQQmFja2VuZCIsIl9hdXRoX3VzZXJfaGFzaCI6ImJiNWU2YWRmNjNhYWQ2MjQ4MDRjNGNmNzFiOTVmYzdiNjJlZmJiYzgiLCJfYXV0aF91c2VyX2lkIjoiNCJ9','2015-12-02 17:01:07.889174'),('wzul8e75sa2n2cciebfm3fclitih2x4s','OTU3OWM3NzhjMDk0OTBiYmQyNDE1NGM4MjRlNDhjMmUxNDg0ZWEzMjp7InJvbGUiOiJBRE1JTiIsIl9hdXRoX3VzZXJfaGFzaCI6ImJiNWU2YWRmNjNhYWQ2MjQ4MDRjNGNmNzFiOTVmYzdiNjJlZmJiYzgiLCJfYXV0aF91c2VyX2lkIjoiNCIsIl9hdXRoX3VzZXJfYmFja2VuZCI6ImRqYW5nb19hdXRoX2xkYXAuYmFja2VuZC5MREFQQmFja2VuZCIsImxvZ2luIjoiaXBwb2xmIiwicGFzc3dvcmQiOiJzbW9AMjAxNSJ9','2015-11-16 11:39:18.974665'),('x2s67g2zm46tprfs2r66tz0gvbtpgaqd','MGQwNjk2ZjcwZDViMjIxNDdhNjgzZDA3NjFlNDk1OTk1NTY2NmEyMDp7fQ==','2015-07-01 14:03:41.621317'),('x3bclpcorrg42h5tyvvfk3j6atuqsny0','Y2U3ZGI4NGRiZGY4YTc2YmRkNGUzMjdhMDNhYTA3OGYyZmZmNmE1Mzp7Il9hdXRoX3VzZXJfaGFzaCI6ImJiNWU2YWRmNjNhYWQ2MjQ4MDRjNGNmNzFiOTVmYzdiNjJlZmJiYzgiLCJwYXNzd29yZCI6InNtb0AyMDE1Iiwicm9sZSI6IkFETUlOIiwibG9naW4iOiJpcHBvbGYiLCJfYXV0aF91c2VyX2JhY2tlbmQiOiJkamFuZ29fYXV0aF9sZGFwLmJhY2tlbmQuTERBUEJhY2tlbmQiLCJfYXV0aF91c2VyX2lkIjoiNCJ9','2015-10-08 09:18:31.786249'),('x4da5s8be7mo9unf25fr236tktzdt5p6','ZDU5MjU5Zjg5MmFiMmU3Njk1YmE1YzIyYzQyNWNlODYwN2M0YWFiODp7ImxvZ2luIjoiQ09MT01YIiwiX2F1dGhfdXNlcl9iYWNrZW5kIjoiZGphbmdvX2F1dGhfbGRhcC5iYWNrZW5kLkxEQVBCYWNrZW5kIiwiX2F1dGhfdXNlcl9oYXNoIjoiMmY4ZDhmNTcxY2VjMzc1NGQ4MjhmZmY0NTM5ODViMWI0ZTJlNzJkZiIsIl9hdXRoX3VzZXJfaWQiOiIyIn0=','2015-07-08 11:23:46.569534'),('xnfahdpmx044sn3ox4ohvqi4pdsz750h','MGQwNjk2ZjcwZDViMjIxNDdhNjgzZDA3NjFlNDk1OTk1NTY2NmEyMDp7fQ==','2015-10-14 14:20:01.744749'),('xonaxqkr9dds4072loq1jyini0wwuvzh','MGQwNjk2ZjcwZDViMjIxNDdhNjgzZDA3NjFlNDk1OTk1NTY2NmEyMDp7fQ==','2015-07-01 12:13:00.824297'),('xrmpbz94p0vsixe7ol08rn2korwif6mz','N2U5NjBlNDQ2NTc0ODBkN2RjNzEwYmYxYjJiY2YzYTY1ZmE4ODdmNDp7Il9hdXRoX3VzZXJfaWQiOiIyIiwibG9naW4iOiJDT0xPTVgiLCJfYXV0aF91c2VyX2JhY2tlbmQiOiJkamFuZ29fYXV0aF9sZGFwLmJhY2tlbmQuTERBUEJhY2tlbmQiLCJfYXV0aF91c2VyX2hhc2giOiIyZjhkOGY1NzFjZWMzNzU0ZDgyOGZmZjQ1Mzk4NWIxYjRlMmU3MmRmIn0=','2015-07-23 10:51:21.501839'),('xsyymp1jjz4v4r3b921rg7l3uxbt7oox','MGQwNjk2ZjcwZDViMjIxNDdhNjgzZDA3NjFlNDk1OTk1NTY2NmEyMDp7fQ==','2015-07-02 07:52:06.119418'),('xvn9fg2mhkeq6iy68ljslw30j4x6grz6','NzgwZDkzZWExYmZjYzE0OGVhNDY4MDA5Y2ZiNjAyZjJjZGNkZjcwMDp7Il9hdXRoX3VzZXJfYmFja2VuZCI6ImRqYW5nb19hdXRoX2xkYXAuYmFja2VuZC5MREFQQmFja2VuZCIsIl9hdXRoX3VzZXJfaGFzaCI6IjJmOGQ4ZjU3MWNlYzM3NTRkODI4ZmZmNDUzOTg1YjFiNGUyZTcyZGYiLCJfYXV0aF91c2VyX2lkIjoiMiIsImxvZ2luIjoiQ09MT01YIn0=','2015-07-02 08:14:58.776395'),('xwpp6nvssllfrzlm4thivr8akkg953fw','MzUxMzY5YzNiNzU3MDMyZDJjZDUwOWU3YTBiNDhmMGY1ZTA0YTQzMDp7InJvbGUiOiJBRE1JTiIsImxvZ2luIjoiaXBwb2xmIiwiX2F1dGhfdXNlcl9iYWNrZW5kIjoiZGphbmdvX2F1dGhfbGRhcC5iYWNrZW5kLkxEQVBCYWNrZW5kIiwiX2F1dGhfdXNlcl9pZCI6IjQiLCJfYXV0aF91c2VyX2hhc2giOiJiYjVlNmFkZjYzYWFkNjI0ODA0YzRjZjcxYjk1ZmM3YjYyZWZiYmM4IiwicGFzc3dvcmQiOiJzbW9AMjAxNSJ9','2015-11-06 09:28:51.174994'),('xwxn6wd7fuyqe96sth146j4nhp1fe8oz','NzgwZDkzZWExYmZjYzE0OGVhNDY4MDA5Y2ZiNjAyZjJjZGNkZjcwMDp7Il9hdXRoX3VzZXJfYmFja2VuZCI6ImRqYW5nb19hdXRoX2xkYXAuYmFja2VuZC5MREFQQmFja2VuZCIsIl9hdXRoX3VzZXJfaGFzaCI6IjJmOGQ4ZjU3MWNlYzM3NTRkODI4ZmZmNDUzOTg1YjFiNGUyZTcyZGYiLCJfYXV0aF91c2VyX2lkIjoiMiIsImxvZ2luIjoiQ09MT01YIn0=','2015-07-07 11:21:54.107828'),('xxomj5mt51vc5d75rzmpgumz9qnb9wk4','MGQwNjk2ZjcwZDViMjIxNDdhNjgzZDA3NjFlNDk1OTk1NTY2NmEyMDp7fQ==','2015-07-29 10:20:02.780819'),('xygii8cwwwogy2zin8xwe4il84oj6g0p','ZTk1Y2MxMzY1ZjI3MzVlNDZjODUxODIyY2Q3MGY4MGEzYjAyMWQ4Yjp7Il9hdXRoX3VzZXJfYmFja2VuZCI6ImRqYW5nb19hdXRoX2xkYXAuYmFja2VuZC5MREFQQmFja2VuZCIsIl9hdXRoX3VzZXJfaGFzaCI6ImJiNWU2YWRmNjNhYWQ2MjQ4MDRjNGNmNzFiOTVmYzdiNjJlZmJiYzgiLCJwYXNzd29yZCI6InNtb0AyMDE1IiwibG9naW4iOiJpcHBvbGYiLCJfYXV0aF91c2VyX2lkIjoiNCIsInJvbGUiOiJBRE1JTiJ9','2015-10-14 12:52:35.467380'),('y3la514ixrfyz9g9n0158l0t2knufoen','MGQwNjk2ZjcwZDViMjIxNDdhNjgzZDA3NjFlNDk1OTk1NTY2NmEyMDp7fQ==','2015-07-01 16:18:20.534732'),('y496nvboaywf0ufky86ch95hyn2xcftm','ZGUwZWIyNmI0MDZhYWI5YzU4ZmU5ZGRiZTUzM2Y0MThkNzI5ZjIzNjp7Il9hdXRoX3VzZXJfaGFzaCI6IjJmOGQ4ZjU3MWNlYzM3NTRkODI4ZmZmNDUzOTg1YjFiNGUyZTcyZGYiLCJfYXV0aF91c2VyX2JhY2tlbmQiOiJkamFuZ29fYXV0aF9sZGFwLmJhY2tlbmQuTERBUEJhY2tlbmQiLCJfYXV0aF91c2VyX2lkIjoiMiIsImxvZ2luIjoiQ09MT01YIn0=','2015-07-06 09:43:51.346097'),('y4z7q9h8zx91sj3r2ufogjnt9h5mj4ff','MDdjNGJlYzk4MmU1OTI1ODY3NmZlNzA5MjE0OWY3NWQ4YWE5YTg3Nzp7Il9hdXRoX3VzZXJfaWQiOiI0Iiwicm9sZSI6IkFETUlOIiwibG9naW4iOiJpcHBvbGYiLCJfYXV0aF91c2VyX2JhY2tlbmQiOiJkamFuZ29fYXV0aF9sZGFwLmJhY2tlbmQuTERBUEJhY2tlbmQiLCJwYXNzd29yZCI6InNtb0AyMDE1IiwiX2F1dGhfdXNlcl9oYXNoIjoiYmI1ZTZhZGY2M2FhZDYyNDgwNGM0Y2Y3MWI5NWZjN2I2MmVmYmJjOCJ9','2015-12-09 15:49:32.475937'),('y6n4gdg8hjep7d1udnzbi4vtrhkmbmah','MGQwNjk2ZjcwZDViMjIxNDdhNjgzZDA3NjFlNDk1OTk1NTY2NmEyMDp7fQ==','2015-07-30 08:01:44.260136'),('y9j8pickjxxv2zkpuvmxozc5kt3otlbn','MGQwNjk2ZjcwZDViMjIxNDdhNjgzZDA3NjFlNDk1OTk1NTY2NmEyMDp7fQ==','2015-07-02 07:34:23.758631'),('yazthbmxks8r8i1z8e22c2l4j98etbw4','YmUwOGVlNzRhMThlNmMxODNkMzZhYWQyMTk4N2FkNmYxZjY4YzEzODp7InBhc3N3b3JkIjoic21vQDIwMTUiLCJyb2xlIjoiQURNSU4iLCJsb2dpbiI6ImNvbG9teCIsIl9hdXRoX3VzZXJfYmFja2VuZCI6ImRqYW5nb19hdXRoX2xkYXAuYmFja2VuZC5MREFQQmFja2VuZCIsIl9hdXRoX3VzZXJfaGFzaCI6IjJmOGQ4ZjU3MWNlYzM3NTRkODI4ZmZmNDUzOTg1YjFiNGUyZTcyZGYiLCJfYXV0aF91c2VyX2lkIjoiMiJ9','2015-11-13 15:46:42.285982'),('ydivzek4aortbtn94ojz1cvtc7yv6d26','MGQwNjk2ZjcwZDViMjIxNDdhNjgzZDA3NjFlNDk1OTk1NTY2NmEyMDp7fQ==','2015-09-16 10:55:54.066954'),('yehcc9fvv2e6vxcf3tpqj6yy0zdjj75m','MTgxNTdlNWUzZmViM2QxNWNlZjEzNWEwMTUzZTk1YTM0YWQzNjM2ODp7InBhc3N3b3JkIjoic21vQDIwMTUiLCJfYXV0aF91c2VyX2lkIjoiMiIsInJvbGUiOiJBRE1JTiIsIl9hdXRoX3VzZXJfaGFzaCI6IjJmOGQ4ZjU3MWNlYzM3NTRkODI4ZmZmNDUzOTg1YjFiNGUyZTcyZGYiLCJfYXV0aF91c2VyX2JhY2tlbmQiOiJkamFuZ29fYXV0aF9sZGFwLmJhY2tlbmQuTERBUEJhY2tlbmQiLCJsb2dpbiI6ImNvbG9teCJ9','2015-11-19 16:46:51.092070'),('ylo9f6ttt84rygz619cx2cihuf7w1jyp','Mzk4Nzg2YTMyMjM4NDkwYjRmYTk3ZWE2NWE1NDY0N2NiOTVkMTJlYjp7Il9hdXRoX3VzZXJfaGFzaCI6ImJiNWU2YWRmNjNhYWQ2MjQ4MDRjNGNmNzFiOTVmYzdiNjJlZmJiYzgiLCJfYXV0aF91c2VyX2lkIjoiNCIsInBhc3N3b3JkIjoic21vQDIwMTUiLCJsb2dpbiI6ImlwcG9sZiIsIl9hdXRoX3VzZXJfYmFja2VuZCI6ImRqYW5nb19hdXRoX2xkYXAuYmFja2VuZC5MREFQQmFja2VuZCIsInJvbGUiOiJBRE1JTiJ9','2015-10-21 10:57:26.960316'),('yn8iqsomywxb2ru80t1mg8osn1okllfb','MGQwNjk2ZjcwZDViMjIxNDdhNjgzZDA3NjFlNDk1OTk1NTY2NmEyMDp7fQ==','2015-08-25 10:43:17.380499'),('ypc24zjcj9ua0qfzu775w87vqe7mp1u8','MmU0YjVhYjM5NDg0MmRlYjIzZDBlYmUwZWQ1ZDRhZTdmMjE0YjU4ODp7InJvbGUiOiJBRE1JTiIsIl9hdXRoX3VzZXJfaWQiOiI0IiwiX2F1dGhfdXNlcl9oYXNoIjoiYmI1ZTZhZGY2M2FhZDYyNDgwNGM0Y2Y3MWI5NWZjN2I2MmVmYmJjOCIsIl9hdXRoX3VzZXJfYmFja2VuZCI6ImRqYW5nb19hdXRoX2xkYXAuYmFja2VuZC5MREFQQmFja2VuZCIsInBhc3N3b3JkIjoic21vQDIwMTUiLCJsb2dpbiI6ImlwcG9sZiJ9','2015-09-09 11:06:57.363018'),('ysboduusfk3bu6lwe5an5ffm689vwgsx','OWZmYzFiOGFhZTBiNTgzOWQ3YzZlYWE3NDM1NzM5Y2NmNjNiNmYwYzp7Il9hdXRoX3VzZXJfaWQiOiI0IiwiX2F1dGhfdXNlcl9iYWNrZW5kIjoiZGphbmdvX2F1dGhfbGRhcC5iYWNrZW5kLkxEQVBCYWNrZW5kIiwicm9sZSI6IkFETUlOIiwicGFzc3dvcmQiOiJzbW9AMjAxNSIsImxvZ2luIjoiaXBwb2xmIiwiX2F1dGhfdXNlcl9oYXNoIjoiYmI1ZTZhZGY2M2FhZDYyNDgwNGM0Y2Y3MWI5NWZjN2I2MmVmYmJjOCJ9','2015-12-11 15:52:05.294514'),('yscjqszagem9x2nfl3l48p6fphya8scj','MGQwNjk2ZjcwZDViMjIxNDdhNjgzZDA3NjFlNDk1OTk1NTY2NmEyMDp7fQ==','2015-10-15 13:45:23.643239'),('ysvcsopyn8o5u8mfrxsygibi1vr1fuu6','MWJkZTNlNzVhYzU2MWY4ODgyMTIwOWU3NDFlZjA0YzViYWYxM2ZhNTp7Il9hdXRoX3VzZXJfaGFzaCI6IjJmOGQ4ZjU3MWNlYzM3NTRkODI4ZmZmNDUzOTg1YjFiNGUyZTcyZGYiLCJfYXV0aF91c2VyX2lkIjoiMiIsIl9hdXRoX3VzZXJfYmFja2VuZCI6ImRqYW5nb19hdXRoX2xkYXAuYmFja2VuZC5MREFQQmFja2VuZCIsImxvZ2luIjoiQ09MT01YIn0=','2015-07-06 15:57:40.293148'),('yto5lnew8nvy815voudh9cu4qm363s4n','MGQwNjk2ZjcwZDViMjIxNDdhNjgzZDA3NjFlNDk1OTk1NTY2NmEyMDp7fQ==','2015-10-28 09:05:27.662244'),('yy87sm886u3lsc97ivey48hws7zwb2mx','MDkwODliZTIzMTQ2OGI3OWU5NmE2MjJkOGYxNjY1MjBkMjFhYzk5ZDp7Il9hdXRoX3VzZXJfaWQiOiIyIiwiX2F1dGhfdXNlcl9iYWNrZW5kIjoiZGphbmdvX2F1dGhfbGRhcC5iYWNrZW5kLkxEQVBCYWNrZW5kIiwibG9naW4iOiJjb2xvbXgiLCJwYXNzd29yZCI6InNtb0AyMDE1IiwiX2F1dGhfdXNlcl9oYXNoIjoiMmY4ZDhmNTcxY2VjMzc1NGQ4MjhmZmY0NTM5ODViMWI0ZTJlNzJkZiIsInJvbGUiOiJBRE1JTiJ9','2015-08-31 15:58:55.875675'),('z16lxz0y8ykyp4y0sqzu3tanhc1ehc2a','NjcwMzVhZWNkMTg1ODFlOWI3ZGUzOTZiYzlmOTMyNzk2NGQwMTM2NTp7Il9hdXRoX3VzZXJfaWQiOiI0IiwiX2F1dGhfdXNlcl9iYWNrZW5kIjoiZGphbmdvX2F1dGhfbGRhcC5iYWNrZW5kLkxEQVBCYWNrZW5kIiwibG9naW4iOiJJUFBPTEYiLCJfYXV0aF91c2VyX2hhc2giOiJiYjVlNmFkZjYzYWFkNjI0ODA0YzRjZjcxYjk1ZmM3YjYyZWZiYmM4In0=','2015-07-28 15:32:49.857370'),('z7dt9sh77ic4yl7qzbh7ww70hwmzd3yx','MjE1OGYwNmEwNzhmNDBhYTk2ZWFjNDVjMjAyNzA2Nzk4NWZiYjEyNjp7Il9hdXRoX3VzZXJfaWQiOiI0Iiwicm9sZSI6IkFETUlOIiwiX2F1dGhfdXNlcl9iYWNrZW5kIjoiZGphbmdvX2F1dGhfbGRhcC5iYWNrZW5kLkxEQVBCYWNrZW5kIiwicGFzc3dvcmQiOiJzbW9AMjAxNSIsIl9hdXRoX3VzZXJfaGFzaCI6ImJiNWU2YWRmNjNhYWQ2MjQ4MDRjNGNmNzFiOTVmYzdiNjJlZmJiYzgiLCJsb2dpbiI6ImlwcG9sZiJ9','2015-09-25 15:11:53.986793'),('z7ffj4mvlqdilnw225913pxz7bnytcky','MGQwNjk2ZjcwZDViMjIxNDdhNjgzZDA3NjFlNDk1OTk1NTY2NmEyMDp7fQ==','2015-10-09 13:24:16.482903'),('z8kitphaxq9dyy73qddpzgr794hiykdb','MWJkZTNlNzVhYzU2MWY4ODgyMTIwOWU3NDFlZjA0YzViYWYxM2ZhNTp7Il9hdXRoX3VzZXJfaGFzaCI6IjJmOGQ4ZjU3MWNlYzM3NTRkODI4ZmZmNDUzOTg1YjFiNGUyZTcyZGYiLCJfYXV0aF91c2VyX2lkIjoiMiIsIl9hdXRoX3VzZXJfYmFja2VuZCI6ImRqYW5nb19hdXRoX2xkYXAuYmFja2VuZC5MREFQQmFja2VuZCIsImxvZ2luIjoiQ09MT01YIn0=','2015-07-28 07:48:19.766067'),('zal15ri2e8uj6ie2d16e7ox05ffrqudt','ZmFmMzcxMTQwNTEzZGFmMTRlYzUyOWVlMzVkMzVlZTU0YzRkNTM1Yjp7Il9hdXRoX3VzZXJfYmFja2VuZCI6ImRqYW5nb19hdXRoX2xkYXAuYmFja2VuZC5MREFQQmFja2VuZCIsImxvZ2luIjoiQ09MT01YIiwiX2F1dGhfdXNlcl9oYXNoIjoiMmY4ZDhmNTcxY2VjMzc1NGQ4MjhmZmY0NTM5ODViMWI0ZTJlNzJkZiIsIl9hdXRoX3VzZXJfaWQiOiIyIn0=','2015-07-13 10:09:13.769815'),('zdx5iwmcshiwbjxsz30s5vvn8lsu1156','NzI5MTE5ZTZjNzZlOGUzNGQ1YTEyOTI3NGNlMmRjYWM4MmE3ODYyMDp7InJvbGUiOiJBRE1JTiIsIl9hdXRoX3VzZXJfYmFja2VuZCI6ImRqYW5nb19hdXRoX2xkYXAuYmFja2VuZC5MREFQQmFja2VuZCIsImxvZ2luIjoiaXBwb2xmIiwiX2F1dGhfdXNlcl9pZCI6IjQiLCJfYXV0aF91c2VyX2hhc2giOiJiYjVlNmFkZjYzYWFkNjI0ODA0YzRjZjcxYjk1ZmM3YjYyZWZiYmM4IiwicGFzc3dvcmQiOiJzbW9AMjAxNSJ9','2015-11-05 16:59:39.314513'),('zfl33o6k7ho7xaaa30fw6683nu0r0m5g','NGYyOTA3NzhmOTQyM2QxNzZiODUxNjM2MWQ0NDE1ZWI1Y2Q5YzhjODp7Il9hdXRoX3VzZXJfaGFzaCI6IjJmOGQ4ZjU3MWNlYzM3NTRkODI4ZmZmNDUzOTg1YjFiNGUyZTcyZGYiLCJfYXV0aF91c2VyX2lkIjoiMiIsInJvbGUiOiJBRE1JTiIsInBhc3N3b3JkIjoic21vQDIwMTUiLCJsb2dpbiI6ImNvbG9teCIsIl9hdXRoX3VzZXJfYmFja2VuZCI6ImRqYW5nb19hdXRoX2xkYXAuYmFja2VuZC5MREFQQmFja2VuZCJ9','2015-08-28 10:48:38.685773'),('zio4s5xptcl0ke7hrfnas6xh2q3asb9g','MzU5ODMzNDZjNjY4MTgzM2QyN2M3YjQwYzA1YmQzZGY4NDQ0Y2E3Yjp7ImxvZ2luIjoiSVBQT0xGIiwiX2F1dGhfdXNlcl9oYXNoIjoiYmI1ZTZhZGY2M2FhZDYyNDgwNGM0Y2Y3MWI5NWZjN2I2MmVmYmJjOCIsIl9hdXRoX3VzZXJfaWQiOiI0IiwiX2F1dGhfdXNlcl9iYWNrZW5kIjoiZGphbmdvX2F1dGhfbGRhcC5iYWNrZW5kLkxEQVBCYWNrZW5kIn0=','2015-07-29 14:31:40.071488'),('zma6xj5cnkaqo43dtsl0bzkd6zddmzce','YjQzOTJlNzBjYzVhZTZjNzZjYmEzMWMwN2U5MjRiODc2NTI4ZDdiYTp7Il9hdXRoX3VzZXJfYmFja2VuZCI6ImRqYW5nb19hdXRoX2xkYXAuYmFja2VuZC5MREFQQmFja2VuZCIsImxvZ2luIjoiQ09MT01YIiwiX2F1dGhfdXNlcl9pZCI6IjIiLCJfYXV0aF91c2VyX2hhc2giOiIyZjhkOGY1NzFjZWMzNzU0ZDgyOGZmZjQ1Mzk4NWIxYjRlMmU3MmRmIn0=','2015-06-23 10:58:01.188121'),('zmkqvxnpg8yzx82ajacchmz5v13mc7zl','Y2U0NTZlOTI0NGI1MWJlN2ZiYzhiZWExYTQzOGU4OGJiN2UwYzkzZjp7Il9hdXRoX3VzZXJfaGFzaCI6IjJmOGQ4ZjU3MWNlYzM3NTRkODI4ZmZmNDUzOTg1YjFiNGUyZTcyZGYiLCJyb2xlIjoiQURNSU4iLCJfYXV0aF91c2VyX2lkIjoiMiIsImxvZ2luIjoiY29sb214IiwicGFzc3dvcmQiOiJzbW9AMjAxNSIsIl9hdXRoX3VzZXJfYmFja2VuZCI6ImRqYW5nb19hdXRoX2xkYXAuYmFja2VuZC5MREFQQmFja2VuZCJ9','2015-11-18 16:59:01.295830'),('zmprbeo0ryjnf92zd211t7iailxp1949','MGQwNjk2ZjcwZDViMjIxNDdhNjgzZDA3NjFlNDk1OTk1NTY2NmEyMDp7fQ==','2015-06-26 10:58:31.592418'),('zo53vf3leeph04n6mmq9osdxzb9ngqp3','ODcxODgyNDhiODA4NmVlZjg5MjdjZmE3ZTc2ZWE1NTkwZDg2NDQyYzp7ImxvZ2luIjoiaXBwb2xmIiwicGFzc3dvcmQiOiJzbW9AMjAxNSIsInJvbGUiOiJBRE1JTiIsIl9hdXRoX3VzZXJfYmFja2VuZCI6ImRqYW5nb19hdXRoX2xkYXAuYmFja2VuZC5MREFQQmFja2VuZCIsIl9hdXRoX3VzZXJfaGFzaCI6ImJiNWU2YWRmNjNhYWQ2MjQ4MDRjNGNmNzFiOTVmYzdiNjJlZmJiYzgiLCJfYXV0aF91c2VyX2lkIjoiNCJ9','2015-12-09 11:30:12.193784'),('zrs3otjih4ua4qfpvowurryuarwf28ba','ZDU5MjU5Zjg5MmFiMmU3Njk1YmE1YzIyYzQyNWNlODYwN2M0YWFiODp7ImxvZ2luIjoiQ09MT01YIiwiX2F1dGhfdXNlcl9iYWNrZW5kIjoiZGphbmdvX2F1dGhfbGRhcC5iYWNrZW5kLkxEQVBCYWNrZW5kIiwiX2F1dGhfdXNlcl9oYXNoIjoiMmY4ZDhmNTcxY2VjMzc1NGQ4MjhmZmY0NTM5ODViMWI0ZTJlNzJkZiIsIl9hdXRoX3VzZXJfaWQiOiIyIn0=','2015-06-22 16:49:15.660534'),('zxnjen9ecv3ixqzy24sj2mwerxlk7ug5','ZGUwZWIyNmI0MDZhYWI5YzU4ZmU5ZGRiZTUzM2Y0MThkNzI5ZjIzNjp7Il9hdXRoX3VzZXJfaGFzaCI6IjJmOGQ4ZjU3MWNlYzM3NTRkODI4ZmZmNDUzOTg1YjFiNGUyZTcyZGYiLCJfYXV0aF91c2VyX2JhY2tlbmQiOiJkamFuZ29fYXV0aF9sZGFwLmJhY2tlbmQuTERBUEJhY2tlbmQiLCJfYXV0aF91c2VyX2lkIjoiMiIsImxvZ2luIjoiQ09MT01YIn0=','2015-07-20 09:31:21.247221'),('zzhgmigmyebdgux5fgntnqdxbamjeeg8','YmY2MzUyMjBhNzhiY2UzMmI5NDExMmYxYjRmNDYxZTFmMWUzNGUxNzp7Il9hdXRoX3VzZXJfYmFja2VuZCI6ImRqYW5nb19hdXRoX2xkYXAuYmFja2VuZC5MREFQQmFja2VuZCIsIl9hdXRoX3VzZXJfaGFzaCI6IjJmOGQ4ZjU3MWNlYzM3NTRkODI4ZmZmNDUzOTg1YjFiNGUyZTcyZGYiLCJsb2dpbiI6IkNPTE9NWCIsIl9hdXRoX3VzZXJfaWQiOiIyIn0=','2015-07-20 14:32:52.396699');
/*!40000 ALTER TABLE `django_session` ENABLE KEYS */;
UNLOCK TABLES;
/*!40103 SET TIME_ZONE=@OLD_TIME_ZONE */;

/*!40101 SET SQL_MODE=@OLD_SQL_MODE */;
/*!40014 SET FOREIGN_KEY_CHECKS=@OLD_FOREIGN_KEY_CHECKS */;
/*!40014 SET UNIQUE_CHECKS=@OLD_UNIQUE_CHECKS */;
/*!40101 SET CHARACTER_SET_CLIENT=@OLD_CHARACTER_SET_CLIENT */;
/*!40101 SET CHARACTER_SET_RESULTS=@OLD_CHARACTER_SET_RESULTS */;
/*!40101 SET COLLATION_CONNECTION=@OLD_COLLATION_CONNECTION */;
/*!40111 SET SQL_NOTES=@OLD_SQL_NOTES */;

-- Dump completed on 2015-12-18  9:17:30
